ISO-10303-21;
HEADER;
FILE_DESCRIPTION(('Open CASCADE Model'),'2;1');
FILE_NAME('Open CASCADE Shape Model','2026-09-17T13:34:13',('Author'),(
    'Open CASCADE'),'Open CASCADE STEP processor 7.8','Open CASCADE 7.8'
  ,'Unknown');
FILE_SCHEMA(('AUTOMOTIVE_DESIGN { 1 0 10303 214 1 1 1 1 }'));
ENDSEC;
DATA;
#1 = APPLICATION_PROTOCOL_DEFINITION('international standard',
  'automotive_design',2000,#2);
#2 = APPLICATION_CONTEXT(
  'core data for automotive mechanical design processes');
#3 = SHAPE_DEFINITION_REPRESENTATION(#4,#10);
#4 = PRODUCT_DEFINITION_SHAPE('','',#5);
#5 = PRODUCT_DEFINITION('design','',#6,#9);
#6 = PRODUCT_DEFINITION_FORMATION('','',#7);
#7 = PRODUCT('Open CASCADE STEP translator 7.8 1',
  'Open CASCADE STEP translator 7.8 1','',(#8));
#8 = PRODUCT_CONTEXT('',#2,'mechanical');
#9 = PRODUCT_DEFINITION_CONTEXT('part definition',#2,'design');
#10 = ADVANCED_BREP_SHAPE_REPRESENTATION('',(#11,#15),#11675);
#11 = AXIS2_PLACEMENT_3D('',#12,#13,#14);
#12 = CARTESIAN_POINT('',(0.,0.,0.));
#13 = DIRECTION('',(0.,0.,1.));
#14 = DIRECTION('',(1.,0.,-0.));
#15 = MANIFOLD_SOLID_BREP('',#16);
#16 = CLOSED_SHELL('',(#17,#109,#113,#168,#8132,#8209,#8287,#8364,#8413,
    #8462,#8511,#8560,#8637,#8715,#8792,#8841,#8890,#8939,#8988,#9065,
    #9114,#9164,#9236,#9263,#9312,#9362,#9434,#9461,#9510,#9560,#9632,
    #9659,#9708,#9758,#9808,#9857,#9906,#9956,#10007,#10057,#10106,
    #10155,#10205,#10255,#10304,#10354,#10426,#10453,#10502,#10552,
    #10624,#10651,#10700,#10750,#10822,#10849,#10898,#10948,#10998,
    #11047,#11096,#11146,#11197,#11247,#11296,#11345,#11373,#11459,
    #11518,#11557,#11612,#11671));
#17 = ADVANCED_FACE('',(#18),#31,.T.);
#18 = FACE_BOUND('',#19,.T.);
#19 = EDGE_LOOP('',(#20,#58,#81,#108));
#20 = ORIENTED_EDGE('',*,*,#21,.T.);
#21 = EDGE_CURVE('',#22,#22,#24,.T.);
#22 = VERTEX_POINT('',#23);
#23 = CARTESIAN_POINT('',(1.186828413324E-13,1.70000005,-13.0000003514)
  );
#24 = SURFACE_CURVE('',#25,(#30,#42),.PCURVE_S1.);
#25 = CIRCLE('',#26,1.7);
#26 = AXIS2_PLACEMENT_3D('',#27,#28,#29);
#27 = CARTESIAN_POINT('',(1.191824416935E-13,4.999990765864E-08,
    -13.0000003514));
#28 = DIRECTION('',(-3.395976310618E-15,2.612289469706E-16,1.));
#29 = DIRECTION('',(-4.571506571986E-16,1.,-2.612289469706E-16));
#30 = PCURVE('',#31,#36);
#31 = CONICAL_SURFACE('',#32,1.7,0.785398163397);
#32 = AXIS2_PLACEMENT_3D('',#33,#34,#35);
#33 = CARTESIAN_POINT('',(1.195155086009E-13,4.999990765864E-08,
    -13.0000003514));
#34 = DIRECTION('',(-3.431321225571E-15,9.104279154523E-17,1.));
#35 = DIRECTION('',(-4.996003610813E-16,1.,-9.104279154523E-17));
#36 = DEFINITIONAL_REPRESENTATION('',(#37),#41);
#37 = LINE('',#38,#39);
#38 = CARTESIAN_POINT('',(0.,0.));
#39 = VECTOR('',#40,1.);
#40 = DIRECTION('',(1.,-0.));
#41 = ( GEOMETRIC_REPRESENTATION_CONTEXT(2) 
PARAMETRIC_REPRESENTATION_CONTEXT() REPRESENTATION_CONTEXT('2D SPACE',''
  ) );
#42 = PCURVE('',#43,#48);
#43 = PLANE('',#44);
#44 = AXIS2_PLACEMENT_3D('',#45,#46,#47);
#45 = CARTESIAN_POINT('',(1.195155086009E-13,4.999990771415E-08,
    -13.0000003514));
#46 = DIRECTION('',(3.431321225571E-15,-9.104279154523E-17,-1.));
#47 = DIRECTION('',(4.996003610813E-16,-1.,9.104279154523E-17));
#48 = DEFINITIONAL_REPRESENTATION('',(#49),#57);
#49 = ( BOUNDED_CURVE() B_SPLINE_CURVE(2,(#50,#51,#52,#53,#54,#55,#56),
.UNSPECIFIED.,.T.,.F.) B_SPLINE_CURVE_WITH_KNOTS((1,2,2,2,2,1),(
    -2.094395102393,0.,2.094395102393,4.188790204786,6.28318530718,
8.377580409573),.UNSPECIFIED.) CURVE() GEOMETRIC_REPRESENTATION_ITEM() 
RATIONAL_B_SPLINE_CURVE((1.,0.5,1.,0.5,1.,0.5,1.)) REPRESENTATION_ITEM(
  '') );
#50 = CARTESIAN_POINT('',(-1.7,3.164135620182E-16));
#51 = CARTESIAN_POINT('',(-1.7,2.944486372867));
#52 = CARTESIAN_POINT('',(0.85,1.472243186434));
#53 = CARTESIAN_POINT('',(3.4,9.492869635302E-16));
#54 = CARTESIAN_POINT('',(0.85,-1.472243186434));
#55 = CARTESIAN_POINT('',(-1.7,-2.944486372867));
#56 = CARTESIAN_POINT('',(-1.7,3.164135620182E-16));
#57 = ( GEOMETRIC_REPRESENTATION_CONTEXT(2) 
PARAMETRIC_REPRESENTATION_CONTEXT() REPRESENTATION_CONTEXT('2D SPACE',''
  ) );
#58 = ORIENTED_EDGE('',*,*,#59,.T.);
#59 = EDGE_CURVE('',#22,#60,#62,.T.);
#60 = VERTEX_POINT('',#61);
#61 = CARTESIAN_POINT('',(1.175171071566E-13,2.00000005,-12.7000003514)
  );
#62 = SEAM_CURVE('',#63,(#67,#74),.PCURVE_S1.);
#63 = LINE('',#64,#65);
#64 = CARTESIAN_POINT('',(1.186273301812E-13,1.70000005,-13.0000003514)
  );
#65 = VECTOR('',#66,1.);
#66 = DIRECTION('',(-2.779581310235E-15,0.707106781187,0.707106781187));
#67 = PCURVE('',#31,#68);
#68 = DEFINITIONAL_REPRESENTATION('',(#69),#73);
#69 = LINE('',#70,#71);
#70 = CARTESIAN_POINT('',(6.28318530718,0.));
#71 = VECTOR('',#72,1.);
#72 = DIRECTION('',(0.,1.));
#73 = ( GEOMETRIC_REPRESENTATION_CONTEXT(2) 
PARAMETRIC_REPRESENTATION_CONTEXT() REPRESENTATION_CONTEXT('2D SPACE',''
  ) );
#74 = PCURVE('',#31,#75);
#75 = DEFINITIONAL_REPRESENTATION('',(#76),#80);
#76 = LINE('',#77,#78);
#77 = CARTESIAN_POINT('',(0.,0.));
#78 = VECTOR('',#79,1.);
#79 = DIRECTION('',(0.,1.));
#80 = ( GEOMETRIC_REPRESENTATION_CONTEXT(2) 
PARAMETRIC_REPRESENTATION_CONTEXT() REPRESENTATION_CONTEXT('2D SPACE',''
  ) );
#81 = ORIENTED_EDGE('',*,*,#82,.T.);
#82 = EDGE_CURVE('',#60,#60,#83,.T.);
#83 = SURFACE_CURVE('',#84,(#89,#96),.PCURVE_S1.);
#84 = CIRCLE('',#85,2.);
#85 = AXIS2_PLACEMENT_3D('',#86,#87,#88);
#86 = CARTESIAN_POINT('',(1.186828413324E-13,4.999990782517E-08,
    -12.7000003514));
#87 = DIRECTION('',(3.330669073875E-15,-2.22044604925E-16,-1.));
#88 = DIRECTION('',(-4.718447854657E-16,1.,-2.22044604925E-16));
#89 = PCURVE('',#31,#90);
#90 = DEFINITIONAL_REPRESENTATION('',(#91),#95);
#91 = LINE('',#92,#93);
#92 = CARTESIAN_POINT('',(6.28318530718,0.3));
#93 = VECTOR('',#94,1.);
#94 = DIRECTION('',(-1.,-0.));
#95 = ( GEOMETRIC_REPRESENTATION_CONTEXT(2) 
PARAMETRIC_REPRESENTATION_CONTEXT() REPRESENTATION_CONTEXT('2D SPACE',''
  ) );
#96 = PCURVE('',#97,#102);
#97 = CYLINDRICAL_SURFACE('',#98,2.);
#98 = AXIS2_PLACEMENT_3D('',#99,#100,#101);
#99 = CARTESIAN_POINT('',(1.195155086009E-13,4.999990765864E-08,
    -13.0000003514));
#100 = DIRECTION('',(-3.431321225571E-15,9.104279154523E-17,1.));
#101 = DIRECTION('',(-4.996003610813E-16,1.,-9.104279154523E-17));
#102 = DEFINITIONAL_REPRESENTATION('',(#103),#107);
#103 = LINE('',#104,#105);
#104 = CARTESIAN_POINT('',(6.28318530718,0.3));
#105 = VECTOR('',#106,1.);
#106 = DIRECTION('',(-1.,-0.));
#107 = ( GEOMETRIC_REPRESENTATION_CONTEXT(2) 
PARAMETRIC_REPRESENTATION_CONTEXT() REPRESENTATION_CONTEXT('2D SPACE',''
  ) );
#108 = ORIENTED_EDGE('',*,*,#59,.F.);
#109 = ADVANCED_FACE('',(#110),#43,.T.);
#110 = FACE_BOUND('',#111,.T.);
#111 = EDGE_LOOP('',(#112));
#112 = ORIENTED_EDGE('',*,*,#21,.F.);
#113 = ADVANCED_FACE('',(#114),#97,.T.);
#114 = FACE_BOUND('',#115,.T.);
#115 = EDGE_LOOP('',(#116,#117,#140,#167));
#116 = ORIENTED_EDGE('',*,*,#82,.F.);
#117 = ORIENTED_EDGE('',*,*,#118,.T.);
#118 = EDGE_CURVE('',#60,#119,#121,.T.);
#119 = VERTEX_POINT('',#120);
#120 = CARTESIAN_POINT('',(8.937295348233E-14,2.00000005,-4.5000003514)
  );
#121 = SEAM_CURVE('',#122,(#126,#133),.PCURVE_S1.);
#122 = LINE('',#123,#124);
#123 = CARTESIAN_POINT('',(1.185163078787E-13,2.00000005,-13.0000003514)
  );
#124 = VECTOR('',#125,1.);
#125 = DIRECTION('',(-3.431321225571E-15,9.104279154523E-17,1.));
#126 = PCURVE('',#97,#127);
#127 = DEFINITIONAL_REPRESENTATION('',(#128),#132);
#128 = LINE('',#129,#130);
#129 = CARTESIAN_POINT('',(6.28318530718,0.));
#130 = VECTOR('',#131,1.);
#131 = DIRECTION('',(0.,1.));
#132 = ( GEOMETRIC_REPRESENTATION_CONTEXT(2) 
PARAMETRIC_REPRESENTATION_CONTEXT() REPRESENTATION_CONTEXT('2D SPACE',''
  ) );
#133 = PCURVE('',#97,#134);
#134 = DEFINITIONAL_REPRESENTATION('',(#135),#139);
#135 = LINE('',#136,#137);
#136 = CARTESIAN_POINT('',(0.,0.));
#137 = VECTOR('',#138,1.);
#138 = DIRECTION('',(0.,1.));
#139 = ( GEOMETRIC_REPRESENTATION_CONTEXT(2) 
PARAMETRIC_REPRESENTATION_CONTEXT() REPRESENTATION_CONTEXT('2D SPACE',''
  ) );
#140 = ORIENTED_EDGE('',*,*,#141,.T.);
#141 = EDGE_CURVE('',#119,#119,#142,.T.);
#142 = SURFACE_CURVE('',#143,(#148,#155),.PCURVE_S1.);
#143 = CIRCLE('',#144,2.);
#144 = AXIS2_PLACEMENT_3D('',#145,#146,#147);
#145 = CARTESIAN_POINT('',(9.059419880941E-14,4.999990882437E-08,
    -4.5000003514));
#146 = DIRECTION('',(3.552713678801E-15,1.673426686484E-30,-1.));
#147 = DIRECTION('',(-4.996003610813E-16,1.,-1.015103502631E-31));
#148 = PCURVE('',#97,#149);
#149 = DEFINITIONAL_REPRESENTATION('',(#150),#154);
#150 = LINE('',#151,#152);
#151 = CARTESIAN_POINT('',(6.28318530718,8.5));
#152 = VECTOR('',#153,1.);
#153 = DIRECTION('',(-1.,-0.));
#154 = ( GEOMETRIC_REPRESENTATION_CONTEXT(2) 
PARAMETRIC_REPRESENTATION_CONTEXT() REPRESENTATION_CONTEXT('2D SPACE',''
  ) );
#155 = PCURVE('',#156,#161);
#156 = PLANE('',#157);
#157 = AXIS2_PLACEMENT_3D('',#158,#159,#160);
#158 = CARTESIAN_POINT('',(9.109379917049E-14,4.999990960153E-08,
    -4.5000003514));
#159 = DIRECTION('',(3.431321225571E-15,-9.104279154523E-17,-1.));
#160 = DIRECTION('',(4.996003610813E-16,-1.,9.104279154523E-17));
#161 = DEFINITIONAL_REPRESENTATION('',(#162),#166);
#162 = CIRCLE('',#163,2.);
#163 = AXIS2_PLACEMENT_2D('',#164,#165);
#164 = CARTESIAN_POINT('',(7.771561172376E-16,4.996003610813E-16));
#165 = DIRECTION('',(-1.,-8.203338954611E-32));
#166 = ( GEOMETRIC_REPRESENTATION_CONTEXT(2) 
PARAMETRIC_REPRESENTATION_CONTEXT() REPRESENTATION_CONTEXT('2D SPACE',''
  ) );
#167 = ORIENTED_EDGE('',*,*,#118,.F.);
#168 = ADVANCED_FACE('',(#169,#172),#156,.T.);
#169 = FACE_BOUND('',#170,.T.);
#170 = EDGE_LOOP('',(#171));
#171 = ORIENTED_EDGE('',*,*,#141,.F.);
#172 = FACE_BOUND('',#173,.T.);
#173 = EDGE_LOOP('',(#174,#576,#604,#632,#660,#688,#1088,#1116,#1511,
    #1539,#1567,#1595,#1628,#2023,#2051,#2079,#2107,#2140,#2535,#2563,
    #2591,#2619,#2647,#2680,#3075,#3103,#3503,#3531,#3559,#3587,#3615,
    #3643,#4043,#4071,#4099,#4127,#4155,#4555,#4583,#4611,#4639,#4667,
    #5067,#5095,#5490,#5518,#5546,#5574,#5607,#6002,#6030,#6058,#6086,
    #6119,#6514,#6542,#6570,#6598,#6626,#6659,#7054,#7082,#7482,#7510,
    #7538,#7566,#7594,#7622,#8022,#8050,#8078,#8106));
#174 = ORIENTED_EDGE('',*,*,#175,.T.);
#175 = EDGE_CURVE('',#176,#178,#180,.T.);
#176 = VERTEX_POINT('',#177);
#177 = CARTESIAN_POINT('',(5.288545608564E-02,-2.54597914914,
    -4.5000001757));
#178 = VERTEX_POINT('',#179);
#179 = CARTESIAN_POINT('',(-9.518118877042E-02,-2.998489660063,
    -4.5000003514));
#180 = SURFACE_CURVE('',#181,(#309,#440),.PCURVE_S1.);
#181 = B_SPLINE_CURVE_WITH_KNOTS('',3,(#182,#183,#184,#185,#186,#187,
    #188,#189,#190,#191,#192,#193,#194,#195,#196,#197,#198,#199,#200,
    #201,#202,#203,#204,#205,#206,#207,#208,#209,#210,#211,#212,#213,
    #214,#215,#216,#217,#218,#219,#220,#221,#222,#223,#224,#225,#226,
    #227,#228,#229,#230,#231,#232,#233,#234,#235,#236,#237,#238,#239,
    #240,#241,#242,#243,#244,#245,#246,#247,#248,#249,#250,#251,#252,
    #253,#254,#255,#256,#257,#258,#259,#260,#261,#262,#263,#264,#265,
    #266,#267,#268,#269,#270,#271,#272,#273,#274,#275,#276,#277,#278,
    #279,#280,#281,#282,#283,#284,#285,#286,#287,#288,#289,#290,#291,
    #292,#293,#294,#295,#296,#297,#298,#299,#300,#301,#302,#303,#304,
    #305,#306,#307,#308),.UNSPECIFIED.,.F.,.F.,(4,1,1,1,1,1,1,1,1,1,1,1,
    1,1,1,1,1,1,1,1,1,1,1,1,1,1,1,1,1,1,1,1,1,1,1,1,1,1,1,1,1,1,1,1,1,1,
    1,1,1,1,1,1,1,1,1,1,1,1,1,1,1,1,1,1,1,1,1,1,1,1,1,1,1,1,1,1,1,1,1,1,
    1,1,1,1,1,1,1,1,1,1,1,1,1,1,1,1,1,1,1,1,1,1,1,1,1,1,1,1,1,1,1,1,1,1,
    1,1,1,1,1,1,1,1,1,1,4),(0.,3.825348486101E-02,5.430853348674E-02,
    6.675617629157E-02,7.735884378815E-02,8.679755798888E-02,
    9.542083346997E-02,0.103435317105,0.110975441185,0.118134466631,
    0.124980232214,0.131563916605,0.137925263337,0.144095870271,
    0.150101352936,0.155962819326,0.16169790603,0.167321525098,
    0.172846414439,0.178283551377,0.18364246875,0.188931500289,
    0.194157973749,0.199328364902,0.20444842177,0.209523265982,
    0.214557476318,0.219555158251,0.224520002363,0.229455333832,
    0.234364154694,0.239249180184,0.244112870201,0.248957456702,
    0.253784967687,0.258597248282,0.263395979354,0.268182693996,
    0.272958792175,0.27772555377,0.282484150212,0.287235654883,
    0.291981052431,0.296721247119,0.301457070315,0.306189287223,
    0.310919293077,0.315655371856,0.320399980632,0.32515309033,
    0.329914691623,0.33468478033,0.339463354215,0.344250411941,
    0.349045952647,0.353849975744,0.358662480811,0.363483467539,
    0.368312935692,0.373150885086,0.377997315577,0.382852227048,
    0.387715619403,0.392587492562,0.397467846459,0.402356681039,
    0.407253996253,0.41215979206,0.417074068425,0.421996825315,
    0.426928062704,0.431867780568,0.436815978885,0.441772657636,
    0.446737816804,0.451711456374,0.456693576332,0.461684176666,
    0.466683257364,0.471690818415,0.476706859811,0.481731381543,
    0.486764383603,0.491805865984,0.496855828678,0.50191427168,
    0.506981194984,0.512056598584,0.517140482477,0.522232846656,
    0.527333691118,0.532443015859,0.537560820874,0.542687106161,
    0.547821871717,0.552965117537,0.55811684362,0.563277049962,
    0.56844573656,0.573622903413,0.578808550518,0.584002677873,
    0.589205285476,0.594416373325,0.599635941417,0.604863989752,
    0.610100518327,0.615345527141,0.620599016193,0.62586098548,
    0.631131435002,0.636410364758,0.641697774745,0.646993664963,
    0.652298035411,0.657610886087,0.66293221699,0.668262028121,
    0.673600319476,0.678947091057,0.684302342861,0.689666074887,
    0.695038287136,0.700418979606,0.700983298372),.UNSPECIFIED.);
#182 = CARTESIAN_POINT('',(0.208582479025,-2.409488609331,-4.5000003514)
  );
#183 = CARTESIAN_POINT('',(0.195814407252,-2.410578502652,-4.5000003514)
  );
#184 = CARTESIAN_POINT('',(0.177945602693,-2.4142776469,-4.5000003514));
#185 = CARTESIAN_POINT('',(0.15713910076,-2.422256414883,-4.5000003514)
  );
#186 = CARTESIAN_POINT('',(0.145398445547,-2.427947226597,-4.5000003514)
  );
#187 = CARTESIAN_POINT('',(0.135991494549,-2.43332696978,-4.5000003514)
  );
#188 = CARTESIAN_POINT('',(0.127985964934,-2.438551873872,-4.5000003514)
  );
#189 = CARTESIAN_POINT('',(0.12096300966,-2.443679642339,-4.5000003514)
  );
#190 = CARTESIAN_POINT('',(0.114686373314,-2.44873942722,-4.5000003514)
  );
#191 = CARTESIAN_POINT('',(0.109005870863,-2.453748395035,-4.5000003514)
  );
#192 = CARTESIAN_POINT('',(0.103818457492,-2.458717710033,-4.5000003514)
  );
#193 = CARTESIAN_POINT('',(9.904953811263E-02,-2.463655127127,
    -4.5000003514));
#194 = CARTESIAN_POINT('',(9.464290231526E-02,-2.468566300675,
    -4.5000003514));
#195 = CARTESIAN_POINT('',(9.055484601256E-02,-2.473455506451,
    -4.5000003514));
#196 = CARTESIAN_POINT('',(8.675052012745E-02,-2.478326071488,
    -4.5000003514));
#197 = CARTESIAN_POINT('',(8.320155059774E-02,-2.483180644426,
    -4.5000003514));
#198 = CARTESIAN_POINT('',(7.988442541208E-02,-2.488021373566,
    -4.5000003514));
#199 = CARTESIAN_POINT('',(7.677936582009E-02,-2.492850028557,
    -4.5000003514));
#200 = CARTESIAN_POINT('',(7.386951480799E-02,-2.497668086169,
    -4.5000003514));
#201 = CARTESIAN_POINT('',(7.114034020527E-02,-2.5024767924,
    -4.5000003514));
#202 = CARTESIAN_POINT('',(6.857918695043E-02,-2.507277208452,
    -4.5000003514));
#203 = CARTESIAN_POINT('',(6.617493552483E-02,-2.512070245472,
    -4.5000003514));
#204 = CARTESIAN_POINT('',(6.391773744068E-02,-2.516856691234,
    -4.5000003514));
#205 = CARTESIAN_POINT('',(6.179880774806E-02,-2.521637230969,
    -4.5000003514));
#206 = CARTESIAN_POINT('',(5.981026033531E-02,-2.526412463847,
    -4.5000003514));
#207 = CARTESIAN_POINT('',(5.794497581404E-02,-2.53118291617,
    -4.5000003514));
#208 = CARTESIAN_POINT('',(5.619649451707E-02,-2.535949052068,
    -4.5000003514));
#209 = CARTESIAN_POINT('',(5.45589290436E-02,-2.540711282236,
    -4.5000003514));
#210 = CARTESIAN_POINT('',(5.302689216923E-02,-2.545469971163,
    -4.5000003514));
#211 = CARTESIAN_POINT('',(5.159543692671E-02,-2.550225443136,
    -4.5000003514));
#212 = CARTESIAN_POINT('',(5.026000640126E-02,-2.554977987297,
    -4.5000003514));
#213 = CARTESIAN_POINT('',(4.901639133198E-02,-2.5597278619,
    -4.5000003514));
#214 = CARTESIAN_POINT('',(4.786069402517E-02,-2.564475297949,
    -4.5000003514));
#215 = CARTESIAN_POINT('',(4.678929740499E-02,-2.569220502306,
    -4.5000003514));
#216 = CARTESIAN_POINT('',(4.579883826809E-02,-2.573963660371,
    -4.5000003514));
#217 = CARTESIAN_POINT('',(4.488618401564E-02,-2.578704938399,
    -4.5000003514));
#218 = CARTESIAN_POINT('',(4.404841222189E-02,-2.583444485525,
    -4.5000003514));
#219 = CARTESIAN_POINT('',(4.328279275874E-02,-2.588182435529,
    -4.5000003514));
#220 = CARTESIAN_POINT('',(4.258677137942E-02,-2.592918908372,
    -4.5000003514));
#221 = CARTESIAN_POINT('',(4.195795712017E-02,-2.597654011628,
    -4.5000003514));
#222 = CARTESIAN_POINT('',(4.139410335553E-02,-2.602387841441,
    -4.5000003514));
#223 = CARTESIAN_POINT('',(4.089311919598E-02,-2.607120484524,
    -4.5000003514));
#224 = CARTESIAN_POINT('',(4.045297374429E-02,-2.611852015671,
    -4.5000003514));
#225 = CARTESIAN_POINT('',(4.007200436184E-02,-2.61658251141,
    -4.5000003514));
#226 = CARTESIAN_POINT('',(3.974772448151E-02,-2.621312003079,
    -4.5000003514));
#227 = CARTESIAN_POINT('',(3.9481225868E-02,-2.626040655171,
    -4.5000003514));
#228 = CARTESIAN_POINT('',(3.926072377617E-02,-2.630768333574,
    -4.5000003514));
#229 = CARTESIAN_POINT('',(3.912278129727E-02,-2.635499389196,
    -4.5000003514));
#230 = CARTESIAN_POINT('',(3.884155761984E-02,-2.64022858993,
    -4.5000003514));
#231 = CARTESIAN_POINT('',(3.846226459318E-02,-2.644958215582,
    -4.5000003514));
#232 = CARTESIAN_POINT('',(3.799991169758E-02,-2.649689004374,
    -4.5000003514));
#233 = CARTESIAN_POINT('',(3.746568405665E-02,-2.654420694781,
    -4.5000003514));
#234 = CARTESIAN_POINT('',(3.686664159802E-02,-2.659153152214,
    -4.5000003514));
#235 = CARTESIAN_POINT('',(3.62081627401E-02,-2.663886251801,
    -4.5000003514));
#236 = CARTESIAN_POINT('',(3.549436922399E-02,-2.668619892043,
    -4.5000003514));
#237 = CARTESIAN_POINT('',(3.472858495153E-02,-2.673353982233,
    -4.5000003514));
#238 = CARTESIAN_POINT('',(3.391354853799E-02,-2.678088440725,
    -4.5000003514));
#239 = CARTESIAN_POINT('',(3.305156781381E-02,-2.682823192203,
    -4.5000003514));
#240 = CARTESIAN_POINT('',(3.214461914743E-02,-2.687558166299,
    -4.5000003514));
#241 = CARTESIAN_POINT('',(3.119441859766E-02,-2.692293296499,
    -4.5000003514));
#242 = CARTESIAN_POINT('',(3.020247315686E-02,-2.697028519384,
    -4.5000003514));
#243 = CARTESIAN_POINT('',(2.917011904651E-02,-2.701763774056,
    -4.5000003514));
#244 = CARTESIAN_POINT('',(2.809855088408E-02,-2.706499001702,
    -4.5000003514));
#245 = CARTESIAN_POINT('',(2.698884436364E-02,-2.711234145258,
    -4.5000003514));
#246 = CARTESIAN_POINT('',(2.584197418269E-02,-2.71596914914,
    -4.5000003514));
#247 = CARTESIAN_POINT('',(2.465882842437E-02,-2.720703959029,
    -4.5000003514));
#248 = CARTESIAN_POINT('',(2.344022024442E-02,-2.725438521699,
    -4.5000003514));
#249 = CARTESIAN_POINT('',(2.218689747996E-02,-2.730172784873,
    -4.5000003514));
#250 = CARTESIAN_POINT('',(2.089955062914E-02,-2.734906697103,
    -4.5000003514));
#251 = CARTESIAN_POINT('',(1.957881954152E-02,-2.739640207671,
    -4.5000003514));
#252 = CARTESIAN_POINT('',(1.822529907299E-02,-2.744373266507,
    -4.5000003514));
#253 = CARTESIAN_POINT('',(1.683954390333E-02,-2.749105824115,
    -4.5000003514));
#254 = CARTESIAN_POINT('',(1.542207266792E-02,-2.753837831511,
    -4.5000003514));
#255 = CARTESIAN_POINT('',(1.397337152437E-02,-2.758569240174,
    -4.5000003514));
#256 = CARTESIAN_POINT('',(1.249389724981E-02,-2.763300001994,
    -4.5000003514));
#257 = CARTESIAN_POINT('',(1.098407994413E-02,-2.768030069239,
    -4.5000003514));
#258 = CARTESIAN_POINT('',(9.444325402063E-03,-2.772759394514,
    -4.5000003514));
#259 = CARTESIAN_POINT('',(7.875017203998E-03,-2.777487930732,
    -4.5000003514));
#260 = CARTESIAN_POINT('',(6.27651856684E-03,-2.782215631087,
    -4.5000003514));
#261 = CARTESIAN_POINT('',(4.649173989058E-03,-2.786942449032,
    -4.5000003514));
#262 = CARTESIAN_POINT('',(2.993310718524E-03,-2.791668338251,
    -4.5000003514));
#263 = CARTESIAN_POINT('',(1.309240066596E-03,-2.796393252647,
    -4.5000003514));
#264 = CARTESIAN_POINT('',(-4.027414113034E-04,-2.801117146319,
    -4.5000003514));
#265 = CARTESIAN_POINT('',(-2.142350851874E-03,-2.805839973548,
    -4.5000003514));
#266 = CARTESIAN_POINT('',(-3.909318122442E-03,-2.810561688786,
    -4.5000003514));
#267 = CARTESIAN_POINT('',(-5.703384949568E-03,-2.815282246638,
    -4.5000003514));
#268 = CARTESIAN_POINT('',(-7.524304127168E-03,-2.820001601855,
    -4.5000003514));
#269 = CARTESIAN_POINT('',(-9.371838795188E-03,-2.82471970932,
    -4.5000003514));
#270 = CARTESIAN_POINT('',(-1.124576178091E-02,-2.829436524041,
    -4.5000003514));
#271 = CARTESIAN_POINT('',(-1.314585499612E-02,-2.834152001141,
    -4.5000003514));
#272 = CARTESIAN_POINT('',(-1.507190888427E-02,-2.838866095848,
    -4.5000003514));
#273 = CARTESIAN_POINT('',(-1.702372191239E-02,-2.843578763494,
    -4.5000003514));
#274 = CARTESIAN_POINT('',(-1.900110010324E-02,-2.8482899595,
    -4.5000003514));
#275 = CARTESIAN_POINT('',(-2.10038566037E-02,-2.852999639375,
    -4.5000003514));
#276 = CARTESIAN_POINT('',(-2.303181128606E-02,-2.857707758711,
    -4.5000003514));
#277 = CARTESIAN_POINT('',(-2.508479037866E-02,-2.862414273172,
    -4.5000003514));
#278 = CARTESIAN_POINT('',(-2.716262612368E-02,-2.867119138498,
    -4.5000003514));
#279 = CARTESIAN_POINT('',(-2.926515645927E-02,-2.87182231049,
    -4.5000003514));
#280 = CARTESIAN_POINT('',(-3.139222472381E-02,-2.876523745015,
    -4.5000003514));
#281 = CARTESIAN_POINT('',(-3.354367938067E-02,-2.881223397996,
    -4.5000003514));
#282 = CARTESIAN_POINT('',(-3.571937376139E-02,-2.885921225413,
    -4.5000003514));
#283 = CARTESIAN_POINT('',(-3.791916582581E-02,-2.890617183296,
    -4.5000003514));
#284 = CARTESIAN_POINT('',(-4.0142917938E-02,-2.895311227722,
    -4.5000003514));
#285 = CARTESIAN_POINT('',(-4.239049665615E-02,-2.900003314817,
    -4.5000003514));
#286 = CARTESIAN_POINT('',(-4.466177253585E-02,-2.904693400745,
    -4.5000003514));
#287 = CARTESIAN_POINT('',(-4.69566199458E-02,-2.909381441713,
    -4.5000003514));
#288 = CARTESIAN_POINT('',(-4.927491689351E-02,-2.914067393966,
    -4.5000003514));
#289 = CARTESIAN_POINT('',(-5.161654486368E-02,-2.918751213783,
    -4.5000003514));
#290 = CARTESIAN_POINT('',(-5.398138866274E-02,-2.923432857478,
    -4.5000003514));
#291 = CARTESIAN_POINT('',(-5.636933627593E-02,-2.928112281395,
    -4.5000003514));
#292 = CARTESIAN_POINT('',(-5.878027872984E-02,-2.932789441908,
    -4.5000003514));
#293 = CARTESIAN_POINT('',(-6.121410996393E-02,-2.93746429542,
    -4.5000003514));
#294 = CARTESIAN_POINT('',(-6.367072670879E-02,-2.942136798359,
    -4.5000003514));
#295 = CARTESIAN_POINT('',(-6.615002837097E-02,-2.94680690718,
    -4.5000003514));
#296 = CARTESIAN_POINT('',(-6.86519169242E-02,-2.95147457836,
    -4.5000003514));
#297 = CARTESIAN_POINT('',(-7.117629680551E-02,-2.956139768398,
    -4.5000003514));
#298 = CARTESIAN_POINT('',(-7.372307481959E-02,-2.960802433813,
    -4.5000003514));
#299 = CARTESIAN_POINT('',(-7.629216003901E-02,-2.96546253115,
    -4.5000003514));
#300 = CARTESIAN_POINT('',(-7.888346373353E-02,-2.970120016962,
    -4.5000003514));
#301 = CARTESIAN_POINT('',(-8.149689925803E-02,-2.974774847831,
    -4.5000003514));
#302 = CARTESIAN_POINT('',(-8.413238200044E-02,-2.979426980348,
    -4.5000003514));
#303 = CARTESIAN_POINT('',(-8.678982929119E-02,-2.984076371122,
    -4.5000003514));
#304 = CARTESIAN_POINT('',(-8.946916033357E-02,-2.988722976778,
    -4.5000003514));
#305 = CARTESIAN_POINT('',(-9.217029613732E-02,-2.993366753955,
    -4.5000003514));
#306 = CARTESIAN_POINT('',(-9.407929780167E-02,-2.996620496437,
    -4.5000003514));
#307 = CARTESIAN_POINT('',(-9.508563265198E-02,-2.998327632197,
    -4.5000003514));
#308 = CARTESIAN_POINT('',(-9.518118877042E-02,-2.998489660063,
    -4.5000003514));
#309 = PCURVE('',#156,#310);
#310 = DEFINITIONAL_REPRESENTATION('',(#311),#439);
#311 = B_SPLINE_CURVE_WITH_KNOTS('',3,(#312,#313,#314,#315,#316,#317,
    #318,#319,#320,#321,#322,#323,#324,#325,#326,#327,#328,#329,#330,
    #331,#332,#333,#334,#335,#336,#337,#338,#339,#340,#341,#342,#343,
    #344,#345,#346,#347,#348,#349,#350,#351,#352,#353,#354,#355,#356,
    #357,#358,#359,#360,#361,#362,#363,#364,#365,#366,#367,#368,#369,
    #370,#371,#372,#373,#374,#375,#376,#377,#378,#379,#380,#381,#382,
    #383,#384,#385,#386,#387,#388,#389,#390,#391,#392,#393,#394,#395,
    #396,#397,#398,#399,#400,#401,#402,#403,#404,#405,#406,#407,#408,
    #409,#410,#411,#412,#413,#414,#415,#416,#417,#418,#419,#420,#421,
    #422,#423,#424,#425,#426,#427,#428,#429,#430,#431,#432,#433,#434,
    #435,#436,#437,#438),.UNSPECIFIED.,.F.,.F.,(4,1,1,1,1,1,1,1,1,1,1,1,
    1,1,1,1,1,1,1,1,1,1,1,1,1,1,1,1,1,1,1,1,1,1,1,1,1,1,1,1,1,1,1,1,1,1,
    1,1,1,1,1,1,1,1,1,1,1,1,1,1,1,1,1,1,1,1,1,1,1,1,1,1,1,1,1,1,1,1,1,1,
    1,1,1,1,1,1,1,1,1,1,1,1,1,1,1,1,1,1,1,1,1,1,1,1,1,1,1,1,1,1,1,1,1,1,
    1,1,1,1,1,1,1,1,1,1,4),(0.,3.825348486101E-02,5.430853348674E-02,
    6.675617629157E-02,7.735884378815E-02,8.679755798888E-02,
    9.542083346997E-02,0.103435317105,0.110975441185,0.118134466631,
    0.124980232214,0.131563916605,0.137925263337,0.144095870271,
    0.150101352936,0.155962819326,0.16169790603,0.167321525098,
    0.172846414439,0.178283551377,0.18364246875,0.188931500289,
    0.194157973749,0.199328364902,0.20444842177,0.209523265982,
    0.214557476318,0.219555158251,0.224520002363,0.229455333832,
    0.234364154694,0.239249180184,0.244112870201,0.248957456702,
    0.253784967687,0.258597248282,0.263395979354,0.268182693996,
    0.272958792175,0.27772555377,0.282484150212,0.287235654883,
    0.291981052431,0.296721247119,0.301457070315,0.306189287223,
    0.310919293077,0.315655371856,0.320399980632,0.32515309033,
    0.329914691623,0.33468478033,0.339463354215,0.344250411941,
    0.349045952647,0.353849975744,0.358662480811,0.363483467539,
    0.368312935692,0.373150885086,0.377997315577,0.382852227048,
    0.387715619403,0.392587492562,0.397467846459,0.402356681039,
    0.407253996253,0.41215979206,0.417074068425,0.421996825315,
    0.426928062704,0.431867780568,0.436815978885,0.441772657636,
    0.446737816804,0.451711456374,0.456693576332,0.461684176666,
    0.466683257364,0.471690818415,0.476706859811,0.481731381543,
    0.486764383603,0.491805865984,0.496855828678,0.50191427168,
    0.506981194984,0.512056598584,0.517140482477,0.522232846656,
    0.527333691118,0.532443015859,0.537560820874,0.542687106161,
    0.547821871717,0.552965117537,0.55811684362,0.563277049962,
    0.56844573656,0.573622903413,0.578808550518,0.584002677873,
    0.589205285476,0.594416373325,0.599635941417,0.604863989752,
    0.610100518327,0.615345527141,0.620599016193,0.62586098548,
    0.631131435002,0.636410364758,0.641697774745,0.646993664963,
    0.652298035411,0.657610886087,0.66293221699,0.668262028121,
    0.673600319476,0.678947091057,0.684302342861,0.689666074887,
    0.695038287136,0.700418979606,0.700983298372),.UNSPECIFIED.);
#312 = CARTESIAN_POINT('',(2.409488659331,-0.208582479025));
#313 = CARTESIAN_POINT('',(2.410578552652,-0.195814407252));
#314 = CARTESIAN_POINT('',(2.4142776969,-0.177945602693));
#315 = CARTESIAN_POINT('',(2.422256464883,-0.15713910076));
#316 = CARTESIAN_POINT('',(2.427947276597,-0.145398445547));
#317 = CARTESIAN_POINT('',(2.43332701978,-0.135991494549));
#318 = CARTESIAN_POINT('',(2.438551923872,-0.127985964934));
#319 = CARTESIAN_POINT('',(2.443679692339,-0.12096300966));
#320 = CARTESIAN_POINT('',(2.44873947722,-0.114686373314));
#321 = CARTESIAN_POINT('',(2.453748445035,-0.109005870863));
#322 = CARTESIAN_POINT('',(2.458717760033,-0.103818457492));
#323 = CARTESIAN_POINT('',(2.463655177127,-9.904953811254E-02));
#324 = CARTESIAN_POINT('',(2.468566350675,-9.464290231517E-02));
#325 = CARTESIAN_POINT('',(2.473455556451,-9.055484601247E-02));
#326 = CARTESIAN_POINT('',(2.478326121488,-8.675052012736E-02));
#327 = CARTESIAN_POINT('',(2.483180694426,-8.320155059765E-02));
#328 = CARTESIAN_POINT('',(2.488021423566,-7.988442541199E-02));
#329 = CARTESIAN_POINT('',(2.492850078557,-7.677936582E-02));
#330 = CARTESIAN_POINT('',(2.497668136169,-7.38695148079E-02));
#331 = CARTESIAN_POINT('',(2.5024768424,-7.114034020518E-02));
#332 = CARTESIAN_POINT('',(2.507277258452,-6.857918695034E-02));
#333 = CARTESIAN_POINT('',(2.512070295472,-6.617493552474E-02));
#334 = CARTESIAN_POINT('',(2.516856741234,-6.391773744059E-02));
#335 = CARTESIAN_POINT('',(2.521637280969,-6.179880774797E-02));
#336 = CARTESIAN_POINT('',(2.526412513847,-5.981026033522E-02));
#337 = CARTESIAN_POINT('',(2.53118296617,-5.794497581395E-02));
#338 = CARTESIAN_POINT('',(2.535949102068,-5.619649451698E-02));
#339 = CARTESIAN_POINT('',(2.540711332236,-5.455892904351E-02));
#340 = CARTESIAN_POINT('',(2.545470021163,-5.302689216914E-02));
#341 = CARTESIAN_POINT('',(2.550225493136,-5.159543692662E-02));
#342 = CARTESIAN_POINT('',(2.554978037297,-5.026000640117E-02));
#343 = CARTESIAN_POINT('',(2.5597279119,-4.901639133189E-02));
#344 = CARTESIAN_POINT('',(2.564475347949,-4.786069402508E-02));
#345 = CARTESIAN_POINT('',(2.569220552306,-4.67892974049E-02));
#346 = CARTESIAN_POINT('',(2.573963710371,-4.5798838268E-02));
#347 = CARTESIAN_POINT('',(2.578704988399,-4.488618401555E-02));
#348 = CARTESIAN_POINT('',(2.583444535525,-4.40484122218E-02));
#349 = CARTESIAN_POINT('',(2.588182485529,-4.328279275865E-02));
#350 = CARTESIAN_POINT('',(2.592918958372,-4.258677137933E-02));
#351 = CARTESIAN_POINT('',(2.597654061628,-4.195795712008E-02));
#352 = CARTESIAN_POINT('',(2.602387891441,-4.139410335544E-02));
#353 = CARTESIAN_POINT('',(2.607120534524,-4.089311919589E-02));
#354 = CARTESIAN_POINT('',(2.611852065671,-4.04529737442E-02));
#355 = CARTESIAN_POINT('',(2.61658256141,-4.007200436175E-02));
#356 = CARTESIAN_POINT('',(2.621312053079,-3.974772448142E-02));
#357 = CARTESIAN_POINT('',(2.626040705171,-3.948122586791E-02));
#358 = CARTESIAN_POINT('',(2.630768383574,-3.926072377608E-02));
#359 = CARTESIAN_POINT('',(2.635499439196,-3.912278129718E-02));
#360 = CARTESIAN_POINT('',(2.64022863993,-3.884155761975E-02));
#361 = CARTESIAN_POINT('',(2.644958265582,-3.846226459309E-02));
#362 = CARTESIAN_POINT('',(2.649689054374,-3.799991169749E-02));
#363 = CARTESIAN_POINT('',(2.654420744781,-3.746568405656E-02));
#364 = CARTESIAN_POINT('',(2.659153202214,-3.686664159793E-02));
#365 = CARTESIAN_POINT('',(2.663886301801,-3.620816274001E-02));
#366 = CARTESIAN_POINT('',(2.668619942043,-3.54943692239E-02));
#367 = CARTESIAN_POINT('',(2.673354032233,-3.472858495144E-02));
#368 = CARTESIAN_POINT('',(2.678088490725,-3.39135485379E-02));
#369 = CARTESIAN_POINT('',(2.682823242203,-3.305156781372E-02));
#370 = CARTESIAN_POINT('',(2.687558216299,-3.214461914734E-02));
#371 = CARTESIAN_POINT('',(2.692293346499,-3.119441859757E-02));
#372 = CARTESIAN_POINT('',(2.697028569384,-3.020247315677E-02));
#373 = CARTESIAN_POINT('',(2.701763824056,-2.917011904642E-02));
#374 = CARTESIAN_POINT('',(2.706499051702,-2.809855088399E-02));
#375 = CARTESIAN_POINT('',(2.711234195258,-2.698884436355E-02));
#376 = CARTESIAN_POINT('',(2.71596919914,-2.58419741826E-02));
#377 = CARTESIAN_POINT('',(2.720704009029,-2.465882842428E-02));
#378 = CARTESIAN_POINT('',(2.725438571699,-2.344022024433E-02));
#379 = CARTESIAN_POINT('',(2.730172834873,-2.218689747987E-02));
#380 = CARTESIAN_POINT('',(2.734906747103,-2.089955062905E-02));
#381 = CARTESIAN_POINT('',(2.739640257671,-1.957881954143E-02));
#382 = CARTESIAN_POINT('',(2.744373316507,-1.82252990729E-02));
#383 = CARTESIAN_POINT('',(2.749105874115,-1.683954390324E-02));
#384 = CARTESIAN_POINT('',(2.753837881511,-1.542207266783E-02));
#385 = CARTESIAN_POINT('',(2.758569290174,-1.397337152428E-02));
#386 = CARTESIAN_POINT('',(2.763300051994,-1.249389724972E-02));
#387 = CARTESIAN_POINT('',(2.768030119239,-1.098407994404E-02));
#388 = CARTESIAN_POINT('',(2.772759444514,-9.44432540197E-03));
#389 = CARTESIAN_POINT('',(2.777487980732,-7.875017203905E-03));
#390 = CARTESIAN_POINT('',(2.782215681087,-6.276518566747E-03));
#391 = CARTESIAN_POINT('',(2.786942499032,-4.649173988965E-03));
#392 = CARTESIAN_POINT('',(2.791668388251,-2.993310718431E-03));
#393 = CARTESIAN_POINT('',(2.796393302647,-1.309240066503E-03));
#394 = CARTESIAN_POINT('',(2.801117196319,4.027414113959E-04));
#395 = CARTESIAN_POINT('',(2.805840023548,2.142350851967E-03));
#396 = CARTESIAN_POINT('',(2.810561738786,3.909318122535E-03));
#397 = CARTESIAN_POINT('',(2.815282296638,5.703384949661E-03));
#398 = CARTESIAN_POINT('',(2.820001651855,7.524304127261E-03));
#399 = CARTESIAN_POINT('',(2.82471975932,9.371838795281E-03));
#400 = CARTESIAN_POINT('',(2.829436574041,1.1245761781E-02));
#401 = CARTESIAN_POINT('',(2.834152051141,1.314585499621E-02));
#402 = CARTESIAN_POINT('',(2.838866145848,1.507190888436E-02));
#403 = CARTESIAN_POINT('',(2.843578813494,1.702372191248E-02));
#404 = CARTESIAN_POINT('',(2.8482900095,1.900110010333E-02));
#405 = CARTESIAN_POINT('',(2.852999689375,2.100385660379E-02));
#406 = CARTESIAN_POINT('',(2.857707808711,2.303181128615E-02));
#407 = CARTESIAN_POINT('',(2.862414323172,2.508479037875E-02));
#408 = CARTESIAN_POINT('',(2.867119188498,2.716262612377E-02));
#409 = CARTESIAN_POINT('',(2.87182236049,2.926515645936E-02));
#410 = CARTESIAN_POINT('',(2.876523795015,3.13922247239E-02));
#411 = CARTESIAN_POINT('',(2.881223447996,3.354367938076E-02));
#412 = CARTESIAN_POINT('',(2.885921275413,3.571937376148E-02));
#413 = CARTESIAN_POINT('',(2.890617233296,3.79191658259E-02));
#414 = CARTESIAN_POINT('',(2.895311277722,4.014291793809E-02));
#415 = CARTESIAN_POINT('',(2.900003364817,4.239049665624E-02));
#416 = CARTESIAN_POINT('',(2.904693450745,4.466177253594E-02));
#417 = CARTESIAN_POINT('',(2.909381491713,4.695661994589E-02));
#418 = CARTESIAN_POINT('',(2.914067443966,4.92749168936E-02));
#419 = CARTESIAN_POINT('',(2.918751263783,5.161654486377E-02));
#420 = CARTESIAN_POINT('',(2.923432907478,5.398138866283E-02));
#421 = CARTESIAN_POINT('',(2.928112331395,5.636933627602E-02));
#422 = CARTESIAN_POINT('',(2.932789491908,5.878027872993E-02));
#423 = CARTESIAN_POINT('',(2.93746434542,6.121410996402E-02));
#424 = CARTESIAN_POINT('',(2.942136848359,6.367072670888E-02));
#425 = CARTESIAN_POINT('',(2.94680695718,6.615002837106E-02));
#426 = CARTESIAN_POINT('',(2.95147462836,6.865191692429E-02));
#427 = CARTESIAN_POINT('',(2.956139818398,7.11762968056E-02));
#428 = CARTESIAN_POINT('',(2.960802483813,7.372307481968E-02));
#429 = CARTESIAN_POINT('',(2.96546258115,7.62921600391E-02));
#430 = CARTESIAN_POINT('',(2.970120066962,7.888346373362E-02));
#431 = CARTESIAN_POINT('',(2.974774897831,8.149689925812E-02));
#432 = CARTESIAN_POINT('',(2.979427030348,8.413238200053E-02));
#433 = CARTESIAN_POINT('',(2.984076421122,8.678982929128E-02));
#434 = CARTESIAN_POINT('',(2.988723026778,8.946916033366E-02));
#435 = CARTESIAN_POINT('',(2.993366803955,9.217029613741E-02));
#436 = CARTESIAN_POINT('',(2.996620546437,9.407929780177E-02));
#437 = CARTESIAN_POINT('',(2.998327682197,9.508563265208E-02));
#438 = CARTESIAN_POINT('',(2.998489710063,9.518118877051E-02));
#439 = ( GEOMETRIC_REPRESENTATION_CONTEXT(2) 
PARAMETRIC_REPRESENTATION_CONTEXT() REPRESENTATION_CONTEXT('2D SPACE',''
  ) );
#440 = PCURVE('',#441,#446);
#441 = PLANE('',#442);
#442 = AXIS2_PLACEMENT_3D('',#443,#444,#445);
#443 = CARTESIAN_POINT('',(-10.,-10.,-4.5));
#444 = DIRECTION('',(0.,0.,1.));
#445 = DIRECTION('',(1.,0.,-0.));
#446 = DEFINITIONAL_REPRESENTATION('',(#447),#575);
#447 = B_SPLINE_CURVE_WITH_KNOTS('',3,(#448,#449,#450,#451,#452,#453,
    #454,#455,#456,#457,#458,#459,#460,#461,#462,#463,#464,#465,#466,
    #467,#468,#469,#470,#471,#472,#473,#474,#475,#476,#477,#478,#479,
    #480,#481,#482,#483,#484,#485,#486,#487,#488,#489,#490,#491,#492,
    #493,#494,#495,#496,#497,#498,#499,#500,#501,#502,#503,#504,#505,
    #506,#507,#508,#509,#510,#511,#512,#513,#514,#515,#516,#517,#518,
    #519,#520,#521,#522,#523,#524,#525,#526,#527,#528,#529,#530,#531,
    #532,#533,#534,#535,#536,#537,#538,#539,#540,#541,#542,#543,#544,
    #545,#546,#547,#548,#549,#550,#551,#552,#553,#554,#555,#556,#557,
    #558,#559,#560,#561,#562,#563,#564,#565,#566,#567,#568,#569,#570,
    #571,#572,#573,#574),.UNSPECIFIED.,.F.,.F.,(4,1,1,1,1,1,1,1,1,1,1,1,
    1,1,1,1,1,1,1,1,1,1,1,1,1,1,1,1,1,1,1,1,1,1,1,1,1,1,1,1,1,1,1,1,1,1,
    1,1,1,1,1,1,1,1,1,1,1,1,1,1,1,1,1,1,1,1,1,1,1,1,1,1,1,1,1,1,1,1,1,1,
    1,1,1,1,1,1,1,1,1,1,1,1,1,1,1,1,1,1,1,1,1,1,1,1,1,1,1,1,1,1,1,1,1,1,
    1,1,1,1,1,1,1,1,1,1,4),(0.,3.825348486101E-02,5.430853348674E-02,
    6.675617629157E-02,7.735884378815E-02,8.679755798888E-02,
    9.542083346997E-02,0.103435317105,0.110975441185,0.118134466631,
    0.124980232214,0.131563916605,0.137925263337,0.144095870271,
    0.150101352936,0.155962819326,0.16169790603,0.167321525098,
    0.172846414439,0.178283551377,0.18364246875,0.188931500289,
    0.194157973749,0.199328364902,0.20444842177,0.209523265982,
    0.214557476318,0.219555158251,0.224520002363,0.229455333832,
    0.234364154694,0.239249180184,0.244112870201,0.248957456702,
    0.253784967687,0.258597248282,0.263395979354,0.268182693996,
    0.272958792175,0.27772555377,0.282484150212,0.287235654883,
    0.291981052431,0.296721247119,0.301457070315,0.306189287223,
    0.310919293077,0.315655371856,0.320399980632,0.32515309033,
    0.329914691623,0.33468478033,0.339463354215,0.344250411941,
    0.349045952647,0.353849975744,0.358662480811,0.363483467539,
    0.368312935692,0.373150885086,0.377997315577,0.382852227048,
    0.387715619403,0.392587492562,0.397467846459,0.402356681039,
    0.407253996253,0.41215979206,0.417074068425,0.421996825315,
    0.426928062704,0.431867780568,0.436815978885,0.441772657636,
    0.446737816804,0.451711456374,0.456693576332,0.461684176666,
    0.466683257364,0.471690818415,0.476706859811,0.481731381543,
    0.486764383603,0.491805865984,0.496855828678,0.50191427168,
    0.506981194984,0.512056598584,0.517140482477,0.522232846656,
    0.527333691118,0.532443015859,0.537560820874,0.542687106161,
    0.547821871717,0.552965117537,0.55811684362,0.563277049962,
    0.56844573656,0.573622903413,0.578808550518,0.584002677873,
    0.589205285476,0.594416373325,0.599635941417,0.604863989752,
    0.610100518327,0.615345527141,0.620599016193,0.62586098548,
    0.631131435002,0.636410364758,0.641697774745,0.646993664963,
    0.652298035411,0.657610886087,0.66293221699,0.668262028121,
    0.673600319476,0.678947091057,0.684302342861,0.689666074887,
    0.695038287136,0.700418979606,0.700983298372),.UNSPECIFIED.);
#448 = CARTESIAN_POINT('',(10.208582479025,7.590511390669));
#449 = CARTESIAN_POINT('',(10.195814407252,7.589421497348));
#450 = CARTESIAN_POINT('',(10.177945602693,7.5857223531));
#451 = CARTESIAN_POINT('',(10.15713910076,7.577743585117));
#452 = CARTESIAN_POINT('',(10.145398445547,7.572052773403));
#453 = CARTESIAN_POINT('',(10.135991494549,7.56667303022));
#454 = CARTESIAN_POINT('',(10.127985964934,7.561448126128));
#455 = CARTESIAN_POINT('',(10.12096300966,7.556320357661));
#456 = CARTESIAN_POINT('',(10.114686373314,7.55126057278));
#457 = CARTESIAN_POINT('',(10.109005870863,7.546251604965));
#458 = CARTESIAN_POINT('',(10.103818457492,7.541282289967));
#459 = CARTESIAN_POINT('',(10.099049538113,7.536344872873));
#460 = CARTESIAN_POINT('',(10.094642902315,7.531433699325));
#461 = CARTESIAN_POINT('',(10.090554846013,7.526544493549));
#462 = CARTESIAN_POINT('',(10.086750520127,7.521673928512));
#463 = CARTESIAN_POINT('',(10.083201550598,7.516819355574));
#464 = CARTESIAN_POINT('',(10.079884425412,7.511978626434));
#465 = CARTESIAN_POINT('',(10.07677936582,7.507149971443));
#466 = CARTESIAN_POINT('',(10.073869514808,7.502331913831));
#467 = CARTESIAN_POINT('',(10.071140340205,7.4975232076));
#468 = CARTESIAN_POINT('',(10.06857918695,7.492722791548));
#469 = CARTESIAN_POINT('',(10.066174935525,7.487929754528));
#470 = CARTESIAN_POINT('',(10.063917737441,7.483143308766));
#471 = CARTESIAN_POINT('',(10.061798807748,7.478362769031));
#472 = CARTESIAN_POINT('',(10.059810260335,7.473587536153));
#473 = CARTESIAN_POINT('',(10.057944975814,7.46881708383));
#474 = CARTESIAN_POINT('',(10.056196494517,7.464050947932));
#475 = CARTESIAN_POINT('',(10.054558929044,7.459288717764));
#476 = CARTESIAN_POINT('',(10.053026892169,7.454530028837));
#477 = CARTESIAN_POINT('',(10.051595436927,7.449774556864));
#478 = CARTESIAN_POINT('',(10.050260006401,7.445022012703));
#479 = CARTESIAN_POINT('',(10.049016391332,7.4402721381));
#480 = CARTESIAN_POINT('',(10.047860694025,7.435524702051));
#481 = CARTESIAN_POINT('',(10.046789297405,7.430779497694));
#482 = CARTESIAN_POINT('',(10.045798838268,7.426036339629));
#483 = CARTESIAN_POINT('',(10.044886184016,7.421295061601));
#484 = CARTESIAN_POINT('',(10.044048412222,7.416555514475));
#485 = CARTESIAN_POINT('',(10.043282792759,7.411817564471));
#486 = CARTESIAN_POINT('',(10.042586771379,7.407081091628));
#487 = CARTESIAN_POINT('',(10.04195795712,7.402345988372));
#488 = CARTESIAN_POINT('',(10.041394103356,7.397612158559));
#489 = CARTESIAN_POINT('',(10.040893119196,7.392879515476));
#490 = CARTESIAN_POINT('',(10.040452973744,7.388147984329));
#491 = CARTESIAN_POINT('',(10.040072004362,7.38341748859));
#492 = CARTESIAN_POINT('',(10.039747724482,7.378687996921));
#493 = CARTESIAN_POINT('',(10.039481225868,7.373959344829));
#494 = CARTESIAN_POINT('',(10.039260723776,7.369231666426));
#495 = CARTESIAN_POINT('',(10.039122781297,7.364500610804));
#496 = CARTESIAN_POINT('',(10.03884155762,7.35977141007));
#497 = CARTESIAN_POINT('',(10.038462264593,7.355041784418));
#498 = CARTESIAN_POINT('',(10.037999911698,7.350310995626));
#499 = CARTESIAN_POINT('',(10.037465684057,7.345579305219));
#500 = CARTESIAN_POINT('',(10.036866641598,7.340846847786));
#501 = CARTESIAN_POINT('',(10.03620816274,7.336113748199));
#502 = CARTESIAN_POINT('',(10.035494369224,7.331380107957));
#503 = CARTESIAN_POINT('',(10.034728584952,7.326646017767));
#504 = CARTESIAN_POINT('',(10.033913548538,7.321911559275));
#505 = CARTESIAN_POINT('',(10.033051567814,7.317176807797));
#506 = CARTESIAN_POINT('',(10.032144619147,7.312441833701));
#507 = CARTESIAN_POINT('',(10.031194418598,7.307706703501));
#508 = CARTESIAN_POINT('',(10.030202473157,7.302971480616));
#509 = CARTESIAN_POINT('',(10.029170119047,7.298236225944));
#510 = CARTESIAN_POINT('',(10.028098550884,7.293500998298));
#511 = CARTESIAN_POINT('',(10.026988844364,7.288765854742));
#512 = CARTESIAN_POINT('',(10.025841974183,7.28403085086));
#513 = CARTESIAN_POINT('',(10.024658828424,7.279296040971));
#514 = CARTESIAN_POINT('',(10.023440220244,7.274561478301));
#515 = CARTESIAN_POINT('',(10.02218689748,7.269827215127));
#516 = CARTESIAN_POINT('',(10.020899550629,7.265093302897));
#517 = CARTESIAN_POINT('',(10.019578819542,7.260359792329));
#518 = CARTESIAN_POINT('',(10.018225299073,7.255626733493));
#519 = CARTESIAN_POINT('',(10.016839543903,7.250894175885));
#520 = CARTESIAN_POINT('',(10.015422072668,7.246162168489));
#521 = CARTESIAN_POINT('',(10.013973371524,7.241430759826));
#522 = CARTESIAN_POINT('',(10.01249389725,7.236699998006));
#523 = CARTESIAN_POINT('',(10.010984079944,7.231969930761));
#524 = CARTESIAN_POINT('',(10.009444325402,7.227240605486));
#525 = CARTESIAN_POINT('',(10.007875017204,7.222512069268));
#526 = CARTESIAN_POINT('',(10.006276518567,7.217784368913));
#527 = CARTESIAN_POINT('',(10.004649173989,7.213057550968));
#528 = CARTESIAN_POINT('',(10.002993310719,7.208331661749));
#529 = CARTESIAN_POINT('',(10.001309240067,7.203606747353));
#530 = CARTESIAN_POINT('',(9.999597258589,7.198882853681));
#531 = CARTESIAN_POINT('',(9.997857649148,7.194160026452));
#532 = CARTESIAN_POINT('',(9.996090681878,7.189438311214));
#533 = CARTESIAN_POINT('',(9.99429661505,7.184717753362));
#534 = CARTESIAN_POINT('',(9.992475695873,7.179998398145));
#535 = CARTESIAN_POINT('',(9.990628161205,7.17528029068));
#536 = CARTESIAN_POINT('',(9.988754238219,7.170563475959));
#537 = CARTESIAN_POINT('',(9.986854145004,7.165847998859));
#538 = CARTESIAN_POINT('',(9.984928091116,7.161133904152));
#539 = CARTESIAN_POINT('',(9.982976278088,7.156421236506));
#540 = CARTESIAN_POINT('',(9.980998899897,7.1517100405));
#541 = CARTESIAN_POINT('',(9.978996143396,7.147000360625));
#542 = CARTESIAN_POINT('',(9.976968188714,7.142292241289));
#543 = CARTESIAN_POINT('',(9.974915209621,7.137585726828));
#544 = CARTESIAN_POINT('',(9.972837373876,7.132880861502));
#545 = CARTESIAN_POINT('',(9.970734843541,7.12817768951));
#546 = CARTESIAN_POINT('',(9.968607775276,7.123476254985));
#547 = CARTESIAN_POINT('',(9.966456320619,7.118776602004));
#548 = CARTESIAN_POINT('',(9.964280626239,7.114078774587));
#549 = CARTESIAN_POINT('',(9.962080834174,7.109382816704));
#550 = CARTESIAN_POINT('',(9.959857082062,7.104688772278));
#551 = CARTESIAN_POINT('',(9.957609503344,7.099996685183));
#552 = CARTESIAN_POINT('',(9.955338227464,7.095306599255));
#553 = CARTESIAN_POINT('',(9.953043380054,7.090618558287));
#554 = CARTESIAN_POINT('',(9.950725083106,7.085932606034));
#555 = CARTESIAN_POINT('',(9.948383455136,7.081248786217));
#556 = CARTESIAN_POINT('',(9.946018611337,7.076567142522));
#557 = CARTESIAN_POINT('',(9.943630663724,7.071887718605));
#558 = CARTESIAN_POINT('',(9.94121972127,7.067210558092));
#559 = CARTESIAN_POINT('',(9.938785890036,7.06253570458));
#560 = CARTESIAN_POINT('',(9.936329273291,7.057863201641));
#561 = CARTESIAN_POINT('',(9.933849971629,7.05319309282));
#562 = CARTESIAN_POINT('',(9.931348083076,7.04852542164));
#563 = CARTESIAN_POINT('',(9.928823703194,7.043860231602));
#564 = CARTESIAN_POINT('',(9.92627692518,7.039197566187));
#565 = CARTESIAN_POINT('',(9.923707839961,7.03453746885));
#566 = CARTESIAN_POINT('',(9.921116536266,7.029879983038));
#567 = CARTESIAN_POINT('',(9.918503100742,7.025225152169));
#568 = CARTESIAN_POINT('',(9.915867618,7.020573019652));
#569 = CARTESIAN_POINT('',(9.913210170709,7.015923628878));
#570 = CARTESIAN_POINT('',(9.910530839666,7.011277023222));
#571 = CARTESIAN_POINT('',(9.907829703863,7.006633246045));
#572 = CARTESIAN_POINT('',(9.905920702198,7.003379503563));
#573 = CARTESIAN_POINT('',(9.904914367348,7.001672367803));
#574 = CARTESIAN_POINT('',(9.90481881123,7.001510339937));
#575 = ( GEOMETRIC_REPRESENTATION_CONTEXT(2) 
PARAMETRIC_REPRESENTATION_CONTEXT() REPRESENTATION_CONTEXT('2D SPACE',''
  ) );
#576 = ORIENTED_EDGE('',*,*,#577,.T.);
#577 = EDGE_CURVE('',#178,#578,#580,.T.);
#578 = VERTEX_POINT('',#579);
#579 = CARTESIAN_POINT('',(-0.635046967628,-2.932015527876,-4.5000001757
    ));
#580 = SURFACE_CURVE('',#581,(#586,#593),.PCURVE_S1.);
#581 = CIRCLE('',#582,3.);
#582 = AXIS2_PLACEMENT_3D('',#583,#584,#585);
#583 = CARTESIAN_POINT('',(9.037215420449E-14,4.99999084913E-08,
    -4.5000003514));
#584 = DIRECTION('',(3.431321225571E-15,-9.104279154523E-17,-1.));
#585 = DIRECTION('',(4.996003610813E-16,-1.,9.104279154523E-17));
#586 = PCURVE('',#156,#587);
#587 = DEFINITIONAL_REPRESENTATION('',(#588),#592);
#588 = CIRCLE('',#589,3.);
#589 = AXIS2_PLACEMENT_2D('',#590,#591);
#590 = CARTESIAN_POINT('',(1.110223024625E-15,7.216449660064E-16));
#591 = DIRECTION('',(1.,-1.657422360651E-32));
#592 = ( GEOMETRIC_REPRESENTATION_CONTEXT(2) 
PARAMETRIC_REPRESENTATION_CONTEXT() REPRESENTATION_CONTEXT('2D SPACE',''
  ) );
#593 = PCURVE('',#441,#594);
#594 = DEFINITIONAL_REPRESENTATION('',(#595),#603);
#595 = ( BOUNDED_CURVE() B_SPLINE_CURVE(2,(#596,#597,#598,#599,#600,#601
,#602),.UNSPECIFIED.,.T.,.F.) B_SPLINE_CURVE_WITH_KNOTS((1,2,2,2,2,1),(
    -2.094395102393,0.,2.094395102393,4.188790204786,6.28318530718,
8.377580409573),.UNSPECIFIED.) CURVE() GEOMETRIC_REPRESENTATION_ITEM() 
RATIONAL_B_SPLINE_CURVE((1.,0.5,1.,0.5,1.,0.5,1.)) REPRESENTATION_ITEM(
  '') );
#596 = CARTESIAN_POINT('',(10.,7.00000005));
#597 = CARTESIAN_POINT('',(4.803847577293,7.00000005));
#598 = CARTESIAN_POINT('',(7.401923788647,11.50000005));
#599 = CARTESIAN_POINT('',(10.,16.00000005));
#600 = CARTESIAN_POINT('',(12.598076211353,11.50000005));
#601 = CARTESIAN_POINT('',(15.196152422707,7.00000005));
#602 = CARTESIAN_POINT('',(10.,7.00000005));
#603 = ( GEOMETRIC_REPRESENTATION_CONTEXT(2) 
PARAMETRIC_REPRESENTATION_CONTEXT() REPRESENTATION_CONTEXT('2D SPACE',''
  ) );
#604 = ORIENTED_EDGE('',*,*,#605,.F.);
#605 = EDGE_CURVE('',#606,#578,#608,.T.);
#606 = VERTEX_POINT('',#607);
#607 = CARTESIAN_POINT('',(-0.905866657859,-3.380740392012,-4.5));
#608 = SURFACE_CURVE('',#609,(#613,#620),.PCURVE_S1.);
#609 = LINE('',#610,#611);
#610 = CARTESIAN_POINT('',(-0.905866657859,-3.380740392012,-4.5));
#611 = VECTOR('',#612,1.);
#612 = DIRECTION('',(0.516717339054,0.856156055588,0.));
#613 = PCURVE('',#156,#614);
#614 = DEFINITIONAL_REPRESENTATION('',(#615),#619);
#615 = LINE('',#616,#617);
#616 = CARTESIAN_POINT('',(3.380740442012,0.905866657859));
#617 = VECTOR('',#618,1.);
#618 = DIRECTION('',(-0.856156055588,-0.516717339054));
#619 = ( GEOMETRIC_REPRESENTATION_CONTEXT(2) 
PARAMETRIC_REPRESENTATION_CONTEXT() REPRESENTATION_CONTEXT('2D SPACE',''
  ) );
#620 = PCURVE('',#621,#626);
#621 = PLANE('',#622);
#622 = AXIS2_PLACEMENT_3D('',#623,#624,#625);
#623 = CARTESIAN_POINT('',(-0.905866657859,-3.380740392012,-4.5));
#624 = DIRECTION('',(-0.856156055588,0.516717339054,0.));
#625 = DIRECTION('',(0.516717339054,0.856156055588,0.));
#626 = DEFINITIONAL_REPRESENTATION('',(#627),#631);
#627 = LINE('',#628,#629);
#628 = CARTESIAN_POINT('',(0.,0.));
#629 = VECTOR('',#630,1.);
#630 = DIRECTION('',(1.,0.));
#631 = ( GEOMETRIC_REPRESENTATION_CONTEXT(2) 
PARAMETRIC_REPRESENTATION_CONTEXT() REPRESENTATION_CONTEXT('2D SPACE',''
  ) );
#632 = ORIENTED_EDGE('',*,*,#633,.F.);
#633 = EDGE_CURVE('',#634,#606,#636,.T.);
#634 = VERTEX_POINT('',#635);
#635 = CARTESIAN_POINT('',(-1.339392013278,-3.23357836379,-4.5));
#636 = SURFACE_CURVE('',#637,(#641,#648),.PCURVE_S1.);
#637 = LINE('',#638,#639);
#638 = CARTESIAN_POINT('',(-1.339392013278,-3.23357836379,-4.5));
#639 = VECTOR('',#640,1.);
#640 = DIRECTION('',(0.946930129495,-0.321439465303,0.));
#641 = PCURVE('',#156,#642);
#642 = DEFINITIONAL_REPRESENTATION('',(#643),#647);
#643 = LINE('',#644,#645);
#644 = CARTESIAN_POINT('',(3.233578413789,1.339392013278));
#645 = VECTOR('',#646,1.);
#646 = DIRECTION('',(0.321439465303,-0.946930129495));
#647 = ( GEOMETRIC_REPRESENTATION_CONTEXT(2) 
PARAMETRIC_REPRESENTATION_CONTEXT() REPRESENTATION_CONTEXT('2D SPACE',''
  ) );
#648 = PCURVE('',#649,#654);
#649 = PLANE('',#650);
#650 = AXIS2_PLACEMENT_3D('',#651,#652,#653);
#651 = CARTESIAN_POINT('',(-1.339392013278,-3.23357836379,-4.5));
#652 = DIRECTION('',(0.321439465303,0.946930129495,-0.));
#653 = DIRECTION('',(0.946930129495,-0.321439465303,0.));
#654 = DEFINITIONAL_REPRESENTATION('',(#655),#659);
#655 = LINE('',#656,#657);
#656 = CARTESIAN_POINT('',(0.,0.));
#657 = VECTOR('',#658,1.);
#658 = DIRECTION('',(1.,0.));
#659 = ( GEOMETRIC_REPRESENTATION_CONTEXT(2) 
PARAMETRIC_REPRESENTATION_CONTEXT() REPRESENTATION_CONTEXT('2D SPACE',''
  ) );
#660 = ORIENTED_EDGE('',*,*,#661,.F.);
#661 = EDGE_CURVE('',#662,#634,#664,.T.);
#662 = VERTEX_POINT('',#663);
#663 = CARTESIAN_POINT('',(-1.264921770878,-2.568370663482,-4.5000001757
    ));
#664 = SURFACE_CURVE('',#665,(#669,#676),.PCURVE_S1.);
#665 = LINE('',#666,#667);
#666 = CARTESIAN_POINT('',(-1.2125,-2.100111604177,-4.5));
#667 = VECTOR('',#668,1.);
#668 = DIRECTION('',(-0.111255356929,-0.993791852228,0.));
#669 = PCURVE('',#156,#670);
#670 = DEFINITIONAL_REPRESENTATION('',(#671),#675);
#671 = LINE('',#672,#673);
#672 = CARTESIAN_POINT('',(2.100111654177,1.2125));
#673 = VECTOR('',#674,1.);
#674 = DIRECTION('',(0.993791852228,0.111255356929));
#675 = ( GEOMETRIC_REPRESENTATION_CONTEXT(2) 
PARAMETRIC_REPRESENTATION_CONTEXT() REPRESENTATION_CONTEXT('2D SPACE',''
  ) );
#676 = PCURVE('',#677,#682);
#677 = PLANE('',#678);
#678 = AXIS2_PLACEMENT_3D('',#679,#680,#681);
#679 = CARTESIAN_POINT('',(-1.2125,-2.100111604177,-4.5));
#680 = DIRECTION('',(0.993791852228,-0.111255356929,0.));
#681 = DIRECTION('',(-0.111255356929,-0.993791852228,0.));
#682 = DEFINITIONAL_REPRESENTATION('',(#683),#687);
#683 = LINE('',#684,#685);
#684 = CARTESIAN_POINT('',(0.,0.));
#685 = VECTOR('',#686,1.);
#686 = DIRECTION('',(1.,0.));
#687 = ( GEOMETRIC_REPRESENTATION_CONTEXT(2) 
PARAMETRIC_REPRESENTATION_CONTEXT() REPRESENTATION_CONTEXT('2D SPACE',''
  ) );
#688 = ORIENTED_EDGE('',*,*,#689,.T.);
#689 = EDGE_CURVE('',#662,#690,#692,.T.);
#690 = VERTEX_POINT('',#691);
#691 = CARTESIAN_POINT('',(-1.386751214999,-2.660248259415,-4.5000003514
    ));
#692 = SURFACE_CURVE('',#693,(#821,#952),.PCURVE_S1.);
#693 = B_SPLINE_CURVE_WITH_KNOTS('',3,(#694,#695,#696,#697,#698,#699,
    #700,#701,#702,#703,#704,#705,#706,#707,#708,#709,#710,#711,#712,
    #713,#714,#715,#716,#717,#718,#719,#720,#721,#722,#723,#724,#725,
    #726,#727,#728,#729,#730,#731,#732,#733,#734,#735,#736,#737,#738,
    #739,#740,#741,#742,#743,#744,#745,#746,#747,#748,#749,#750,#751,
    #752,#753,#754,#755,#756,#757,#758,#759,#760,#761,#762,#763,#764,
    #765,#766,#767,#768,#769,#770,#771,#772,#773,#774,#775,#776,#777,
    #778,#779,#780,#781,#782,#783,#784,#785,#786,#787,#788,#789,#790,
    #791,#792,#793,#794,#795,#796,#797,#798,#799,#800,#801,#802,#803,
    #804,#805,#806,#807,#808,#809,#810,#811,#812,#813,#814,#815,#816,
    #817,#818,#819,#820),.UNSPECIFIED.,.F.,.F.,(4,1,1,1,1,1,1,1,1,1,1,1,
    1,1,1,1,1,1,1,1,1,1,1,1,1,1,1,1,1,1,1,1,1,1,1,1,1,1,1,1,1,1,1,1,1,1,
    1,1,1,1,1,1,1,1,1,1,1,1,1,1,1,1,1,1,1,1,1,1,1,1,1,1,1,1,1,1,1,1,1,1,
    1,1,1,1,1,1,1,1,1,1,1,1,1,1,1,1,1,1,1,1,1,1,1,1,1,1,1,1,1,1,1,1,1,1,
    1,1,1,1,1,1,1,1,1,1,4),(0.,3.825348486101E-02,5.430853348674E-02,
    6.675617629157E-02,7.735884378815E-02,8.679755798888E-02,
    9.542083346997E-02,0.103435317105,0.110975441185,0.118134466631,
    0.124980232214,0.131563916605,0.137925263337,0.144095870271,
    0.150101352936,0.155962819326,0.16169790603,0.167321525098,
    0.172846414439,0.178283551377,0.18364246875,0.188931500289,
    0.194157973749,0.199328364902,0.20444842177,0.209523265982,
    0.214557476318,0.219555158251,0.224520002363,0.229455333832,
    0.234364154694,0.239249180184,0.244112870201,0.248957456702,
    0.253784967687,0.258597248282,0.263395979354,0.268182693996,
    0.272958792175,0.27772555377,0.282484150212,0.287235654883,
    0.291981052431,0.296721247119,0.301457070315,0.306189287223,
    0.310919293077,0.315655371856,0.320399980632,0.32515309033,
    0.329914691623,0.33468478033,0.339463354215,0.344250411941,
    0.349045952647,0.353849975744,0.358662480811,0.363483467539,
    0.368312935692,0.373150885086,0.377997315577,0.382852227048,
    0.387715619403,0.392587492562,0.397467846459,0.402356681039,
    0.407253996253,0.41215979206,0.417074068425,0.421996825315,
    0.426928062704,0.431867780568,0.436815978885,0.441772657636,
    0.446737816804,0.451711456374,0.456693576332,0.461684176666,
    0.466683257364,0.471690818415,0.476706859811,0.481731381543,
    0.486764383603,0.491805865984,0.496855828678,0.50191427168,
    0.506981194984,0.512056598584,0.517140482477,0.522232846656,
    0.527333691118,0.532443015859,0.537560820874,0.542687106161,
    0.547821871717,0.552965117537,0.55811684362,0.563277049962,
    0.56844573656,0.573622903413,0.578808550518,0.584002677873,
    0.589205285476,0.594416373325,0.599635941417,0.604863989752,
    0.610100518327,0.615345527141,0.620599016193,0.62586098548,
    0.631131435002,0.636410364758,0.641697774745,0.646993664963,
    0.652298035411,0.657610886087,0.66293221699,0.668262028121,
    0.673600319476,0.678947091057,0.684302342861,0.689666074887,
    0.695038287136,0.700418979606,0.700983298372),.UNSPECIFIED.);
#694 = CARTESIAN_POINT('',(-0.85751162888,-2.261374765535,-4.5000003514)
  );
#695 = CARTESIAN_POINT('',(-0.869488151041,-2.256816866764,-4.5000003514
    ));
#696 = CARTESIAN_POINT('',(-0.887192386192,-2.252396696834,-4.5000003514
    ));
#697 = CARTESIAN_POINT('',(-0.90940025437,-2.250557715534,-4.5000003514)
  );
#698 = CARTESIAN_POINT('',(-0.922447369871,-2.250590880338,-4.5000003514
    ));
#699 = CARTESIAN_POINT('',(-0.933256922949,-2.251356338391,-4.5000003514
    ));
#700 = CARTESIAN_POINT('',(-0.942736656828,-2.252590345192,-4.5000003514
    ));
#701 = CARTESIAN_POINT('',(-0.951288976246,-2.25416315885,-4.5000003514)
  );
#702 = CARTESIAN_POINT('',(-0.959139388572,-2.255998537058,-4.5000003514
    ));
#703 = CARTESIAN_POINT('',(-0.966430654119,-2.258046783476,-4.5000003514
    ));
#704 = CARTESIAN_POINT('',(-0.973260457044,-2.260273247275,-4.5000003514
    ));
#705 = CARTESIAN_POINT('',(-0.979699369929,-2.262652549792,-4.5000003514
    ));
#706 = CARTESIAN_POINT('',(-0.985800489937,-2.265165396647,-4.5000003514
    ));
#707 = CARTESIAN_POINT('',(-0.991605048279,-2.267796677686,-4.5000003514
    ));
#708 = CARTESIAN_POINT('',(-0.997145886435,-2.270534270013,-4.5000003514
    ));
#709 = CARTESIAN_POINT('',(-1.002449717752,-2.273368248927,-4.5000003514
    ));
#710 = CARTESIAN_POINT('',(-1.007538657935,-2.276290348503,-4.5000003514
    ));
#711 = CARTESIAN_POINT('',(-1.012431294843,-2.279293581457,-4.5000003514
    ));
#712 = CARTESIAN_POINT('',(-1.017143456867,-2.282371964332,-4.5000003514
    ));
#713 = CARTESIAN_POINT('',(-1.021688777659,-2.285520314459,-4.5000003514
    ));
#714 = CARTESIAN_POINT('',(-1.026079119473,-2.288734097124,-4.5000003514
    ));
#715 = CARTESIAN_POINT('',(-1.030324895982,-2.292009308664,-4.5000003514
    ));
#716 = CARTESIAN_POINT('',(-1.034435322169,-2.295342385739,-4.5000003514
    ));
#717 = CARTESIAN_POINT('',(-1.038418610311,-2.298730134074,-4.5000003514
    ));
#718 = CARTESIAN_POINT('',(-1.042282125518,-2.302169671847,-4.5000003514
    ));
#719 = CARTESIAN_POINT('',(-1.046032510493,-2.305658384254,-4.5000003514
    ));
#720 = CARTESIAN_POINT('',(-1.049675786572,-2.309193886715,-4.5000003514
    ));
#721 = CARTESIAN_POINT('',(-1.053217436315,-2.312773994808,-4.5000003514
    ));
#722 = CARTESIAN_POINT('',(-1.056662471588,-2.316396699495,-4.5000003514
    ));
#723 = CARTESIAN_POINT('',(-1.060015490158,-2.320060146542,-4.5000003514
    ));
#724 = CARTESIAN_POINT('',(-1.063280723117,-2.323762619284,-4.5000003514
    ));
#725 = CARTESIAN_POINT('',(-1.066462074932,-2.327502524072,-4.5000003514
    ));
#726 = CARTESIAN_POINT('',(-1.06956315753,-2.331278377886,-4.5000003514)
  );
#727 = CARTESIAN_POINT('',(-1.07258731954,-2.335088797712,-4.5000003514)
  );
#728 = CARTESIAN_POINT('',(-1.075537671543,-2.338932491349,-4.5000003514
    ));
#729 = CARTESIAN_POINT('',(-1.078417108051,-2.342808249407,-4.5000003514
    ));
#730 = CARTESIAN_POINT('',(-1.081228326784,-2.346714938257,-4.5000003514
    ));
#731 = CARTESIAN_POINT('',(-1.083973845548,-2.350651493873,-4.5000003514
    ));
#732 = CARTESIAN_POINT('',(-1.08665601769,-2.354616916091,-4.5000003514)
  );
#733 = CARTESIAN_POINT('',(-1.089277044067,-2.358610264428,-4.5000003514
    ));
#734 = CARTESIAN_POINT('',(-1.091838990535,-2.362630650736,-4.5000003514
    ));
#735 = CARTESIAN_POINT('',(-1.094343778542,-2.366677245936,-4.5000003514
    ));
#736 = CARTESIAN_POINT('',(-1.096793270318,-2.370749236243,-4.5000003514
    ));
#737 = CARTESIAN_POINT('',(-1.09918899705,-2.374845969213,-4.5000003514)
  );
#738 = CARTESIAN_POINT('',(-1.101533212656,-2.378966394201,-4.5000003514
    ));
#739 = CARTESIAN_POINT('',(-1.103825004861,-2.383111133108,-4.5000003514
    ));
#740 = CARTESIAN_POINT('',(-1.106074933164,-2.387274951895,-4.5000003514
    ));
#741 = CARTESIAN_POINT('',(-1.108251943146,-2.391477634724,-4.5000003514
    ));
#742 = CARTESIAN_POINT('',(-1.110557240222,-2.395616478975,-4.5000003514
    ));
#743 = CARTESIAN_POINT('',(-1.112951079093,-2.399713155367,-4.5000003514
    ));
#744 = CARTESIAN_POINT('',(-1.115420256988,-2.403774841386,-4.5000003514
    ));
#745 = CARTESIAN_POINT('',(-1.117954582987,-2.407806154449,-4.5000003514
    ));
#746 = CARTESIAN_POINT('',(-1.120547637919,-2.411810036483,-4.5000003514
    ));
#747 = CARTESIAN_POINT('',(-1.123194521817,-2.415788708591,-4.5000003514
    ));
#748 = CARTESIAN_POINT('',(-1.125891477081,-2.419743867681,-4.5000003514
    ));
#749 = CARTESIAN_POINT('',(-1.128635469623,-2.423676874216,-4.5000003514
    ));
#750 = CARTESIAN_POINT('',(-1.131423996611,-2.427588842877,-4.5000003514
    ));
#751 = CARTESIAN_POINT('',(-1.134254946083,-2.431480707137,-4.5000003514
    ));
#752 = CARTESIAN_POINT('',(-1.137126506862,-2.435353261109,-4.5000003514
    ));
#753 = CARTESIAN_POINT('',(-1.140037103972,-2.439207189437,-4.5000003514
    ));
#754 = CARTESIAN_POINT('',(-1.142985352143,-2.443043088842,-4.5000003514
    ));
#755 = CARTESIAN_POINT('',(-1.14597002106,-2.446861484222,-4.5000003514)
  );
#756 = CARTESIAN_POINT('',(-1.148990008891,-2.450662840912,-4.5000003514
    ));
#757 = CARTESIAN_POINT('',(-1.15204432171,-2.454447574227,-4.5000003514)
  );
#758 = CARTESIAN_POINT('',(-1.155132057227,-2.458216056991,-4.5000003514
    ));
#759 = CARTESIAN_POINT('',(-1.15825239174,-2.461968625591,-4.5000003514)
  );
#760 = CARTESIAN_POINT('',(-1.161404569527,-2.465705584887,-4.5000003514
    ));
#761 = CARTESIAN_POINT('',(-1.164587894127,-2.469427212251,-4.5000003514
    ));
#762 = CARTESIAN_POINT('',(-1.167801721101,-2.473133760929,-4.5000003514
    ));
#763 = CARTESIAN_POINT('',(-1.171045451958,-2.476825462844,-4.5000003514
    ));
#764 = CARTESIAN_POINT('',(-1.174318529028,-2.480502530983,-4.5000003514
    ));
#765 = CARTESIAN_POINT('',(-1.177620431084,-2.484165161419,-4.5000003514
    ));
#766 = CARTESIAN_POINT('',(-1.180950669601,-2.487813535046,-4.5000003514
    ));
#767 = CARTESIAN_POINT('',(-1.184308785512,-2.491447819083,-4.5000003514
    ));
#768 = CARTESIAN_POINT('',(-1.187694346402,-2.495068168375,-4.5000003514
    ));
#769 = CARTESIAN_POINT('',(-1.191106944053,-2.498674726528,-4.5000003514
    ));
#770 = CARTESIAN_POINT('',(-1.194546192294,-2.502267626908,-4.5000003514
    ));
#771 = CARTESIAN_POINT('',(-1.198011725099,-2.505846993522,-4.5000003514
    ));
#772 = CARTESIAN_POINT('',(-1.201503194914,-2.509412941794,-4.5000003514
    ));
#773 = CARTESIAN_POINT('',(-1.20502027116,-2.512965579256,-4.5000003514)
  );
#774 = CARTESIAN_POINT('',(-1.208562638902,-2.516505006169,-4.5000003514
    ));
#775 = CARTESIAN_POINT('',(-1.212129997655,-2.520031316071,-4.5000003514
    ));
#776 = CARTESIAN_POINT('',(-1.215722060319,-2.52354459628,-4.5000003514)
  );
#777 = CARTESIAN_POINT('',(-1.219338552204,-2.527044928333,-4.5000003514
    ));
#778 = CARTESIAN_POINT('',(-1.222979210168,-2.530532388399,-4.5000003514
    ));
#779 = CARTESIAN_POINT('',(-1.226643781818,-2.53400704764,-4.5000003514)
  );
#780 = CARTESIAN_POINT('',(-1.230332024796,-2.537468972546,-4.5000003514
    ));
#781 = CARTESIAN_POINT('',(-1.234043706123,-2.540918225238,-4.5000003514
    ));
#782 = CARTESIAN_POINT('',(-1.237778601602,-2.544354863745,-4.5000003514
    ));
#783 = CARTESIAN_POINT('',(-1.24153649527,-2.54777894226,-4.5000003514)
  );
#784 = CARTESIAN_POINT('',(-1.2453171789,-2.551190511369,-4.5000003514)
  );
#785 = CARTESIAN_POINT('',(-1.249120451533,-2.554589618268,-4.5000003514
    ));
#786 = CARTESIAN_POINT('',(-1.252946119062,-2.557976306956,-4.5000003514
    ));
#787 = CARTESIAN_POINT('',(-1.256793993833,-2.561350618423,-4.5000003514
    ));
#788 = CARTESIAN_POINT('',(-1.260663894289,-2.56471259081,-4.5000003514)
  );
#789 = CARTESIAN_POINT('',(-1.264555644631,-2.568062259572,-4.5000003514
    ));
#790 = CARTESIAN_POINT('',(-1.268469074509,-2.571399657615,-4.5000003514
    ));
#791 = CARTESIAN_POINT('',(-1.272404018735,-2.574724815437,-4.5000003514
    ));
#792 = CARTESIAN_POINT('',(-1.276360317012,-2.578037761246,-4.5000003514
    ));
#793 = CARTESIAN_POINT('',(-1.280337813687,-2.581338521082,-4.5000003514
    ));
#794 = CARTESIAN_POINT('',(-1.284336357515,-2.584627118918,-4.5000003514
    ));
#795 = CARTESIAN_POINT('',(-1.288355801446,-2.587903576769,-4.5000003514
    ));
#796 = CARTESIAN_POINT('',(-1.292396002416,-2.591167914781,-4.5000003514
    ));
#797 = CARTESIAN_POINT('',(-1.296456821162,-2.59442015132,-4.5000003514)
  );
#798 = CARTESIAN_POINT('',(-1.30053812204,-2.597660303058,-4.5000003514)
  );
#799 = CARTESIAN_POINT('',(-1.304639772857,-2.600888385047,-4.5000003514
    ));
#800 = CARTESIAN_POINT('',(-1.308761644718,-2.604104410795,-4.5000003514
    ));
#801 = CARTESIAN_POINT('',(-1.312903611875,-2.607308392334,-4.5000003514
    ));
#802 = CARTESIAN_POINT('',(-1.317065551587,-2.610500340283,-4.5000003514
    ));
#803 = CARTESIAN_POINT('',(-1.321247343991,-2.613680263913,-4.5000003514
    ));
#804 = CARTESIAN_POINT('',(-1.325448871976,-2.616848171199,-4.5000003514
    ));
#805 = CARTESIAN_POINT('',(-1.329670021069,-2.620004068879,-4.5000003514
    ));
#806 = CARTESIAN_POINT('',(-1.333910679323,-2.623147962504,-4.5000003514
    ));
#807 = CARTESIAN_POINT('',(-1.338170737212,-2.626279856485,-4.5000003514
    ));
#808 = CARTESIAN_POINT('',(-1.342450087534,-2.629399754143,-4.5000003514
    ));
#809 = CARTESIAN_POINT('',(-1.346748625315,-2.632507657748,-4.5000003514
    ));
#810 = CARTESIAN_POINT('',(-1.351066247724,-2.635603568562,-4.5000003514
    ));
#811 = CARTESIAN_POINT('',(-1.355402853983,-2.638687486883,-4.5000003514
    ));
#812 = CARTESIAN_POINT('',(-1.359758345298,-2.641759412066,-4.5000003514
    ));
#813 = CARTESIAN_POINT('',(-1.364132624766,-2.644819342587,-4.5000003514
    ));
#814 = CARTESIAN_POINT('',(-1.36852559732,-2.647867276047,-4.5000003514)
  );
#815 = CARTESIAN_POINT('',(-1.372937169651,-2.650903209222,-4.5000003514
    ));
#816 = CARTESIAN_POINT('',(-1.377367250143,-2.653927138089,-4.5000003514
    ));
#817 = CARTESIAN_POINT('',(-1.381815748815,-2.656939057852,-4.5000003514
    ));
#818 = CARTESIAN_POINT('',(-1.384947445838,-2.659042293752,-4.5000003514
    ));
#819 = CARTESIAN_POINT('',(-1.386594820655,-2.660143737598,-4.5000003514
    ));
#820 = CARTESIAN_POINT('',(-1.386751214999,-2.660248259415,-4.5000003514
    ));
#821 = PCURVE('',#156,#822);
#822 = DEFINITIONAL_REPRESENTATION('',(#823),#951);
#823 = B_SPLINE_CURVE_WITH_KNOTS('',3,(#824,#825,#826,#827,#828,#829,
    #830,#831,#832,#833,#834,#835,#836,#837,#838,#839,#840,#841,#842,
    #843,#844,#845,#846,#847,#848,#849,#850,#851,#852,#853,#854,#855,
    #856,#857,#858,#859,#860,#861,#862,#863,#864,#865,#866,#867,#868,
    #869,#870,#871,#872,#873,#874,#875,#876,#877,#878,#879,#880,#881,
    #882,#883,#884,#885,#886,#887,#888,#889,#890,#891,#892,#893,#894,
    #895,#896,#897,#898,#899,#900,#901,#902,#903,#904,#905,#906,#907,
    #908,#909,#910,#911,#912,#913,#914,#915,#916,#917,#918,#919,#920,
    #921,#922,#923,#924,#925,#926,#927,#928,#929,#930,#931,#932,#933,
    #934,#935,#936,#937,#938,#939,#940,#941,#942,#943,#944,#945,#946,
    #947,#948,#949,#950),.UNSPECIFIED.,.F.,.F.,(4,1,1,1,1,1,1,1,1,1,1,1,
    1,1,1,1,1,1,1,1,1,1,1,1,1,1,1,1,1,1,1,1,1,1,1,1,1,1,1,1,1,1,1,1,1,1,
    1,1,1,1,1,1,1,1,1,1,1,1,1,1,1,1,1,1,1,1,1,1,1,1,1,1,1,1,1,1,1,1,1,1,
    1,1,1,1,1,1,1,1,1,1,1,1,1,1,1,1,1,1,1,1,1,1,1,1,1,1,1,1,1,1,1,1,1,1,
    1,1,1,1,1,1,1,1,1,1,4),(0.,3.825348486101E-02,5.430853348674E-02,
    6.675617629157E-02,7.735884378815E-02,8.679755798888E-02,
    9.542083346997E-02,0.103435317105,0.110975441185,0.118134466631,
    0.124980232214,0.131563916605,0.137925263337,0.144095870271,
    0.150101352936,0.155962819326,0.16169790603,0.167321525098,
    0.172846414439,0.178283551377,0.18364246875,0.188931500289,
    0.194157973749,0.199328364902,0.20444842177,0.209523265982,
    0.214557476318,0.219555158251,0.224520002363,0.229455333832,
    0.234364154694,0.239249180184,0.244112870201,0.248957456702,
    0.253784967687,0.258597248282,0.263395979354,0.268182693996,
    0.272958792175,0.27772555377,0.282484150212,0.287235654883,
    0.291981052431,0.296721247119,0.301457070315,0.306189287223,
    0.310919293077,0.315655371856,0.320399980632,0.32515309033,
    0.329914691623,0.33468478033,0.339463354215,0.344250411941,
    0.349045952647,0.353849975744,0.358662480811,0.363483467539,
    0.368312935692,0.373150885086,0.377997315577,0.382852227048,
    0.387715619403,0.392587492562,0.397467846459,0.402356681039,
    0.407253996253,0.41215979206,0.417074068425,0.421996825315,
    0.426928062704,0.431867780568,0.436815978885,0.441772657636,
    0.446737816804,0.451711456374,0.456693576332,0.461684176666,
    0.466683257364,0.471690818415,0.476706859811,0.481731381543,
    0.486764383603,0.491805865984,0.496855828678,0.50191427168,
    0.506981194984,0.512056598584,0.517140482477,0.522232846656,
    0.527333691118,0.532443015859,0.537560820874,0.542687106161,
    0.547821871717,0.552965117537,0.55811684362,0.563277049962,
    0.56844573656,0.573622903413,0.578808550518,0.584002677873,
    0.589205285476,0.594416373325,0.599635941417,0.604863989752,
    0.610100518327,0.615345527141,0.620599016193,0.62586098548,
    0.631131435002,0.636410364758,0.641697774745,0.646993664963,
    0.652298035411,0.657610886087,0.66293221699,0.668262028121,
    0.673600319476,0.678947091057,0.684302342861,0.689666074887,
    0.695038287136,0.700418979606,0.700983298372),.UNSPECIFIED.);
#824 = CARTESIAN_POINT('',(2.261374815535,0.85751162888));
#825 = CARTESIAN_POINT('',(2.256816916764,0.869488151041));
#826 = CARTESIAN_POINT('',(2.252396746834,0.887192386192));
#827 = CARTESIAN_POINT('',(2.250557765534,0.90940025437));
#828 = CARTESIAN_POINT('',(2.250590930338,0.922447369871));
#829 = CARTESIAN_POINT('',(2.251356388391,0.933256922949));
#830 = CARTESIAN_POINT('',(2.252590395192,0.942736656828));
#831 = CARTESIAN_POINT('',(2.25416320885,0.951288976246));
#832 = CARTESIAN_POINT('',(2.255998587058,0.959139388572));
#833 = CARTESIAN_POINT('',(2.258046833476,0.966430654119));
#834 = CARTESIAN_POINT('',(2.260273297275,0.973260457044));
#835 = CARTESIAN_POINT('',(2.262652599792,0.979699369929));
#836 = CARTESIAN_POINT('',(2.265165446647,0.985800489937));
#837 = CARTESIAN_POINT('',(2.267796727686,0.991605048279));
#838 = CARTESIAN_POINT('',(2.270534320013,0.997145886435));
#839 = CARTESIAN_POINT('',(2.273368298927,1.002449717752));
#840 = CARTESIAN_POINT('',(2.276290398503,1.007538657935));
#841 = CARTESIAN_POINT('',(2.279293631457,1.012431294843));
#842 = CARTESIAN_POINT('',(2.282372014332,1.017143456867));
#843 = CARTESIAN_POINT('',(2.285520364459,1.021688777659));
#844 = CARTESIAN_POINT('',(2.288734147124,1.026079119473));
#845 = CARTESIAN_POINT('',(2.292009358664,1.030324895982));
#846 = CARTESIAN_POINT('',(2.295342435739,1.034435322169));
#847 = CARTESIAN_POINT('',(2.298730184074,1.038418610311));
#848 = CARTESIAN_POINT('',(2.302169721847,1.042282125518));
#849 = CARTESIAN_POINT('',(2.305658434254,1.046032510493));
#850 = CARTESIAN_POINT('',(2.309193936715,1.049675786572));
#851 = CARTESIAN_POINT('',(2.312774044808,1.053217436315));
#852 = CARTESIAN_POINT('',(2.316396749495,1.056662471588));
#853 = CARTESIAN_POINT('',(2.320060196542,1.060015490158));
#854 = CARTESIAN_POINT('',(2.323762669284,1.063280723117));
#855 = CARTESIAN_POINT('',(2.327502574072,1.066462074932));
#856 = CARTESIAN_POINT('',(2.331278427886,1.06956315753));
#857 = CARTESIAN_POINT('',(2.335088847712,1.07258731954));
#858 = CARTESIAN_POINT('',(2.338932541349,1.075537671543));
#859 = CARTESIAN_POINT('',(2.342808299407,1.078417108051));
#860 = CARTESIAN_POINT('',(2.346714988257,1.081228326784));
#861 = CARTESIAN_POINT('',(2.350651543873,1.083973845548));
#862 = CARTESIAN_POINT('',(2.354616966091,1.08665601769));
#863 = CARTESIAN_POINT('',(2.358610314428,1.089277044067));
#864 = CARTESIAN_POINT('',(2.362630700736,1.091838990535));
#865 = CARTESIAN_POINT('',(2.366677295936,1.094343778542));
#866 = CARTESIAN_POINT('',(2.370749286243,1.096793270318));
#867 = CARTESIAN_POINT('',(2.374846019213,1.09918899705));
#868 = CARTESIAN_POINT('',(2.378966444201,1.101533212656));
#869 = CARTESIAN_POINT('',(2.383111183108,1.103825004861));
#870 = CARTESIAN_POINT('',(2.387275001895,1.106074933164));
#871 = CARTESIAN_POINT('',(2.391477684724,1.108251943146));
#872 = CARTESIAN_POINT('',(2.395616528975,1.110557240222));
#873 = CARTESIAN_POINT('',(2.399713205367,1.112951079093));
#874 = CARTESIAN_POINT('',(2.403774891386,1.115420256988));
#875 = CARTESIAN_POINT('',(2.407806204449,1.117954582987));
#876 = CARTESIAN_POINT('',(2.411810086483,1.120547637919));
#877 = CARTESIAN_POINT('',(2.415788758591,1.123194521817));
#878 = CARTESIAN_POINT('',(2.419743917681,1.125891477081));
#879 = CARTESIAN_POINT('',(2.423676924216,1.128635469623));
#880 = CARTESIAN_POINT('',(2.427588892877,1.131423996611));
#881 = CARTESIAN_POINT('',(2.431480757137,1.134254946083));
#882 = CARTESIAN_POINT('',(2.435353311109,1.137126506862));
#883 = CARTESIAN_POINT('',(2.439207239437,1.140037103972));
#884 = CARTESIAN_POINT('',(2.443043138842,1.142985352143));
#885 = CARTESIAN_POINT('',(2.446861534222,1.14597002106));
#886 = CARTESIAN_POINT('',(2.450662890912,1.148990008891));
#887 = CARTESIAN_POINT('',(2.454447624227,1.15204432171));
#888 = CARTESIAN_POINT('',(2.458216106991,1.155132057227));
#889 = CARTESIAN_POINT('',(2.461968675591,1.15825239174));
#890 = CARTESIAN_POINT('',(2.465705634887,1.161404569527));
#891 = CARTESIAN_POINT('',(2.469427262251,1.164587894127));
#892 = CARTESIAN_POINT('',(2.473133810929,1.167801721101));
#893 = CARTESIAN_POINT('',(2.476825512844,1.171045451958));
#894 = CARTESIAN_POINT('',(2.480502580983,1.174318529028));
#895 = CARTESIAN_POINT('',(2.484165211419,1.177620431084));
#896 = CARTESIAN_POINT('',(2.487813585046,1.180950669601));
#897 = CARTESIAN_POINT('',(2.491447869083,1.184308785512));
#898 = CARTESIAN_POINT('',(2.495068218375,1.187694346402));
#899 = CARTESIAN_POINT('',(2.498674776528,1.191106944053));
#900 = CARTESIAN_POINT('',(2.502267676908,1.194546192294));
#901 = CARTESIAN_POINT('',(2.505847043522,1.198011725099));
#902 = CARTESIAN_POINT('',(2.509412991794,1.201503194914));
#903 = CARTESIAN_POINT('',(2.512965629256,1.20502027116));
#904 = CARTESIAN_POINT('',(2.516505056169,1.208562638902));
#905 = CARTESIAN_POINT('',(2.520031366071,1.212129997655));
#906 = CARTESIAN_POINT('',(2.52354464628,1.215722060319));
#907 = CARTESIAN_POINT('',(2.527044978333,1.219338552204));
#908 = CARTESIAN_POINT('',(2.530532438399,1.222979210168));
#909 = CARTESIAN_POINT('',(2.53400709764,1.226643781818));
#910 = CARTESIAN_POINT('',(2.537469022546,1.230332024796));
#911 = CARTESIAN_POINT('',(2.540918275238,1.234043706123));
#912 = CARTESIAN_POINT('',(2.544354913745,1.237778601602));
#913 = CARTESIAN_POINT('',(2.54777899226,1.24153649527));
#914 = CARTESIAN_POINT('',(2.551190561369,1.2453171789));
#915 = CARTESIAN_POINT('',(2.554589668268,1.249120451533));
#916 = CARTESIAN_POINT('',(2.557976356956,1.252946119062));
#917 = CARTESIAN_POINT('',(2.561350668423,1.256793993833));
#918 = CARTESIAN_POINT('',(2.56471264081,1.260663894289));
#919 = CARTESIAN_POINT('',(2.568062309572,1.264555644631));
#920 = CARTESIAN_POINT('',(2.571399707615,1.268469074509));
#921 = CARTESIAN_POINT('',(2.574724865437,1.272404018735));
#922 = CARTESIAN_POINT('',(2.578037811246,1.276360317012));
#923 = CARTESIAN_POINT('',(2.581338571082,1.280337813687));
#924 = CARTESIAN_POINT('',(2.584627168918,1.284336357515));
#925 = CARTESIAN_POINT('',(2.587903626769,1.288355801446));
#926 = CARTESIAN_POINT('',(2.591167964781,1.292396002416));
#927 = CARTESIAN_POINT('',(2.59442020132,1.296456821162));
#928 = CARTESIAN_POINT('',(2.597660353058,1.30053812204));
#929 = CARTESIAN_POINT('',(2.600888435047,1.304639772857));
#930 = CARTESIAN_POINT('',(2.604104460795,1.308761644718));
#931 = CARTESIAN_POINT('',(2.607308442334,1.312903611875));
#932 = CARTESIAN_POINT('',(2.610500390283,1.317065551587));
#933 = CARTESIAN_POINT('',(2.613680313913,1.321247343991));
#934 = CARTESIAN_POINT('',(2.616848221199,1.325448871976));
#935 = CARTESIAN_POINT('',(2.620004118879,1.329670021069));
#936 = CARTESIAN_POINT('',(2.623148012504,1.333910679323));
#937 = CARTESIAN_POINT('',(2.626279906485,1.338170737212));
#938 = CARTESIAN_POINT('',(2.629399804143,1.342450087534));
#939 = CARTESIAN_POINT('',(2.632507707748,1.346748625315));
#940 = CARTESIAN_POINT('',(2.635603618562,1.351066247724));
#941 = CARTESIAN_POINT('',(2.638687536883,1.355402853983));
#942 = CARTESIAN_POINT('',(2.641759462066,1.359758345298));
#943 = CARTESIAN_POINT('',(2.644819392587,1.364132624766));
#944 = CARTESIAN_POINT('',(2.647867326047,1.36852559732));
#945 = CARTESIAN_POINT('',(2.650903259222,1.372937169651));
#946 = CARTESIAN_POINT('',(2.653927188089,1.377367250143));
#947 = CARTESIAN_POINT('',(2.656939107852,1.381815748815));
#948 = CARTESIAN_POINT('',(2.659042343752,1.384947445838));
#949 = CARTESIAN_POINT('',(2.660143787598,1.386594820656));
#950 = CARTESIAN_POINT('',(2.660248309415,1.386751215));
#951 = ( GEOMETRIC_REPRESENTATION_CONTEXT(2) 
PARAMETRIC_REPRESENTATION_CONTEXT() REPRESENTATION_CONTEXT('2D SPACE',''
  ) );
#952 = PCURVE('',#953,#958);
#953 = PLANE('',#954);
#954 = AXIS2_PLACEMENT_3D('',#955,#956,#957);
#955 = CARTESIAN_POINT('',(-10.,-10.,-4.5));
#956 = DIRECTION('',(0.,0.,1.));
#957 = DIRECTION('',(1.,0.,-0.));
#958 = DEFINITIONAL_REPRESENTATION('',(#959),#1087);
#959 = B_SPLINE_CURVE_WITH_KNOTS('',3,(#960,#961,#962,#963,#964,#965,
    #966,#967,#968,#969,#970,#971,#972,#973,#974,#975,#976,#977,#978,
    #979,#980,#981,#982,#983,#984,#985,#986,#987,#988,#989,#990,#991,
    #992,#993,#994,#995,#996,#997,#998,#999,#1000,#1001,#1002,#1003,
    #1004,#1005,#1006,#1007,#1008,#1009,#1010,#1011,#1012,#1013,#1014,
    #1015,#1016,#1017,#1018,#1019,#1020,#1021,#1022,#1023,#1024,#1025,
    #1026,#1027,#1028,#1029,#1030,#1031,#1032,#1033,#1034,#1035,#1036,
    #1037,#1038,#1039,#1040,#1041,#1042,#1043,#1044,#1045,#1046,#1047,
    #1048,#1049,#1050,#1051,#1052,#1053,#1054,#1055,#1056,#1057,#1058,
    #1059,#1060,#1061,#1062,#1063,#1064,#1065,#1066,#1067,#1068,#1069,
    #1070,#1071,#1072,#1073,#1074,#1075,#1076,#1077,#1078,#1079,#1080,
    #1081,#1082,#1083,#1084,#1085,#1086),.UNSPECIFIED.,.F.,.F.,(4,1,1,1,
    1,1,1,1,1,1,1,1,1,1,1,1,1,1,1,1,1,1,1,1,1,1,1,1,1,1,1,1,1,1,1,1,1,1,
    1,1,1,1,1,1,1,1,1,1,1,1,1,1,1,1,1,1,1,1,1,1,1,1,1,1,1,1,1,1,1,1,1,1,
    1,1,1,1,1,1,1,1,1,1,1,1,1,1,1,1,1,1,1,1,1,1,1,1,1,1,1,1,1,1,1,1,1,1,
    1,1,1,1,1,1,1,1,1,1,1,1,1,1,1,1,1,1,4),(0.,3.825348486101E-02,
    5.430853348674E-02,6.675617629157E-02,7.735884378815E-02,
    8.679755798888E-02,9.542083346997E-02,0.103435317105,0.110975441185,
    0.118134466631,0.124980232214,0.131563916605,0.137925263337,
    0.144095870271,0.150101352936,0.155962819326,0.16169790603,
    0.167321525098,0.172846414439,0.178283551377,0.18364246875,
    0.188931500289,0.194157973749,0.199328364902,0.20444842177,
    0.209523265982,0.214557476318,0.219555158251,0.224520002363,
    0.229455333832,0.234364154694,0.239249180184,0.244112870201,
    0.248957456702,0.253784967687,0.258597248282,0.263395979354,
    0.268182693996,0.272958792175,0.27772555377,0.282484150212,
    0.287235654883,0.291981052431,0.296721247119,0.301457070315,
    0.306189287223,0.310919293077,0.315655371856,0.320399980632,
    0.32515309033,0.329914691623,0.33468478033,0.339463354215,
    0.344250411941,0.349045952647,0.353849975744,0.358662480811,
    0.363483467539,0.368312935692,0.373150885086,0.377997315577,
    0.382852227048,0.387715619403,0.392587492562,0.397467846459,
    0.402356681039,0.407253996253,0.41215979206,0.417074068425,
    0.421996825315,0.426928062704,0.431867780568,0.436815978885,
    0.441772657636,0.446737816804,0.451711456374,0.456693576332,
    0.461684176666,0.466683257364,0.471690818415,0.476706859811,
    0.481731381543,0.486764383603,0.491805865984,0.496855828678,
    0.50191427168,0.506981194984,0.512056598584,0.517140482477,
    0.522232846656,0.527333691118,0.532443015859,0.537560820874,
    0.542687106161,0.547821871717,0.552965117537,0.55811684362,
    0.563277049962,0.56844573656,0.573622903413,0.578808550518,
    0.584002677873,0.589205285476,0.594416373325,0.599635941417,
    0.604863989752,0.610100518327,0.615345527141,0.620599016193,
    0.62586098548,0.631131435002,0.636410364758,0.641697774745,
    0.646993664963,0.652298035411,0.657610886087,0.66293221699,
    0.668262028121,0.673600319476,0.678947091057,0.684302342861,
    0.689666074887,0.695038287136,0.700418979606,0.700983298372),
  .UNSPECIFIED.);
#960 = CARTESIAN_POINT('',(9.14248837112,7.738625234465));
#961 = CARTESIAN_POINT('',(9.130511848959,7.743183133236));
#962 = CARTESIAN_POINT('',(9.112807613808,7.747603303166));
#963 = CARTESIAN_POINT('',(9.09059974563,7.749442284466));
#964 = CARTESIAN_POINT('',(9.077552630129,7.749409119662));
#965 = CARTESIAN_POINT('',(9.066743077051,7.748643661609));
#966 = CARTESIAN_POINT('',(9.057263343172,7.747409654808));
#967 = CARTESIAN_POINT('',(9.048711023754,7.74583684115));
#968 = CARTESIAN_POINT('',(9.040860611428,7.744001462942));
#969 = CARTESIAN_POINT('',(9.033569345881,7.741953216524));
#970 = CARTESIAN_POINT('',(9.026739542956,7.739726752725));
#971 = CARTESIAN_POINT('',(9.020300630071,7.737347450208));
#972 = CARTESIAN_POINT('',(9.014199510063,7.734834603353));
#973 = CARTESIAN_POINT('',(9.008394951721,7.732203322314));
#974 = CARTESIAN_POINT('',(9.002854113565,7.729465729987));
#975 = CARTESIAN_POINT('',(8.997550282248,7.726631751073));
#976 = CARTESIAN_POINT('',(8.992461342065,7.723709651497));
#977 = CARTESIAN_POINT('',(8.987568705157,7.720706418543));
#978 = CARTESIAN_POINT('',(8.982856543133,7.717628035668));
#979 = CARTESIAN_POINT('',(8.978311222341,7.714479685541));
#980 = CARTESIAN_POINT('',(8.973920880527,7.711265902876));
#981 = CARTESIAN_POINT('',(8.969675104018,7.707990691336));
#982 = CARTESIAN_POINT('',(8.965564677831,7.704657614261));
#983 = CARTESIAN_POINT('',(8.961581389689,7.701269865926));
#984 = CARTESIAN_POINT('',(8.957717874482,7.697830328153));
#985 = CARTESIAN_POINT('',(8.953967489507,7.694341615746));
#986 = CARTESIAN_POINT('',(8.950324213428,7.690806113285));
#987 = CARTESIAN_POINT('',(8.946782563685,7.687226005192));
#988 = CARTESIAN_POINT('',(8.943337528412,7.683603300505));
#989 = CARTESIAN_POINT('',(8.939984509842,7.679939853458));
#990 = CARTESIAN_POINT('',(8.936719276883,7.676237380716));
#991 = CARTESIAN_POINT('',(8.933537925068,7.672497475928));
#992 = CARTESIAN_POINT('',(8.93043684247,7.668721622114));
#993 = CARTESIAN_POINT('',(8.92741268046,7.664911202288));
#994 = CARTESIAN_POINT('',(8.924462328457,7.661067508651));
#995 = CARTESIAN_POINT('',(8.921582891949,7.657191750593));
#996 = CARTESIAN_POINT('',(8.918771673216,7.653285061743));
#997 = CARTESIAN_POINT('',(8.916026154452,7.649348506127));
#998 = CARTESIAN_POINT('',(8.91334398231,7.645383083909));
#999 = CARTESIAN_POINT('',(8.910722955933,7.641389735572));
#1000 = CARTESIAN_POINT('',(8.908161009465,7.637369349264));
#1001 = CARTESIAN_POINT('',(8.905656221458,7.633322754064));
#1002 = CARTESIAN_POINT('',(8.903206729682,7.629250763757));
#1003 = CARTESIAN_POINT('',(8.90081100295,7.625154030787));
#1004 = CARTESIAN_POINT('',(8.898466787344,7.621033605799));
#1005 = CARTESIAN_POINT('',(8.896174995139,7.616888866892));
#1006 = CARTESIAN_POINT('',(8.893925066836,7.612725048105));
#1007 = CARTESIAN_POINT('',(8.891748056854,7.608522365276));
#1008 = CARTESIAN_POINT('',(8.889442759778,7.604383521025));
#1009 = CARTESIAN_POINT('',(8.887048920907,7.600286844633));
#1010 = CARTESIAN_POINT('',(8.884579743012,7.596225158614));
#1011 = CARTESIAN_POINT('',(8.882045417013,7.592193845551));
#1012 = CARTESIAN_POINT('',(8.879452362081,7.588189963517));
#1013 = CARTESIAN_POINT('',(8.876805478183,7.584211291409));
#1014 = CARTESIAN_POINT('',(8.874108522919,7.580256132319));
#1015 = CARTESIAN_POINT('',(8.871364530377,7.576323125784));
#1016 = CARTESIAN_POINT('',(8.868576003389,7.572411157123));
#1017 = CARTESIAN_POINT('',(8.865745053917,7.568519292863));
#1018 = CARTESIAN_POINT('',(8.862873493138,7.564646738891));
#1019 = CARTESIAN_POINT('',(8.859962896028,7.560792810563));
#1020 = CARTESIAN_POINT('',(8.857014647857,7.556956911158));
#1021 = CARTESIAN_POINT('',(8.85402997894,7.553138515778));
#1022 = CARTESIAN_POINT('',(8.851009991109,7.549337159088));
#1023 = CARTESIAN_POINT('',(8.84795567829,7.545552425773));
#1024 = CARTESIAN_POINT('',(8.844867942773,7.541783943009));
#1025 = CARTESIAN_POINT('',(8.84174760826,7.538031374409));
#1026 = CARTESIAN_POINT('',(8.838595430473,7.534294415113));
#1027 = CARTESIAN_POINT('',(8.835412105873,7.530572787749));
#1028 = CARTESIAN_POINT('',(8.832198278899,7.526866239071));
#1029 = CARTESIAN_POINT('',(8.828954548042,7.523174537156));
#1030 = CARTESIAN_POINT('',(8.825681470972,7.519497469017));
#1031 = CARTESIAN_POINT('',(8.822379568916,7.515834838581));
#1032 = CARTESIAN_POINT('',(8.819049330399,7.512186464954));
#1033 = CARTESIAN_POINT('',(8.815691214488,7.508552180917));
#1034 = CARTESIAN_POINT('',(8.812305653598,7.504931831625));
#1035 = CARTESIAN_POINT('',(8.808893055947,7.501325273472));
#1036 = CARTESIAN_POINT('',(8.805453807706,7.497732373092));
#1037 = CARTESIAN_POINT('',(8.801988274901,7.494153006478));
#1038 = CARTESIAN_POINT('',(8.798496805086,7.490587058206));
#1039 = CARTESIAN_POINT('',(8.79497972884,7.487034420744));
#1040 = CARTESIAN_POINT('',(8.791437361098,7.483494993831));
#1041 = CARTESIAN_POINT('',(8.787870002345,7.479968683929));
#1042 = CARTESIAN_POINT('',(8.784277939681,7.47645540372));
#1043 = CARTESIAN_POINT('',(8.780661447796,7.472955071667));
#1044 = CARTESIAN_POINT('',(8.777020789832,7.469467611601));
#1045 = CARTESIAN_POINT('',(8.773356218182,7.46599295236));
#1046 = CARTESIAN_POINT('',(8.769667975204,7.462531027454));
#1047 = CARTESIAN_POINT('',(8.765956293877,7.459081774762));
#1048 = CARTESIAN_POINT('',(8.762221398398,7.455645136255));
#1049 = CARTESIAN_POINT('',(8.75846350473,7.45222105774));
#1050 = CARTESIAN_POINT('',(8.7546828211,7.448809488631));
#1051 = CARTESIAN_POINT('',(8.750879548467,7.445410381732));
#1052 = CARTESIAN_POINT('',(8.747053880938,7.442023693044));
#1053 = CARTESIAN_POINT('',(8.743206006167,7.438649381577));
#1054 = CARTESIAN_POINT('',(8.739336105711,7.43528740919));
#1055 = CARTESIAN_POINT('',(8.735444355369,7.431937740428));
#1056 = CARTESIAN_POINT('',(8.731530925491,7.428600342385));
#1057 = CARTESIAN_POINT('',(8.727595981265,7.425275184563));
#1058 = CARTESIAN_POINT('',(8.723639682988,7.421962238754));
#1059 = CARTESIAN_POINT('',(8.719662186313,7.418661478918));
#1060 = CARTESIAN_POINT('',(8.715663642485,7.415372881082));
#1061 = CARTESIAN_POINT('',(8.711644198554,7.412096423231));
#1062 = CARTESIAN_POINT('',(8.707603997584,7.408832085219));
#1063 = CARTESIAN_POINT('',(8.703543178838,7.40557984868));
#1064 = CARTESIAN_POINT('',(8.69946187796,7.402339696942));
#1065 = CARTESIAN_POINT('',(8.695360227143,7.399111614953));
#1066 = CARTESIAN_POINT('',(8.691238355282,7.395895589205));
#1067 = CARTESIAN_POINT('',(8.687096388125,7.392691607666));
#1068 = CARTESIAN_POINT('',(8.682934448413,7.389499659717));
#1069 = CARTESIAN_POINT('',(8.678752656009,7.386319736087));
#1070 = CARTESIAN_POINT('',(8.674551128024,7.383151828801));
#1071 = CARTESIAN_POINT('',(8.670329978931,7.379995931121));
#1072 = CARTESIAN_POINT('',(8.666089320677,7.376852037496));
#1073 = CARTESIAN_POINT('',(8.661829262788,7.373720143515));
#1074 = CARTESIAN_POINT('',(8.657549912466,7.370600245857));
#1075 = CARTESIAN_POINT('',(8.653251374685,7.367492342252));
#1076 = CARTESIAN_POINT('',(8.648933752276,7.364396431438));
#1077 = CARTESIAN_POINT('',(8.644597146017,7.361312513117));
#1078 = CARTESIAN_POINT('',(8.640241654702,7.358240587934));
#1079 = CARTESIAN_POINT('',(8.635867375234,7.355180657413));
#1080 = CARTESIAN_POINT('',(8.63147440268,7.352132723953));
#1081 = CARTESIAN_POINT('',(8.627062830349,7.349096790778));
#1082 = CARTESIAN_POINT('',(8.622632749857,7.346072861911));
#1083 = CARTESIAN_POINT('',(8.618184251185,7.343060942148));
#1084 = CARTESIAN_POINT('',(8.615052554162,7.340957706248));
#1085 = CARTESIAN_POINT('',(8.613405179345,7.339856262402));
#1086 = CARTESIAN_POINT('',(8.613248785001,7.339751740585));
#1087 = ( GEOMETRIC_REPRESENTATION_CONTEXT(2) 
PARAMETRIC_REPRESENTATION_CONTEXT() REPRESENTATION_CONTEXT('2D SPACE',''
  ) );
#1088 = ORIENTED_EDGE('',*,*,#1089,.T.);
#1089 = EDGE_CURVE('',#690,#1090,#1092,.T.);
#1090 = VERTEX_POINT('',#1091);
#1091 = CARTESIAN_POINT('',(-1.892546392811,-2.327717319239,
    -4.5000003514));
#1092 = SURFACE_CURVE('',#1093,(#1098,#1105),.PCURVE_S1.);
#1093 = CIRCLE('',#1094,3.);
#1094 = AXIS2_PLACEMENT_3D('',#1095,#1096,#1097);
#1095 = CARTESIAN_POINT('',(9.037215420449E-14,4.99999084913E-08,
    -4.5000003514));
#1096 = DIRECTION('',(3.431321225571E-15,-9.104279154523E-17,-1.));
#1097 = DIRECTION('',(4.996003610813E-16,-1.,9.104279154523E-17));
#1098 = PCURVE('',#156,#1099);
#1099 = DEFINITIONAL_REPRESENTATION('',(#1100),#1104);
#1100 = CIRCLE('',#1101,3.);
#1101 = AXIS2_PLACEMENT_2D('',#1102,#1103);
#1102 = CARTESIAN_POINT('',(1.110223024625E-15,7.216449660064E-16));
#1103 = DIRECTION('',(1.,-1.657422360651E-32));
#1104 = ( GEOMETRIC_REPRESENTATION_CONTEXT(2) 
PARAMETRIC_REPRESENTATION_CONTEXT() REPRESENTATION_CONTEXT('2D SPACE',''
  ) );
#1105 = PCURVE('',#953,#1106);
#1106 = DEFINITIONAL_REPRESENTATION('',(#1107),#1115);
#1107 = ( BOUNDED_CURVE() B_SPLINE_CURVE(2,(#1108,#1109,#1110,#1111,
#1112,#1113,#1114),.UNSPECIFIED.,.T.,.F.) B_SPLINE_CURVE_WITH_KNOTS((1,2
    ,2,2,2,1),(-2.094395102393,0.,2.094395102393,4.188790204786,
6.28318530718,8.377580409573),.UNSPECIFIED.) CURVE() 
GEOMETRIC_REPRESENTATION_ITEM() RATIONAL_B_SPLINE_CURVE((1.,0.5,1.,0.5,
1.,0.5,1.)) REPRESENTATION_ITEM('') );
#1108 = CARTESIAN_POINT('',(10.,7.00000005));
#1109 = CARTESIAN_POINT('',(4.803847577293,7.00000005));
#1110 = CARTESIAN_POINT('',(7.401923788647,11.50000005));
#1111 = CARTESIAN_POINT('',(10.,16.00000005));
#1112 = CARTESIAN_POINT('',(12.598076211353,11.50000005));
#1113 = CARTESIAN_POINT('',(15.196152422707,7.00000005));
#1114 = CARTESIAN_POINT('',(10.,7.00000005));
#1115 = ( GEOMETRIC_REPRESENTATION_CONTEXT(2) 
PARAMETRIC_REPRESENTATION_CONTEXT() REPRESENTATION_CONTEXT('2D SPACE',''
  ) );
#1116 = ORIENTED_EDGE('',*,*,#1117,.F.);
#1117 = EDGE_CURVE('',#1118,#1090,#1120,.T.);
#1118 = VERTEX_POINT('',#1119);
#1119 = CARTESIAN_POINT('',(-1.837325516234,-2.12310695923,-4.5000001757
    ));
#1120 = SURFACE_CURVE('',#1121,(#1249,#1380),.PCURVE_S1.);
#1121 = B_SPLINE_CURVE_WITH_KNOTS('',3,(#1122,#1123,#1124,#1125,#1126,
    #1127,#1128,#1129,#1130,#1131,#1132,#1133,#1134,#1135,#1136,#1137,
    #1138,#1139,#1140,#1141,#1142,#1143,#1144,#1145,#1146,#1147,#1148,
    #1149,#1150,#1151,#1152,#1153,#1154,#1155,#1156,#1157,#1158,#1159,
    #1160,#1161,#1162,#1163,#1164,#1165,#1166,#1167,#1168,#1169,#1170,
    #1171,#1172,#1173,#1174,#1175,#1176,#1177,#1178,#1179,#1180,#1181,
    #1182,#1183,#1184,#1185,#1186,#1187,#1188,#1189,#1190,#1191,#1192,
    #1193,#1194,#1195,#1196,#1197,#1198,#1199,#1200,#1201,#1202,#1203,
    #1204,#1205,#1206,#1207,#1208,#1209,#1210,#1211,#1212,#1213,#1214,
    #1215,#1216,#1217,#1218,#1219,#1220,#1221,#1222,#1223,#1224,#1225,
    #1226,#1227,#1228,#1229,#1230,#1231,#1232,#1233,#1234,#1235,#1236,
    #1237,#1238,#1239,#1240,#1241,#1242,#1243,#1244,#1245,#1246,#1247,
    #1248),.UNSPECIFIED.,.F.,.F.,(4,1,1,1,1,1,1,1,1,1,1,1,1,1,1,1,1,1,1,
    1,1,1,1,1,1,1,1,1,1,1,1,1,1,1,1,1,1,1,1,1,1,1,1,1,1,1,1,1,1,1,1,1,1,
    1,1,1,1,1,1,1,1,1,1,1,1,1,1,1,1,1,1,1,1,1,1,1,1,1,1,1,1,1,1,1,1,1,1,
    1,1,1,1,1,1,1,1,1,1,1,1,1,1,1,1,1,1,1,1,1,1,1,1,1,1,1,1,1,1,1,1,1,1,
    1,1,1,4),(0.,3.825348486101E-02,5.430853348674E-02,
    6.675617629157E-02,7.735884378815E-02,8.679755798888E-02,
    9.542083346997E-02,0.103435317105,0.110975441185,0.118134466631,
    0.124980232214,0.131563916605,0.137925263337,0.144095870271,
    0.150101352936,0.155962819326,0.16169790603,0.167321525098,
    0.172846414439,0.178283551377,0.18364246875,0.188931500289,
    0.194157973749,0.199328364902,0.20444842177,0.209523265982,
    0.214557476318,0.219555158251,0.224520002363,0.229455333832,
    0.234364154694,0.239249180184,0.244112870201,0.248957456702,
    0.253784967687,0.258597248282,0.263395979354,0.268182693996,
    0.272958792175,0.27772555377,0.282484150212,0.287235654883,
    0.291981052431,0.296721247119,0.301457070315,0.306189287223,
    0.310919293077,0.315655371856,0.320399980632,0.32515309033,
    0.329914691623,0.33468478033,0.339463354215,0.344250411941,
    0.349045952647,0.353849975744,0.358662480811,0.363483467539,
    0.368312935692,0.373150885086,0.377997315577,0.382852227048,
    0.387715619403,0.392587492562,0.397467846459,0.402356681039,
    0.407253996253,0.41215979206,0.417074068425,0.421996825315,
    0.426928062704,0.431867780568,0.436815978885,0.441772657636,
    0.446737816804,0.451711456374,0.456693576332,0.461684176666,
    0.466683257364,0.471690818415,0.476706859811,0.481731381543,
    0.486764383603,0.491805865984,0.496855828678,0.50191427168,
    0.506981194984,0.512056598584,0.517140482477,0.522232846656,
    0.527333691118,0.532443015859,0.537560820874,0.542687106161,
    0.547821871717,0.552965117537,0.55811684362,0.563277049962,
    0.56844573656,0.573622903413,0.578808550518,0.584002677873,
    0.589205285476,0.594416373325,0.599635941417,0.604863989752,
    0.610100518327,0.615345527141,0.620599016193,0.62586098548,
    0.631131435002,0.636410364758,0.641697774745,0.646993664963,
    0.652298035411,0.657610886087,0.66293221699,0.668262028121,
    0.673600319476,0.678947091057,0.684302342861,0.689666074887,
    0.695038287136,0.700418979606,0.700983298365),.UNSPECIFIED.);
#1122 = CARTESIAN_POINT('',(-1.736156794893,-1.683716622586,
    -4.5000003514));
#1123 = CARTESIAN_POINT('',(-1.727224556055,-1.692905019269,
    -4.5000003514));
#1124 = CARTESIAN_POINT('',(-1.716148159222,-1.707406442569,
    -4.5000003514));
#1125 = CARTESIAN_POINT('',(-1.705656120181,-1.727065750237,
    -4.5000003514));
#1126 = CARTESIAN_POINT('',(-1.700514379176,-1.739057031329,
    -4.5000003514));
#1127 = CARTESIAN_POINT('',(-1.696931956106,-1.749284377453,
    -4.5000003514));
#1128 = CARTESIAN_POINT('',(-1.694306864579,-1.758476603607,
    -4.5000003514));
#1129 = CARTESIAN_POINT('',(-1.692360469909,-1.766951711749,
    -4.5000003514));
#1130 = CARTESIAN_POINT('',(-1.690933379995,-1.77488650861,-4.5000003514
    ));
#1131 = CARTESIAN_POINT('',(-1.689923376636,-1.782392356989,
    -4.5000003514));
#1132 = CARTESIAN_POINT('',(-1.689259923693,-1.789545201125,
    -4.5000003514));
#1133 = CARTESIAN_POINT('',(-1.688891745181,-1.796399770709,
    -4.5000003514));
#1134 = CARTESIAN_POINT('',(-1.688780078569,-1.802997163773,
    -4.5000003514));
#1135 = CARTESIAN_POINT('',(-1.688894706676,-1.809369243328,
    -4.5000003514));
#1136 = CARTESIAN_POINT('',(-1.689211480718,-1.815541354265,
    -4.5000003514));
#1137 = CARTESIAN_POINT('',(-1.689710699339,-1.821534086855,
    -4.5000003514));
#1138 = CARTESIAN_POINT('',(-1.690376006665,-1.827364467998,
    -4.5000003514));
#1139 = CARTESIAN_POINT('',(-1.691193619229,-1.83304679268,-4.5000003514
    ));
#1140 = CARTESIAN_POINT('',(-1.692151769056,-1.838593220447,
    -4.5000003514));
#1141 = CARTESIAN_POINT('',(-1.693240293404,-1.844014213379,
    -4.5000003514));
#1142 = CARTESIAN_POINT('',(-1.694450326616,-1.849318864158,
    -4.5000003514));
#1143 = CARTESIAN_POINT('',(-1.695774064829,-1.854515146093,
    -4.5000003514));
#1144 = CARTESIAN_POINT('',(-1.697204583618,-1.859610106565,
    -4.5000003514));
#1145 = CARTESIAN_POINT('',(-1.69873569488,-1.864610018715,-4.5000003514
    ));
#1146 = CARTESIAN_POINT('',(-1.700361833201,-1.869520501788,
    -4.5000003514));
#1147 = CARTESIAN_POINT('',(-1.702077964688,-1.874346617662,
    -4.5000003514));
#1148 = CARTESIAN_POINT('',(-1.703879513134,-1.879092949029,
    -4.5000003514));
#1149 = CARTESIAN_POINT('',(-1.705762299674,-1.883763663289,
    -4.5000003514));
#1150 = CARTESIAN_POINT('',(-1.707722493052,-1.888362565245,
    -4.5000003514));
#1151 = CARTESIAN_POINT('',(-1.709756568291,-1.892893140895,
    -4.5000003514));
#1152 = CARTESIAN_POINT('',(-1.711861272071,-1.89735859414,-4.5000003514
    ));
#1153 = CARTESIAN_POINT('',(-1.71403359349,-1.901761877783,-4.5000003514
    ));
#1154 = CARTESIAN_POINT('',(-1.716270739181,-1.906105719915,
    -4.5000003514));
#1155 = CARTESIAN_POINT('',(-1.718570111967,-1.910392646541,
    -4.5000003514));
#1156 = CARTESIAN_POINT('',(-1.720929292412,-1.914625001128,
    -4.5000003514));
#1157 = CARTESIAN_POINT('',(-1.72334602276,-1.918804961601,-4.5000003514
    ));
#1158 = CARTESIAN_POINT('',(-1.725818192823,-1.922934555251,
    -4.5000003514));
#1159 = CARTESIAN_POINT('',(-1.728343827633,-1.927015671791,
    -4.5000003514));
#1160 = CARTESIAN_POINT('',(-1.730921076051,-1.93105007526,-4.5000003514
    ));
#1161 = CARTESIAN_POINT('',(-1.733548202177,-1.935039413367,
    -4.5000003514));
#1162 = CARTESIAN_POINT('',(-1.736223571675,-1.938985230622,
    -4.5000003514));
#1163 = CARTESIAN_POINT('',(-1.738945661688,-1.94288896238,-4.5000003514
    ));
#1164 = CARTESIAN_POINT('',(-1.741712986874,-1.946751995687,
    -4.5000003514));
#1165 = CARTESIAN_POINT('',(-1.744524341246,-1.950575477635,
    -4.5000003514));
#1166 = CARTESIAN_POINT('',(-1.747377866733,-1.95436106097,-4.5000003514
    ));
#1167 = CARTESIAN_POINT('',(-1.750274495931,-1.958108154698,
    -4.5000003514));
#1168 = CARTESIAN_POINT('',(-1.753205237599,-1.961824378255,
    -4.5000003514));
#1169 = CARTESIAN_POINT('',(-1.756200565651,-1.965489064503,
    -4.5000003514));
#1170 = CARTESIAN_POINT('',(-1.759086429502,-1.969246219832,
    -4.5000003514));
#1171 = CARTESIAN_POINT('',(-1.761898480325,-1.973067946167,
    -4.5000003514));
#1172 = CARTESIAN_POINT('',(-1.76464854143,-1.976944967796,-4.5000003514
    ));
#1173 = CARTESIAN_POINT('',(-1.767344891842,-1.980869759221,
    -4.5000003514));
#1174 = CARTESIAN_POINT('',(-1.769992777163,-1.98483759346,-4.5000003514
    ));
#1175 = CARTESIAN_POINT('',(-1.772596178979,-1.988844852511,
    -4.5000003514));
#1176 = CARTESIAN_POINT('',(-1.775158144768,-1.992888759336,
    -4.5000003514));
#1177 = CARTESIAN_POINT('',(-1.777681126314,-1.99696706776,-4.5000003514
    ));
#1178 = CARTESIAN_POINT('',(-1.78016713915,-2.001077921898,-4.5000003514
    ));
#1179 = CARTESIAN_POINT('',(-1.7826178775,-2.005219752879,-4.5000003514)
  );
#1180 = CARTESIAN_POINT('',(-1.785034788408,-2.009391212723,
    -4.5000003514));
#1181 = CARTESIAN_POINT('',(-1.787419124782,-2.013591126908,
    -4.5000003514));
#1182 = CARTESIAN_POINT('',(-1.789771983604,-2.017818460215,
    -4.5000003514));
#1183 = CARTESIAN_POINT('',(-1.792094334493,-2.022072291213,
    -4.5000003514));
#1184 = CARTESIAN_POINT('',(-1.794387041453,-2.026351792818,
    -4.5000003514));
#1185 = CARTESIAN_POINT('',(-1.796650879784,-2.030656217177,
    -4.5000003514));
#1186 = CARTESIAN_POINT('',(-1.798886549455,-2.034984883726,
    -4.5000003514));
#1187 = CARTESIAN_POINT('',(-1.801094685827,-2.039337169601,
    -4.5000003514));
#1188 = CARTESIAN_POINT('',(-1.803275868367,-2.043712501852,
    -4.5000003514));
#1189 = CARTESIAN_POINT('',(-1.805430627816,-2.048110351038,
    -4.5000003514));
#1190 = CARTESIAN_POINT('',(-1.807559452142,-2.052530225913,
    -4.5000003514));
#1191 = CARTESIAN_POINT('',(-1.809662791522,-2.056971668962,
    -4.5000003514));
#1192 = CARTESIAN_POINT('',(-1.811741062567,-2.061434252638,
    -4.5000003514));
#1193 = CARTESIAN_POINT('',(-1.813794651909,-2.06591757615,-4.5000003514
    ));
#1194 = CARTESIAN_POINT('',(-1.815823919288,-2.070421262707,
    -4.5000003514));
#1195 = CARTESIAN_POINT('',(-1.817829200205,-2.074944957146,
    -4.5000003514));
#1196 = CARTESIAN_POINT('',(-1.819810808239,-2.079488323864,
    -4.5000003514));
#1197 = CARTESIAN_POINT('',(-1.821769037056,-2.084051045019,
    -4.5000003514));
#1198 = CARTESIAN_POINT('',(-1.823704162185,-2.088632818948,
    -4.5000003514));
#1199 = CARTESIAN_POINT('',(-1.825616442572,-2.093233358776,
    -4.5000003514));
#1200 = CARTESIAN_POINT('',(-1.827506121962,-2.09785239118,-4.5000003514
    ));
#1201 = CARTESIAN_POINT('',(-1.829373430128,-2.102489655295,
    -4.5000003514));
#1202 = CARTESIAN_POINT('',(-1.831218583964,-2.107144901734,
    -4.5000003514));
#1203 = CARTESIAN_POINT('',(-1.833041788463,-2.111817891715,
    -4.5000003514));
#1204 = CARTESIAN_POINT('',(-1.834843237602,-2.116508396272,
    -4.5000003514));
#1205 = CARTESIAN_POINT('',(-1.836623115131,-2.121216195548,
    -4.5000003514));
#1206 = CARTESIAN_POINT('',(-1.838381595296,-2.125941078153,
    -4.5000003514));
#1207 = CARTESIAN_POINT('',(-1.84011884348,-2.130682840585,-4.5000003514
    ));
#1208 = CARTESIAN_POINT('',(-1.841835016804,-2.135441286701,
    -4.5000003514));
#1209 = CARTESIAN_POINT('',(-1.843530264657,-2.140216227237,
    -4.5000003514));
#1210 = CARTESIAN_POINT('',(-1.845204729192,-2.145007479369,
    -4.5000003514));
#1211 = CARTESIAN_POINT('',(-1.846858545772,-2.149814866312,
    -4.5000003514));
#1212 = CARTESIAN_POINT('',(-1.848491843388,-2.154638216951,
    -4.5000003514));
#1213 = CARTESIAN_POINT('',(-1.85010474503,-2.159477365505,-4.5000003514
    ));
#1214 = CARTESIAN_POINT('',(-1.851697368044,-2.164332151211,
    -4.5000003514));
#1215 = CARTESIAN_POINT('',(-1.853269824451,-2.169202418039,
    -4.5000003514));
#1216 = CARTESIAN_POINT('',(-1.85482222124,-2.174088014429,-4.5000003514
    ));
#1217 = CARTESIAN_POINT('',(-1.856354660652,-2.178988793038,
    -4.5000003514));
#1218 = CARTESIAN_POINT('',(-1.85786724043,-2.183904610522,-4.5000003514
    ));
#1219 = CARTESIAN_POINT('',(-1.859360054054,-2.188835327314,
    -4.5000003514));
#1220 = CARTESIAN_POINT('',(-1.86083319097,-2.193780807434,-4.5000003514
    ));
#1221 = CARTESIAN_POINT('',(-1.862286736786,-2.198740918304,
    -4.5000003514));
#1222 = CARTESIAN_POINT('',(-1.86372077347,-2.203715530577,-4.5000003514
    ));
#1223 = CARTESIAN_POINT('',(-1.865135379527,-2.208704517976,
    -4.5000003514));
#1224 = CARTESIAN_POINT('',(-1.866530630166,-2.213707757146,
    -4.5000003514));
#1225 = CARTESIAN_POINT('',(-1.867906597456,-2.218725127514,
    -4.5000003514));
#1226 = CARTESIAN_POINT('',(-1.869263350475,-2.223756511159,
    -4.5000003514));
#1227 = CARTESIAN_POINT('',(-1.870600955446,-2.228801792687,
    -4.5000003514));
#1228 = CARTESIAN_POINT('',(-1.871919475868,-2.233860859118,
    -4.5000003514));
#1229 = CARTESIAN_POINT('',(-1.873218972636,-2.238933599776,
    -4.5000003514));
#1230 = CARTESIAN_POINT('',(-1.874499504158,-2.244019906186,
    -4.5000003514));
#1231 = CARTESIAN_POINT('',(-1.875761126459,-2.249119671981,
    -4.5000003514));
#1232 = CARTESIAN_POINT('',(-1.877003893288,-2.254232792808,
    -4.5000003514));
#1233 = CARTESIAN_POINT('',(-1.878227856212,-2.259359166243,
    -4.5000003514));
#1234 = CARTESIAN_POINT('',(-1.879433064703,-2.264498691712,
    -4.5000003514));
#1235 = CARTESIAN_POINT('',(-1.880619566233,-2.269651270411,
    -4.5000003514));
#1236 = CARTESIAN_POINT('',(-1.881787406344,-2.274816805238,
    -4.5000003514));
#1237 = CARTESIAN_POINT('',(-1.882936628737,-2.279995200719,
    -4.5000003514));
#1238 = CARTESIAN_POINT('',(-1.884067275334,-2.28518636295,-4.5000003514
    ));
#1239 = CARTESIAN_POINT('',(-1.88517938636,-2.290390199527,-4.5000003514
    ));
#1240 = CARTESIAN_POINT('',(-1.886273000388,-2.295606619495,
    -4.5000003514));
#1241 = CARTESIAN_POINT('',(-1.887348154431,-2.300835533287,
    -4.5000003514));
#1242 = CARTESIAN_POINT('',(-1.888404883976,-2.306076852673,
    -4.5000003514));
#1243 = CARTESIAN_POINT('',(-1.889443223053,-2.311330490711,
    -4.5000003514));
#1244 = CARTESIAN_POINT('',(-1.890463204285,-2.316596361697,
    -4.5000003514));
#1245 = CARTESIAN_POINT('',(-1.891464858941,-2.321874381122,
    -4.5000003514));
#1246 = CARTESIAN_POINT('',(-1.892154292059,-2.325583263629,
    -4.5000003514));
#1247 = CARTESIAN_POINT('',(-1.89251243318,-2.327532303717,-4.5000003514
    ));
#1248 = CARTESIAN_POINT('',(-1.892546392811,-2.327717319239,
    -4.5000003514));
#1249 = PCURVE('',#156,#1250);
#1250 = DEFINITIONAL_REPRESENTATION('',(#1251),#1379);
#1251 = B_SPLINE_CURVE_WITH_KNOTS('',3,(#1252,#1253,#1254,#1255,#1256,
    #1257,#1258,#1259,#1260,#1261,#1262,#1263,#1264,#1265,#1266,#1267,
    #1268,#1269,#1270,#1271,#1272,#1273,#1274,#1275,#1276,#1277,#1278,
    #1279,#1280,#1281,#1282,#1283,#1284,#1285,#1286,#1287,#1288,#1289,
    #1290,#1291,#1292,#1293,#1294,#1295,#1296,#1297,#1298,#1299,#1300,
    #1301,#1302,#1303,#1304,#1305,#1306,#1307,#1308,#1309,#1310,#1311,
    #1312,#1313,#1314,#1315,#1316,#1317,#1318,#1319,#1320,#1321,#1322,
    #1323,#1324,#1325,#1326,#1327,#1328,#1329,#1330,#1331,#1332,#1333,
    #1334,#1335,#1336,#1337,#1338,#1339,#1340,#1341,#1342,#1343,#1344,
    #1345,#1346,#1347,#1348,#1349,#1350,#1351,#1352,#1353,#1354,#1355,
    #1356,#1357,#1358,#1359,#1360,#1361,#1362,#1363,#1364,#1365,#1366,
    #1367,#1368,#1369,#1370,#1371,#1372,#1373,#1374,#1375,#1376,#1377,
    #1378),.UNSPECIFIED.,.F.,.F.,(4,1,1,1,1,1,1,1,1,1,1,1,1,1,1,1,1,1,1,
    1,1,1,1,1,1,1,1,1,1,1,1,1,1,1,1,1,1,1,1,1,1,1,1,1,1,1,1,1,1,1,1,1,1,
    1,1,1,1,1,1,1,1,1,1,1,1,1,1,1,1,1,1,1,1,1,1,1,1,1,1,1,1,1,1,1,1,1,1,
    1,1,1,1,1,1,1,1,1,1,1,1,1,1,1,1,1,1,1,1,1,1,1,1,1,1,1,1,1,1,1,1,1,1,
    1,1,1,4),(0.,3.825348486101E-02,5.430853348674E-02,
    6.675617629157E-02,7.735884378815E-02,8.679755798888E-02,
    9.542083346997E-02,0.103435317105,0.110975441185,0.118134466631,
    0.124980232214,0.131563916605,0.137925263337,0.144095870271,
    0.150101352936,0.155962819326,0.16169790603,0.167321525098,
    0.172846414439,0.178283551377,0.18364246875,0.188931500289,
    0.194157973749,0.199328364902,0.20444842177,0.209523265982,
    0.214557476318,0.219555158251,0.224520002363,0.229455333832,
    0.234364154694,0.239249180184,0.244112870201,0.248957456702,
    0.253784967687,0.258597248282,0.263395979354,0.268182693996,
    0.272958792175,0.27772555377,0.282484150212,0.287235654883,
    0.291981052431,0.296721247119,0.301457070315,0.306189287223,
    0.310919293077,0.315655371856,0.320399980632,0.32515309033,
    0.329914691623,0.33468478033,0.339463354215,0.344250411941,
    0.349045952647,0.353849975744,0.358662480811,0.363483467539,
    0.368312935692,0.373150885086,0.377997315577,0.382852227048,
    0.387715619403,0.392587492562,0.397467846459,0.402356681039,
    0.407253996253,0.41215979206,0.417074068425,0.421996825315,
    0.426928062704,0.431867780568,0.436815978885,0.441772657636,
    0.446737816804,0.451711456374,0.456693576332,0.461684176666,
    0.466683257364,0.471690818415,0.476706859811,0.481731381543,
    0.486764383603,0.491805865984,0.496855828678,0.50191427168,
    0.506981194984,0.512056598584,0.517140482477,0.522232846656,
    0.527333691118,0.532443015859,0.537560820874,0.542687106161,
    0.547821871717,0.552965117537,0.55811684362,0.563277049962,
    0.56844573656,0.573622903413,0.578808550518,0.584002677873,
    0.589205285476,0.594416373325,0.599635941417,0.604863989752,
    0.610100518327,0.615345527141,0.620599016193,0.62586098548,
    0.631131435002,0.636410364758,0.641697774745,0.646993664963,
    0.652298035411,0.657610886087,0.66293221699,0.668262028121,
    0.673600319476,0.678947091057,0.684302342861,0.689666074887,
    0.695038287136,0.700418979606,0.700983298365),.UNSPECIFIED.);
#1252 = CARTESIAN_POINT('',(1.683716672586,1.736156794893));
#1253 = CARTESIAN_POINT('',(1.692905069269,1.727224556055));
#1254 = CARTESIAN_POINT('',(1.707406492569,1.716148159222));
#1255 = CARTESIAN_POINT('',(1.727065800237,1.705656120181));
#1256 = CARTESIAN_POINT('',(1.739057081329,1.700514379176));
#1257 = CARTESIAN_POINT('',(1.749284427453,1.696931956106));
#1258 = CARTESIAN_POINT('',(1.758476653607,1.694306864579));
#1259 = CARTESIAN_POINT('',(1.766951761749,1.692360469909));
#1260 = CARTESIAN_POINT('',(1.77488655861,1.690933379995));
#1261 = CARTESIAN_POINT('',(1.782392406989,1.689923376636));
#1262 = CARTESIAN_POINT('',(1.789545251125,1.689259923693));
#1263 = CARTESIAN_POINT('',(1.796399820709,1.688891745181));
#1264 = CARTESIAN_POINT('',(1.802997213773,1.688780078569));
#1265 = CARTESIAN_POINT('',(1.809369293328,1.688894706676));
#1266 = CARTESIAN_POINT('',(1.815541404265,1.689211480718));
#1267 = CARTESIAN_POINT('',(1.821534136855,1.689710699339));
#1268 = CARTESIAN_POINT('',(1.827364517998,1.690376006665));
#1269 = CARTESIAN_POINT('',(1.83304684268,1.691193619229));
#1270 = CARTESIAN_POINT('',(1.838593270447,1.692151769056));
#1271 = CARTESIAN_POINT('',(1.844014263379,1.693240293404));
#1272 = CARTESIAN_POINT('',(1.849318914158,1.694450326616));
#1273 = CARTESIAN_POINT('',(1.854515196093,1.695774064829));
#1274 = CARTESIAN_POINT('',(1.859610156565,1.697204583618));
#1275 = CARTESIAN_POINT('',(1.864610068715,1.69873569488));
#1276 = CARTESIAN_POINT('',(1.869520551788,1.700361833201));
#1277 = CARTESIAN_POINT('',(1.874346667662,1.702077964688));
#1278 = CARTESIAN_POINT('',(1.879092999029,1.703879513134));
#1279 = CARTESIAN_POINT('',(1.883763713289,1.705762299674));
#1280 = CARTESIAN_POINT('',(1.888362615245,1.707722493052));
#1281 = CARTESIAN_POINT('',(1.892893190895,1.709756568291));
#1282 = CARTESIAN_POINT('',(1.89735864414,1.711861272071));
#1283 = CARTESIAN_POINT('',(1.901761927783,1.71403359349));
#1284 = CARTESIAN_POINT('',(1.906105769915,1.716270739181));
#1285 = CARTESIAN_POINT('',(1.910392696541,1.718570111967));
#1286 = CARTESIAN_POINT('',(1.914625051128,1.720929292412));
#1287 = CARTESIAN_POINT('',(1.918805011601,1.72334602276));
#1288 = CARTESIAN_POINT('',(1.922934605251,1.725818192823));
#1289 = CARTESIAN_POINT('',(1.927015721791,1.728343827633));
#1290 = CARTESIAN_POINT('',(1.93105012526,1.730921076051));
#1291 = CARTESIAN_POINT('',(1.935039463367,1.733548202177));
#1292 = CARTESIAN_POINT('',(1.938985280622,1.736223571675));
#1293 = CARTESIAN_POINT('',(1.94288901238,1.738945661688));
#1294 = CARTESIAN_POINT('',(1.946752045687,1.741712986874));
#1295 = CARTESIAN_POINT('',(1.950575527635,1.744524341246));
#1296 = CARTESIAN_POINT('',(1.95436111097,1.747377866733));
#1297 = CARTESIAN_POINT('',(1.958108204698,1.750274495931));
#1298 = CARTESIAN_POINT('',(1.961824428255,1.753205237599));
#1299 = CARTESIAN_POINT('',(1.965489114503,1.756200565651));
#1300 = CARTESIAN_POINT('',(1.969246269832,1.759086429502));
#1301 = CARTESIAN_POINT('',(1.973067996167,1.761898480325));
#1302 = CARTESIAN_POINT('',(1.976945017796,1.76464854143));
#1303 = CARTESIAN_POINT('',(1.980869809221,1.767344891842));
#1304 = CARTESIAN_POINT('',(1.98483764346,1.769992777163));
#1305 = CARTESIAN_POINT('',(1.988844902511,1.772596178979));
#1306 = CARTESIAN_POINT('',(1.992888809336,1.775158144768));
#1307 = CARTESIAN_POINT('',(1.99696711776,1.777681126314));
#1308 = CARTESIAN_POINT('',(2.001077971898,1.78016713915));
#1309 = CARTESIAN_POINT('',(2.005219802879,1.7826178775));
#1310 = CARTESIAN_POINT('',(2.009391262723,1.785034788408));
#1311 = CARTESIAN_POINT('',(2.013591176908,1.787419124782));
#1312 = CARTESIAN_POINT('',(2.017818510215,1.789771983604));
#1313 = CARTESIAN_POINT('',(2.022072341213,1.792094334493));
#1314 = CARTESIAN_POINT('',(2.026351842818,1.794387041453));
#1315 = CARTESIAN_POINT('',(2.030656267177,1.796650879784));
#1316 = CARTESIAN_POINT('',(2.034984933726,1.798886549455));
#1317 = CARTESIAN_POINT('',(2.039337219601,1.801094685827));
#1318 = CARTESIAN_POINT('',(2.043712551852,1.803275868367));
#1319 = CARTESIAN_POINT('',(2.048110401038,1.805430627816));
#1320 = CARTESIAN_POINT('',(2.052530275913,1.807559452142));
#1321 = CARTESIAN_POINT('',(2.056971718962,1.809662791522));
#1322 = CARTESIAN_POINT('',(2.061434302638,1.811741062567));
#1323 = CARTESIAN_POINT('',(2.06591762615,1.813794651909));
#1324 = CARTESIAN_POINT('',(2.070421312707,1.815823919288));
#1325 = CARTESIAN_POINT('',(2.074945007146,1.817829200205));
#1326 = CARTESIAN_POINT('',(2.079488373864,1.819810808239));
#1327 = CARTESIAN_POINT('',(2.084051095019,1.821769037056));
#1328 = CARTESIAN_POINT('',(2.088632868948,1.823704162185));
#1329 = CARTESIAN_POINT('',(2.093233408776,1.825616442572));
#1330 = CARTESIAN_POINT('',(2.09785244118,1.827506121962));
#1331 = CARTESIAN_POINT('',(2.102489705295,1.829373430128));
#1332 = CARTESIAN_POINT('',(2.107144951734,1.831218583964));
#1333 = CARTESIAN_POINT('',(2.111817941715,1.833041788463));
#1334 = CARTESIAN_POINT('',(2.116508446272,1.834843237602));
#1335 = CARTESIAN_POINT('',(2.121216245548,1.836623115131));
#1336 = CARTESIAN_POINT('',(2.125941128153,1.838381595296));
#1337 = CARTESIAN_POINT('',(2.130682890585,1.84011884348));
#1338 = CARTESIAN_POINT('',(2.135441336701,1.841835016804));
#1339 = CARTESIAN_POINT('',(2.140216277237,1.843530264657));
#1340 = CARTESIAN_POINT('',(2.145007529369,1.845204729192));
#1341 = CARTESIAN_POINT('',(2.149814916312,1.846858545772));
#1342 = CARTESIAN_POINT('',(2.154638266951,1.848491843388));
#1343 = CARTESIAN_POINT('',(2.159477415505,1.85010474503));
#1344 = CARTESIAN_POINT('',(2.164332201211,1.851697368044));
#1345 = CARTESIAN_POINT('',(2.169202468039,1.853269824451));
#1346 = CARTESIAN_POINT('',(2.174088064429,1.85482222124));
#1347 = CARTESIAN_POINT('',(2.178988843038,1.856354660652));
#1348 = CARTESIAN_POINT('',(2.183904660522,1.85786724043));
#1349 = CARTESIAN_POINT('',(2.188835377314,1.859360054054));
#1350 = CARTESIAN_POINT('',(2.193780857434,1.86083319097));
#1351 = CARTESIAN_POINT('',(2.198740968304,1.862286736786));
#1352 = CARTESIAN_POINT('',(2.203715580577,1.86372077347));
#1353 = CARTESIAN_POINT('',(2.208704567976,1.865135379527));
#1354 = CARTESIAN_POINT('',(2.213707807146,1.866530630166));
#1355 = CARTESIAN_POINT('',(2.218725177514,1.867906597456));
#1356 = CARTESIAN_POINT('',(2.223756561159,1.869263350475));
#1357 = CARTESIAN_POINT('',(2.228801842687,1.870600955446));
#1358 = CARTESIAN_POINT('',(2.233860909118,1.871919475868));
#1359 = CARTESIAN_POINT('',(2.238933649776,1.873218972636));
#1360 = CARTESIAN_POINT('',(2.244019956186,1.874499504158));
#1361 = CARTESIAN_POINT('',(2.249119721981,1.875761126459));
#1362 = CARTESIAN_POINT('',(2.254232842808,1.877003893288));
#1363 = CARTESIAN_POINT('',(2.259359216243,1.878227856212));
#1364 = CARTESIAN_POINT('',(2.264498741712,1.879433064703));
#1365 = CARTESIAN_POINT('',(2.269651320411,1.880619566233));
#1366 = CARTESIAN_POINT('',(2.274816855238,1.881787406344));
#1367 = CARTESIAN_POINT('',(2.279995250719,1.882936628737));
#1368 = CARTESIAN_POINT('',(2.28518641295,1.884067275334));
#1369 = CARTESIAN_POINT('',(2.290390249527,1.88517938636));
#1370 = CARTESIAN_POINT('',(2.295606669495,1.886273000388));
#1371 = CARTESIAN_POINT('',(2.300835583287,1.887348154431));
#1372 = CARTESIAN_POINT('',(2.306076902673,1.888404883976));
#1373 = CARTESIAN_POINT('',(2.311330540711,1.889443223053));
#1374 = CARTESIAN_POINT('',(2.316596411697,1.890463204285));
#1375 = CARTESIAN_POINT('',(2.321874431122,1.891464858941));
#1376 = CARTESIAN_POINT('',(2.325583313629,1.892154292059));
#1377 = CARTESIAN_POINT('',(2.327532353717,1.89251243318));
#1378 = CARTESIAN_POINT('',(2.327717369239,1.892546392811));
#1379 = ( GEOMETRIC_REPRESENTATION_CONTEXT(2) 
PARAMETRIC_REPRESENTATION_CONTEXT() REPRESENTATION_CONTEXT('2D SPACE',''
  ) );
#1380 = PCURVE('',#953,#1381);
#1381 = DEFINITIONAL_REPRESENTATION('',(#1382),#1510);
#1382 = B_SPLINE_CURVE_WITH_KNOTS('',3,(#1383,#1384,#1385,#1386,#1387,
    #1388,#1389,#1390,#1391,#1392,#1393,#1394,#1395,#1396,#1397,#1398,
    #1399,#1400,#1401,#1402,#1403,#1404,#1405,#1406,#1407,#1408,#1409,
    #1410,#1411,#1412,#1413,#1414,#1415,#1416,#1417,#1418,#1419,#1420,
    #1421,#1422,#1423,#1424,#1425,#1426,#1427,#1428,#1429,#1430,#1431,
    #1432,#1433,#1434,#1435,#1436,#1437,#1438,#1439,#1440,#1441,#1442,
    #1443,#1444,#1445,#1446,#1447,#1448,#1449,#1450,#1451,#1452,#1453,
    #1454,#1455,#1456,#1457,#1458,#1459,#1460,#1461,#1462,#1463,#1464,
    #1465,#1466,#1467,#1468,#1469,#1470,#1471,#1472,#1473,#1474,#1475,
    #1476,#1477,#1478,#1479,#1480,#1481,#1482,#1483,#1484,#1485,#1486,
    #1487,#1488,#1489,#1490,#1491,#1492,#1493,#1494,#1495,#1496,#1497,
    #1498,#1499,#1500,#1501,#1502,#1503,#1504,#1505,#1506,#1507,#1508,
    #1509),.UNSPECIFIED.,.F.,.F.,(4,1,1,1,1,1,1,1,1,1,1,1,1,1,1,1,1,1,1,
    1,1,1,1,1,1,1,1,1,1,1,1,1,1,1,1,1,1,1,1,1,1,1,1,1,1,1,1,1,1,1,1,1,1,
    1,1,1,1,1,1,1,1,1,1,1,1,1,1,1,1,1,1,1,1,1,1,1,1,1,1,1,1,1,1,1,1,1,1,
    1,1,1,1,1,1,1,1,1,1,1,1,1,1,1,1,1,1,1,1,1,1,1,1,1,1,1,1,1,1,1,1,1,1,
    1,1,1,4),(0.,3.825348486101E-02,5.430853348674E-02,
    6.675617629157E-02,7.735884378815E-02,8.679755798888E-02,
    9.542083346997E-02,0.103435317105,0.110975441185,0.118134466631,
    0.124980232214,0.131563916605,0.137925263337,0.144095870271,
    0.150101352936,0.155962819326,0.16169790603,0.167321525098,
    0.172846414439,0.178283551377,0.18364246875,0.188931500289,
    0.194157973749,0.199328364902,0.20444842177,0.209523265982,
    0.214557476318,0.219555158251,0.224520002363,0.229455333832,
    0.234364154694,0.239249180184,0.244112870201,0.248957456702,
    0.253784967687,0.258597248282,0.263395979354,0.268182693996,
    0.272958792175,0.27772555377,0.282484150212,0.287235654883,
    0.291981052431,0.296721247119,0.301457070315,0.306189287223,
    0.310919293077,0.315655371856,0.320399980632,0.32515309033,
    0.329914691623,0.33468478033,0.339463354215,0.344250411941,
    0.349045952647,0.353849975744,0.358662480811,0.363483467539,
    0.368312935692,0.373150885086,0.377997315577,0.382852227048,
    0.387715619403,0.392587492562,0.397467846459,0.402356681039,
    0.407253996253,0.41215979206,0.417074068425,0.421996825315,
    0.426928062704,0.431867780568,0.436815978885,0.441772657636,
    0.446737816804,0.451711456374,0.456693576332,0.461684176666,
    0.466683257364,0.471690818415,0.476706859811,0.481731381543,
    0.486764383603,0.491805865984,0.496855828678,0.50191427168,
    0.506981194984,0.512056598584,0.517140482477,0.522232846656,
    0.527333691118,0.532443015859,0.537560820874,0.542687106161,
    0.547821871717,0.552965117537,0.55811684362,0.563277049962,
    0.56844573656,0.573622903413,0.578808550518,0.584002677873,
    0.589205285476,0.594416373325,0.599635941417,0.604863989752,
    0.610100518327,0.615345527141,0.620599016193,0.62586098548,
    0.631131435002,0.636410364758,0.641697774745,0.646993664963,
    0.652298035411,0.657610886087,0.66293221699,0.668262028121,
    0.673600319476,0.678947091057,0.684302342861,0.689666074887,
    0.695038287136,0.700418979606,0.700983298365),.UNSPECIFIED.);
#1383 = CARTESIAN_POINT('',(8.263843205107,8.316283377414));
#1384 = CARTESIAN_POINT('',(8.272775443945,8.307094980731));
#1385 = CARTESIAN_POINT('',(8.283851840778,8.292593557431));
#1386 = CARTESIAN_POINT('',(8.294343879819,8.272934249763));
#1387 = CARTESIAN_POINT('',(8.299485620824,8.260942968671));
#1388 = CARTESIAN_POINT('',(8.303068043894,8.250715622547));
#1389 = CARTESIAN_POINT('',(8.305693135421,8.241523396393));
#1390 = CARTESIAN_POINT('',(8.307639530091,8.233048288251));
#1391 = CARTESIAN_POINT('',(8.309066620005,8.22511349139));
#1392 = CARTESIAN_POINT('',(8.310076623364,8.217607643011));
#1393 = CARTESIAN_POINT('',(8.310740076307,8.210454798875));
#1394 = CARTESIAN_POINT('',(8.311108254819,8.203600229291));
#1395 = CARTESIAN_POINT('',(8.311219921431,8.197002836227));
#1396 = CARTESIAN_POINT('',(8.311105293324,8.190630756672));
#1397 = CARTESIAN_POINT('',(8.310788519282,8.184458645735));
#1398 = CARTESIAN_POINT('',(8.310289300661,8.178465913145));
#1399 = CARTESIAN_POINT('',(8.309623993335,8.172635532002));
#1400 = CARTESIAN_POINT('',(8.308806380771,8.16695320732));
#1401 = CARTESIAN_POINT('',(8.307848230944,8.161406779553));
#1402 = CARTESIAN_POINT('',(8.306759706596,8.155985786621));
#1403 = CARTESIAN_POINT('',(8.305549673384,8.150681135842));
#1404 = CARTESIAN_POINT('',(8.304225935171,8.145484853907));
#1405 = CARTESIAN_POINT('',(8.302795416382,8.140389893435));
#1406 = CARTESIAN_POINT('',(8.30126430512,8.135389981285));
#1407 = CARTESIAN_POINT('',(8.299638166799,8.130479498212));
#1408 = CARTESIAN_POINT('',(8.297922035312,8.125653382338));
#1409 = CARTESIAN_POINT('',(8.296120486866,8.120907050971));
#1410 = CARTESIAN_POINT('',(8.294237700326,8.116236336711));
#1411 = CARTESIAN_POINT('',(8.292277506948,8.111637434755));
#1412 = CARTESIAN_POINT('',(8.290243431709,8.107106859105));
#1413 = CARTESIAN_POINT('',(8.288138727929,8.10264140586));
#1414 = CARTESIAN_POINT('',(8.28596640651,8.098238122217));
#1415 = CARTESIAN_POINT('',(8.283729260819,8.093894280085));
#1416 = CARTESIAN_POINT('',(8.281429888033,8.089607353459));
#1417 = CARTESIAN_POINT('',(8.279070707588,8.085374998872));
#1418 = CARTESIAN_POINT('',(8.27665397724,8.081195038399));
#1419 = CARTESIAN_POINT('',(8.274181807177,8.077065444749));
#1420 = CARTESIAN_POINT('',(8.271656172367,8.072984328209));
#1421 = CARTESIAN_POINT('',(8.269078923949,8.06894992474));
#1422 = CARTESIAN_POINT('',(8.266451797823,8.064960586633));
#1423 = CARTESIAN_POINT('',(8.263776428325,8.061014769378));
#1424 = CARTESIAN_POINT('',(8.261054338312,8.05711103762));
#1425 = CARTESIAN_POINT('',(8.258287013126,8.053248004313));
#1426 = CARTESIAN_POINT('',(8.255475658754,8.049424522365));
#1427 = CARTESIAN_POINT('',(8.252622133267,8.04563893903));
#1428 = CARTESIAN_POINT('',(8.249725504069,8.041891845302));
#1429 = CARTESIAN_POINT('',(8.246794762401,8.038175621745));
#1430 = CARTESIAN_POINT('',(8.243799434349,8.034510935497));
#1431 = CARTESIAN_POINT('',(8.240913570498,8.030753780168));
#1432 = CARTESIAN_POINT('',(8.238101519675,8.026932053833));
#1433 = CARTESIAN_POINT('',(8.23535145857,8.023055032204));
#1434 = CARTESIAN_POINT('',(8.232655108158,8.019130240779));
#1435 = CARTESIAN_POINT('',(8.230007222837,8.01516240654));
#1436 = CARTESIAN_POINT('',(8.227403821021,8.011155147489));
#1437 = CARTESIAN_POINT('',(8.224841855232,8.007111240664));
#1438 = CARTESIAN_POINT('',(8.222318873686,8.00303293224));
#1439 = CARTESIAN_POINT('',(8.21983286085,7.998922078102));
#1440 = CARTESIAN_POINT('',(8.2173821225,7.994780247121));
#1441 = CARTESIAN_POINT('',(8.214965211592,7.990608787277));
#1442 = CARTESIAN_POINT('',(8.212580875218,7.986408873092));
#1443 = CARTESIAN_POINT('',(8.210228016396,7.982181539785));
#1444 = CARTESIAN_POINT('',(8.207905665507,7.977927708787));
#1445 = CARTESIAN_POINT('',(8.205612958547,7.973648207182));
#1446 = CARTESIAN_POINT('',(8.203349120216,7.969343782823));
#1447 = CARTESIAN_POINT('',(8.201113450545,7.965015116274));
#1448 = CARTESIAN_POINT('',(8.198905314173,7.960662830399));
#1449 = CARTESIAN_POINT('',(8.196724131633,7.956287498148));
#1450 = CARTESIAN_POINT('',(8.194569372184,7.951889648962));
#1451 = CARTESIAN_POINT('',(8.192440547858,7.947469774087));
#1452 = CARTESIAN_POINT('',(8.190337208478,7.943028331038));
#1453 = CARTESIAN_POINT('',(8.188258937433,7.938565747362));
#1454 = CARTESIAN_POINT('',(8.186205348091,7.93408242385));
#1455 = CARTESIAN_POINT('',(8.184176080712,7.929578737293));
#1456 = CARTESIAN_POINT('',(8.182170799795,7.925055042854));
#1457 = CARTESIAN_POINT('',(8.180189191761,7.920511676136));
#1458 = CARTESIAN_POINT('',(8.178230962944,7.915948954981));
#1459 = CARTESIAN_POINT('',(8.176295837815,7.911367181052));
#1460 = CARTESIAN_POINT('',(8.174383557428,7.906766641224));
#1461 = CARTESIAN_POINT('',(8.172493878038,7.90214760882));
#1462 = CARTESIAN_POINT('',(8.170626569872,7.897510344705));
#1463 = CARTESIAN_POINT('',(8.168781416036,7.892855098266));
#1464 = CARTESIAN_POINT('',(8.166958211537,7.888182108285));
#1465 = CARTESIAN_POINT('',(8.165156762398,7.883491603728));
#1466 = CARTESIAN_POINT('',(8.163376884869,7.878783804452));
#1467 = CARTESIAN_POINT('',(8.161618404704,7.874058921847));
#1468 = CARTESIAN_POINT('',(8.15988115652,7.869317159415));
#1469 = CARTESIAN_POINT('',(8.158164983196,7.864558713299));
#1470 = CARTESIAN_POINT('',(8.156469735343,7.859783772763));
#1471 = CARTESIAN_POINT('',(8.154795270808,7.854992520631));
#1472 = CARTESIAN_POINT('',(8.153141454228,7.850185133688));
#1473 = CARTESIAN_POINT('',(8.151508156612,7.845361783049));
#1474 = CARTESIAN_POINT('',(8.14989525497,7.840522634495));
#1475 = CARTESIAN_POINT('',(8.148302631956,7.835667848789));
#1476 = CARTESIAN_POINT('',(8.146730175549,7.830797581961));
#1477 = CARTESIAN_POINT('',(8.14517777876,7.825911985571));
#1478 = CARTESIAN_POINT('',(8.143645339348,7.821011206962));
#1479 = CARTESIAN_POINT('',(8.14213275957,7.816095389478));
#1480 = CARTESIAN_POINT('',(8.140639945946,7.811164672686));
#1481 = CARTESIAN_POINT('',(8.13916680903,7.806219192566));
#1482 = CARTESIAN_POINT('',(8.137713263214,7.801259081696));
#1483 = CARTESIAN_POINT('',(8.13627922653,7.796284469423));
#1484 = CARTESIAN_POINT('',(8.134864620473,7.791295482024));
#1485 = CARTESIAN_POINT('',(8.133469369834,7.786292242854));
#1486 = CARTESIAN_POINT('',(8.132093402544,7.781274872486));
#1487 = CARTESIAN_POINT('',(8.130736649525,7.776243488841));
#1488 = CARTESIAN_POINT('',(8.129399044554,7.771198207313));
#1489 = CARTESIAN_POINT('',(8.128080524132,7.766139140882));
#1490 = CARTESIAN_POINT('',(8.126781027364,7.761066400224));
#1491 = CARTESIAN_POINT('',(8.125500495842,7.755980093814));
#1492 = CARTESIAN_POINT('',(8.124238873541,7.750880328019));
#1493 = CARTESIAN_POINT('',(8.122996106712,7.745767207192));
#1494 = CARTESIAN_POINT('',(8.121772143788,7.740640833757));
#1495 = CARTESIAN_POINT('',(8.120566935297,7.735501308288));
#1496 = CARTESIAN_POINT('',(8.119380433767,7.730348729589));
#1497 = CARTESIAN_POINT('',(8.118212593656,7.725183194762));
#1498 = CARTESIAN_POINT('',(8.117063371263,7.720004799281));
#1499 = CARTESIAN_POINT('',(8.115932724666,7.71481363705));
#1500 = CARTESIAN_POINT('',(8.11482061364,7.709609800473));
#1501 = CARTESIAN_POINT('',(8.113726999612,7.704393380505));
#1502 = CARTESIAN_POINT('',(8.112651845569,7.699164466713));
#1503 = CARTESIAN_POINT('',(8.111595116024,7.693923147327));
#1504 = CARTESIAN_POINT('',(8.110556776947,7.688669509289));
#1505 = CARTESIAN_POINT('',(8.109536795715,7.683403638303));
#1506 = CARTESIAN_POINT('',(8.108535141059,7.678125618878));
#1507 = CARTESIAN_POINT('',(8.107845707941,7.674416736371));
#1508 = CARTESIAN_POINT('',(8.10748756682,7.672467696283));
#1509 = CARTESIAN_POINT('',(8.107453607189,7.672282680761));
#1510 = ( GEOMETRIC_REPRESENTATION_CONTEXT(2) 
PARAMETRIC_REPRESENTATION_CONTEXT() REPRESENTATION_CONTEXT('2D SPACE',''
  ) );
#1511 = ORIENTED_EDGE('',*,*,#1512,.F.);
#1512 = EDGE_CURVE('',#1513,#1118,#1515,.T.);
#1513 = VERTEX_POINT('',#1514);
#1514 = CARTESIAN_POINT('',(-2.474873734153,-2.474873734153,-4.5));
#1515 = SURFACE_CURVE('',#1516,(#1520,#1527),.PCURVE_S1.);
#1516 = LINE('',#1517,#1518);
#1517 = CARTESIAN_POINT('',(-2.474873734153,-2.474873734153,-4.5));
#1518 = VECTOR('',#1519,1.);
#1519 = DIRECTION('',(0.875568369991,0.483094224216,0.));
#1520 = PCURVE('',#156,#1521);
#1521 = DEFINITIONAL_REPRESENTATION('',(#1522),#1526);
#1522 = LINE('',#1523,#1524);
#1523 = CARTESIAN_POINT('',(2.474873784153,2.474873734153));
#1524 = VECTOR('',#1525,1.);
#1525 = DIRECTION('',(-0.483094224216,-0.875568369991));
#1526 = ( GEOMETRIC_REPRESENTATION_CONTEXT(2) 
PARAMETRIC_REPRESENTATION_CONTEXT() REPRESENTATION_CONTEXT('2D SPACE',''
  ) );
#1527 = PCURVE('',#1528,#1533);
#1528 = PLANE('',#1529);
#1529 = AXIS2_PLACEMENT_3D('',#1530,#1531,#1532);
#1530 = CARTESIAN_POINT('',(-2.474873734153,-2.474873734153,-4.5));
#1531 = DIRECTION('',(-0.483094224216,0.875568369991,0.));
#1532 = DIRECTION('',(0.875568369991,0.483094224216,0.));
#1533 = DEFINITIONAL_REPRESENTATION('',(#1534),#1538);
#1534 = LINE('',#1535,#1536);
#1535 = CARTESIAN_POINT('',(0.,0.));
#1536 = VECTOR('',#1537,1.);
#1537 = DIRECTION('',(1.,0.));
#1538 = ( GEOMETRIC_REPRESENTATION_CONTEXT(2) 
PARAMETRIC_REPRESENTATION_CONTEXT() REPRESENTATION_CONTEXT('2D SPACE',''
  ) );
#1539 = ORIENTED_EDGE('',*,*,#1540,.F.);
#1540 = EDGE_CURVE('',#1541,#1513,#1543,.T.);
#1541 = VERTEX_POINT('',#1542);
#1542 = CARTESIAN_POINT('',(-2.776736691019,-2.130665001531,-4.5));
#1543 = SURFACE_CURVE('',#1544,(#1548,#1555),.PCURVE_S1.);
#1544 = LINE('',#1545,#1546);
#1545 = CARTESIAN_POINT('',(-2.776736691019,-2.130665001531,-4.5));
#1546 = VECTOR('',#1547,1.);
#1547 = DIRECTION('',(0.6593458151,-0.751839807479,0.));
#1548 = PCURVE('',#156,#1549);
#1549 = DEFINITIONAL_REPRESENTATION('',(#1550),#1554);
#1550 = LINE('',#1551,#1552);
#1551 = CARTESIAN_POINT('',(2.13066505153,2.776736691019));
#1552 = VECTOR('',#1553,1.);
#1553 = DIRECTION('',(0.751839807479,-0.6593458151));
#1554 = ( GEOMETRIC_REPRESENTATION_CONTEXT(2) 
PARAMETRIC_REPRESENTATION_CONTEXT() REPRESENTATION_CONTEXT('2D SPACE',''
  ) );
#1555 = PCURVE('',#1556,#1561);
#1556 = PLANE('',#1557);
#1557 = AXIS2_PLACEMENT_3D('',#1558,#1559,#1560);
#1558 = CARTESIAN_POINT('',(-2.776736691019,-2.130665001531,-4.5));
#1559 = DIRECTION('',(0.751839807479,0.6593458151,-0.));
#1560 = DIRECTION('',(0.6593458151,-0.751839807479,0.));
#1561 = DEFINITIONAL_REPRESENTATION('',(#1562),#1566);
#1562 = LINE('',#1563,#1564);
#1563 = CARTESIAN_POINT('',(0.,0.));
#1564 = VECTOR('',#1565,1.);
#1565 = DIRECTION('',(1.,0.));
#1566 = ( GEOMETRIC_REPRESENTATION_CONTEXT(2) 
PARAMETRIC_REPRESENTATION_CONTEXT() REPRESENTATION_CONTEXT('2D SPACE',''
  ) );
#1567 = ORIENTED_EDGE('',*,*,#1568,.F.);
#1568 = EDGE_CURVE('',#1569,#1541,#1571,.T.);
#1569 = VERTEX_POINT('',#1570);
#1570 = CARTESIAN_POINT('',(-2.465807194708,-1.708740678877,
    -4.5000001757));
#1571 = SURFACE_CURVE('',#1572,(#1576,#1583),.PCURVE_S1.);
#1572 = LINE('',#1573,#1574);
#1573 = CARTESIAN_POINT('',(-2.100111604177,-1.2125,-4.5));
#1574 = VECTOR('',#1575,1.);
#1575 = DIRECTION('',(-0.593245891522,-0.805021311639,0.));
#1576 = PCURVE('',#156,#1577);
#1577 = DEFINITIONAL_REPRESENTATION('',(#1578),#1582);
#1578 = LINE('',#1579,#1580);
#1579 = CARTESIAN_POINT('',(1.21250005,2.100111604177));
#1580 = VECTOR('',#1581,1.);
#1581 = DIRECTION('',(0.805021311639,0.593245891522));
#1582 = ( GEOMETRIC_REPRESENTATION_CONTEXT(2) 
PARAMETRIC_REPRESENTATION_CONTEXT() REPRESENTATION_CONTEXT('2D SPACE',''
  ) );
#1583 = PCURVE('',#1584,#1589);
#1584 = PLANE('',#1585);
#1585 = AXIS2_PLACEMENT_3D('',#1586,#1587,#1588);
#1586 = CARTESIAN_POINT('',(-2.100111604177,-1.2125,-4.5));
#1587 = DIRECTION('',(0.805021311639,-0.593245891522,0.));
#1588 = DIRECTION('',(-0.593245891522,-0.805021311639,0.));
#1589 = DEFINITIONAL_REPRESENTATION('',(#1590),#1594);
#1590 = LINE('',#1591,#1592);
#1591 = CARTESIAN_POINT('',(0.,0.));
#1592 = VECTOR('',#1593,1.);
#1593 = DIRECTION('',(1.,0.));
#1594 = ( GEOMETRIC_REPRESENTATION_CONTEXT(2) 
PARAMETRIC_REPRESENTATION_CONTEXT() REPRESENTATION_CONTEXT('2D SPACE',''
  ) );
#1595 = ORIENTED_EDGE('',*,*,#1596,.T.);
#1596 = EDGE_CURVE('',#1569,#1597,#1599,.T.);
#1597 = VERTEX_POINT('',#1598);
#1598 = CARTESIAN_POINT('',(-2.715084096759,-1.276055727591,
    -4.5000003514));
#1599 = SURFACE_CURVE('',#1600,(#1605,#1612),.PCURVE_S1.);
#1600 = CIRCLE('',#1601,3.);
#1601 = AXIS2_PLACEMENT_3D('',#1602,#1603,#1604);
#1602 = CARTESIAN_POINT('',(9.037215420449E-14,4.99999084913E-08,
    -4.5000003514));
#1603 = DIRECTION('',(3.431321225571E-15,-9.104279154523E-17,-1.));
#1604 = DIRECTION('',(4.996003610813E-16,-1.,9.104279154523E-17));
#1605 = PCURVE('',#156,#1606);
#1606 = DEFINITIONAL_REPRESENTATION('',(#1607),#1611);
#1607 = CIRCLE('',#1608,3.);
#1608 = AXIS2_PLACEMENT_2D('',#1609,#1610);
#1609 = CARTESIAN_POINT('',(1.110223024625E-15,7.216449660064E-16));
#1610 = DIRECTION('',(1.,-1.657422360651E-32));
#1611 = ( GEOMETRIC_REPRESENTATION_CONTEXT(2) 
PARAMETRIC_REPRESENTATION_CONTEXT() REPRESENTATION_CONTEXT('2D SPACE',''
  ) );
#1612 = PCURVE('',#1613,#1618);
#1613 = PLANE('',#1614);
#1614 = AXIS2_PLACEMENT_3D('',#1615,#1616,#1617);
#1615 = CARTESIAN_POINT('',(-10.,-10.,-4.5));
#1616 = DIRECTION('',(0.,0.,1.));
#1617 = DIRECTION('',(1.,0.,-0.));
#1618 = DEFINITIONAL_REPRESENTATION('',(#1619),#1627);
#1619 = ( BOUNDED_CURVE() B_SPLINE_CURVE(2,(#1620,#1621,#1622,#1623,
#1624,#1625,#1626),.UNSPECIFIED.,.T.,.F.) B_SPLINE_CURVE_WITH_KNOTS((1,2
    ,2,2,2,1),(-2.094395102393,0.,2.094395102393,4.188790204786,
6.28318530718,8.377580409573),.UNSPECIFIED.) CURVE() 
GEOMETRIC_REPRESENTATION_ITEM() RATIONAL_B_SPLINE_CURVE((1.,0.5,1.,0.5,
1.,0.5,1.)) REPRESENTATION_ITEM('') );
#1620 = CARTESIAN_POINT('',(10.,7.00000005));
#1621 = CARTESIAN_POINT('',(4.803847577293,7.00000005));
#1622 = CARTESIAN_POINT('',(7.401923788647,11.50000005));
#1623 = CARTESIAN_POINT('',(10.,16.00000005));
#1624 = CARTESIAN_POINT('',(12.598076211353,11.50000005));
#1625 = CARTESIAN_POINT('',(15.196152422707,7.00000005));
#1626 = CARTESIAN_POINT('',(10.,7.00000005));
#1627 = ( GEOMETRIC_REPRESENTATION_CONTEXT(2) 
PARAMETRIC_REPRESENTATION_CONTEXT() REPRESENTATION_CONTEXT('2D SPACE',''
  ) );
#1628 = ORIENTED_EDGE('',*,*,#1629,.F.);
#1629 = EDGE_CURVE('',#1630,#1597,#1632,.T.);
#1630 = VERTEX_POINT('',#1631);
#1631 = CARTESIAN_POINT('',(-2.325386256395,-0.926357385351,
    -4.5000001757));
#1632 = SURFACE_CURVE('',#1633,(#1761,#1892),.PCURVE_S1.);
#1633 = B_SPLINE_CURVE_WITH_KNOTS('',3,(#1634,#1635,#1636,#1637,#1638,
    #1639,#1640,#1641,#1642,#1643,#1644,#1645,#1646,#1647,#1648,#1649,
    #1650,#1651,#1652,#1653,#1654,#1655,#1656,#1657,#1658,#1659,#1660,
    #1661,#1662,#1663,#1664,#1665,#1666,#1667,#1668,#1669,#1670,#1671,
    #1672,#1673,#1674,#1675,#1676,#1677,#1678,#1679,#1680,#1681,#1682,
    #1683,#1684,#1685,#1686,#1687,#1688,#1689,#1690,#1691,#1692,#1693,
    #1694,#1695,#1696,#1697,#1698,#1699,#1700,#1701,#1702,#1703,#1704,
    #1705,#1706,#1707,#1708,#1709,#1710,#1711,#1712,#1713,#1714,#1715,
    #1716,#1717,#1718,#1719,#1720,#1721,#1722,#1723,#1724,#1725,#1726,
    #1727,#1728,#1729,#1730,#1731,#1732,#1733,#1734,#1735,#1736,#1737,
    #1738,#1739,#1740,#1741,#1742,#1743,#1744,#1745,#1746,#1747,#1748,
    #1749,#1750,#1751,#1752,#1753,#1754,#1755,#1756,#1757,#1758,#1759,
    #1760),.UNSPECIFIED.,.F.,.F.,(4,1,1,1,1,1,1,1,1,1,1,1,1,1,1,1,1,1,1,
    1,1,1,1,1,1,1,1,1,1,1,1,1,1,1,1,1,1,1,1,1,1,1,1,1,1,1,1,1,1,1,1,1,1,
    1,1,1,1,1,1,1,1,1,1,1,1,1,1,1,1,1,1,1,1,1,1,1,1,1,1,1,1,1,1,1,1,1,1,
    1,1,1,1,1,1,1,1,1,1,1,1,1,1,1,1,1,1,1,1,1,1,1,1,1,1,1,1,1,1,1,1,1,1,
    1,1,1,4),(0.,3.825348486101E-02,5.430853348674E-02,
    6.675617629157E-02,7.735884378815E-02,8.679755798888E-02,
    9.542083346997E-02,0.103435317105,0.110975441185,0.118134466631,
    0.124980232214,0.131563916605,0.137925263337,0.144095870271,
    0.150101352936,0.155962819326,0.16169790603,0.167321525098,
    0.172846414439,0.178283551377,0.18364246875,0.188931500289,
    0.194157973749,0.199328364902,0.20444842177,0.209523265982,
    0.214557476318,0.219555158251,0.224520002363,0.229455333832,
    0.234364154694,0.239249180184,0.244112870201,0.248957456702,
    0.253784967687,0.258597248282,0.263395979354,0.268182693996,
    0.272958792175,0.27772555377,0.282484150212,0.287235654883,
    0.291981052431,0.296721247119,0.301457070315,0.306189287223,
    0.310919293077,0.315655371856,0.320399980632,0.32515309033,
    0.329914691623,0.33468478033,0.339463354215,0.344250411941,
    0.349045952647,0.353849975744,0.358662480811,0.363483467539,
    0.368312935692,0.373150885086,0.377997315577,0.382852227048,
    0.387715619403,0.392587492562,0.397467846459,0.402356681039,
    0.407253996253,0.41215979206,0.417074068425,0.421996825315,
    0.426928062704,0.431867780568,0.436815978885,0.441772657636,
    0.446737816804,0.451711456374,0.456693576332,0.461684176666,
    0.466683257364,0.471690818415,0.476706859811,0.481731381543,
    0.486764383603,0.491805865984,0.496855828678,0.50191427168,
    0.506981194984,0.512056598584,0.517140482477,0.522232846656,
    0.527333691118,0.532443015859,0.537560820874,0.542687106161,
    0.547821871717,0.552965117537,0.55811684362,0.563277049962,
    0.56844573656,0.573622903413,0.578808550518,0.584002677873,
    0.589205285476,0.594416373325,0.599635941417,0.604863989752,
    0.610100518327,0.615345527141,0.620599016193,0.62586098548,
    0.631131435002,0.636410364758,0.641697774745,0.646993664963,
    0.652298035411,0.657610886087,0.66293221699,0.668262028121,
    0.673600319476,0.678947091057,0.684302342861,0.689666074887,
    0.695038287136,0.700418979606,0.700983298363),.UNSPECIFIED.);
#1634 = CARTESIAN_POINT('',(-2.294760507513,-0.763686052506,
    -4.5000003514));
#1635 = CARTESIAN_POINT('',(-2.290699534307,-0.775840065049,
    -4.5000003514));
#1636 = CARTESIAN_POINT('',(-2.287011977356,-0.793711264456,
    -4.5000003514));
#1637 = CARTESIAN_POINT('',(-2.286088830739,-0.815976013759,
    -4.5000003514));
#1638 = CARTESIAN_POINT('',(-2.286659104044,-0.829010702523,
    -4.5000003514));
#1639 = CARTESIAN_POINT('',(-2.287868931563,-0.839779578098,
    -4.5000003514));
#1640 = CARTESIAN_POINT('',(-2.289492163277,-0.849200472217,
    -4.5000003514));
#1641 = CARTESIAN_POINT('',(-2.291415733885,-0.857680789802,
    -4.5000003514));
#1642 = CARTESIAN_POINT('',(-2.293572749632,-0.865448985855,
    -4.5000003514));
#1643 = CARTESIAN_POINT('',(-2.295919433609,-0.872649745606,
    -4.5000003514));
#1644 = CARTESIAN_POINT('',(-2.298425185921,-0.879382096932,
    -4.5000003514));
#1645 = CARTESIAN_POINT('',(-2.301067554825,-0.885717597401,
    -4.5000003514));
#1646 = CARTESIAN_POINT('',(-2.303829448254,-0.891710093487,
    -4.5000003514));
#1647 = CARTESIAN_POINT('',(-2.306697466314,-0.897401403518,
    -4.5000003514));
#1648 = CARTESIAN_POINT('',(-2.309660848436,-0.902824840216,
    -4.5000003514));
#1649 = CARTESIAN_POINT('',(-2.312710778095,-0.908007502872,
    -4.5000003514));
#1650 = CARTESIAN_POINT('',(-2.315839906854,-0.91297182874,-4.5000003514
    ));
#1651 = CARTESIAN_POINT('',(-2.3190420186,-0.917736677579,-4.5000003514)
  );
#1652 = CARTESIAN_POINT('',(-2.322311786583,-0.922318110695,
    -4.5000003514));
#1653 = CARTESIAN_POINT('',(-2.325644593816,-0.926729963546,
    -4.5000003514));
#1654 = CARTESIAN_POINT('',(-2.329036397784,-0.930984275019,
    -4.5000003514));
#1655 = CARTESIAN_POINT('',(-2.332483626939,-0.935091614785,
    -4.5000003514));
#1656 = CARTESIAN_POINT('',(-2.335983100333,-0.939061336712,
    -4.5000003514));
#1657 = CARTESIAN_POINT('',(-2.339531964492,-0.942901777622,
    -4.5000003514));
#1658 = CARTESIAN_POINT('',(-2.34312764325,-0.946620415023,-4.5000003514
    ));
#1659 = CARTESIAN_POINT('',(-2.346767797494,-0.950223993632,
    -4.5000003514));
#1660 = CARTESIAN_POINT('',(-2.350450292558,-0.953718627854,
    -4.5000003514));
#1661 = CARTESIAN_POINT('',(-2.354173171584,-0.957109885529,
    -4.5000003514));
#1662 = CARTESIAN_POINT('',(-2.357934633569,-0.960402856986,
    -4.5000003514));
#1663 = CARTESIAN_POINT('',(-2.361733015138,-0.96360221243,-4.5000003514
    ));
#1664 = CARTESIAN_POINT('',(-2.365566775271,-0.966712250039,
    -4.5000003514));
#1665 = CARTESIAN_POINT('',(-2.369434482411,-0.969736936578,
    -4.5000003514));
#1666 = CARTESIAN_POINT('',(-2.373334803498,-0.972679941969,
    -4.5000003514));
#1667 = CARTESIAN_POINT('',(-2.377266494548,-0.975544668936,
    -4.5000003514));
#1668 = CARTESIAN_POINT('',(-2.381228392517,-0.978334278624,
    -4.5000003514));
#1669 = CARTESIAN_POINT('',(-2.385219408201,-0.981051712879,
    -4.5000003514));
#1670 = CARTESIAN_POINT('',(-2.389238519998,-0.983699713805,
    -4.5000003514));
#1671 = CARTESIAN_POINT('',(-2.393284768438,-0.986280840878,
    -4.5000003514));
#1672 = CARTESIAN_POINT('',(-2.397357251089,-0.988797486624,
    -4.5000003514));
#1673 = CARTESIAN_POINT('',(-2.401455118875,-0.991251888756,
    -4.5000003514));
#1674 = CARTESIAN_POINT('',(-2.405577569448,-0.993646147939,
    -4.5000003514));
#1675 = CARTESIAN_POINT('',(-2.409723853537,-0.995982218129,
    -4.5000003514));
#1676 = CARTESIAN_POINT('',(-2.413893234713,-0.998261993475,
    -4.5000003514));
#1677 = CARTESIAN_POINT('',(-2.418085124122,-1.00048703073,-4.5000003514
    ));
#1678 = CARTESIAN_POINT('',(-2.422298564802,-1.002659625153,
    -4.5000003514));
#1679 = CARTESIAN_POINT('',(-2.426534140569,-1.00477883964,-4.5000003514
    ));
#1680 = CARTESIAN_POINT('',(-2.430787056544,-1.006855440218,
    -4.5000003514));
#1681 = CARTESIAN_POINT('',(-2.435075801639,-1.008857584303,
    -4.5000003514));
#1682 = CARTESIAN_POINT('',(-2.439306043729,-1.010990534889,
    -4.5000003514));
#1683 = CARTESIAN_POINT('',(-2.443497798887,-1.013213688212,
    -4.5000003514));
#1684 = CARTESIAN_POINT('',(-2.447657694969,-1.015513557205,
    -4.5000003514));
#1685 = CARTESIAN_POINT('',(-2.451789925926,-1.017879769494,
    -4.5000003514));
#1686 = CARTESIAN_POINT('',(-2.455897166922,-1.020305790232,
    -4.5000003514));
#1687 = CARTESIAN_POINT('',(-2.459981435449,-1.022786632168,
    -4.5000003514));
#1688 = CARTESIAN_POINT('',(-2.46404427228,-1.025318471026,-4.5000003514
    ));
#1689 = CARTESIAN_POINT('',(-2.468086911816,-1.027898219283,
    -4.5000003514));
#1690 = CARTESIAN_POINT('',(-2.472110364751,-1.030523330337,
    -4.5000003514));
#1691 = CARTESIAN_POINT('',(-2.476115476819,-1.033191655587,
    -4.5000003514));
#1692 = CARTESIAN_POINT('',(-2.480102966899,-1.035901352699,
    -4.5000003514));
#1693 = CARTESIAN_POINT('',(-2.484073454212,-1.038650819846,
    -4.5000003514));
#1694 = CARTESIAN_POINT('',(-2.488027477944,-1.041438648367,
    -4.5000003514));
#1695 = CARTESIAN_POINT('',(-2.491965511894,-1.044263587378,
    -4.5000003514));
#1696 = CARTESIAN_POINT('',(-2.495887975646,-1.047124516826,
    -4.5000003514));
#1697 = CARTESIAN_POINT('',(-2.49979524324,-1.050020426528,-4.5000003514
    ));
#1698 = CARTESIAN_POINT('',(-2.503687650041,-1.052950399612,
    -4.5000003514));
#1699 = CARTESIAN_POINT('',(-2.507565498237,-1.055913599224,
    -4.5000003514));
#1700 = CARTESIAN_POINT('',(-2.511429061317,-1.058909257733,
    -4.5000003514));
#1701 = CARTESIAN_POINT('',(-2.515278587748,-1.061936667848,
    -4.5000003514));
#1702 = CARTESIAN_POINT('',(-2.519114304027,-1.064995175252,
    -4.5000003514));
#1703 = CARTESIAN_POINT('',(-2.522936417245,-1.068084172413,
    -4.5000003514));
#1704 = CARTESIAN_POINT('',(-2.526745117247,-1.071203093364,
    -4.5000003514));
#1705 = CARTESIAN_POINT('',(-2.530540578481,-1.07435140925,-4.5000003514
    ));
#1706 = CARTESIAN_POINT('',(-2.534322961577,-1.077528624511,
    -4.5000003514));
#1707 = CARTESIAN_POINT('',(-2.538092414713,-1.080734273586,
    -4.5000003514));
#1708 = CARTESIAN_POINT('',(-2.541849074799,-1.083967918052,
    -4.5000003514));
#1709 = CARTESIAN_POINT('',(-2.545593068515,-1.087229144124,
    -4.5000003514));
#1710 = CARTESIAN_POINT('',(-2.549324513216,-1.090517560467,
    -4.5000003514));
#1711 = CARTESIAN_POINT('',(-2.553043517733,-1.093832796263,
    -4.5000003514));
#1712 = CARTESIAN_POINT('',(-2.556750183085,-1.097174499499,
    -4.5000003514));
#1713 = CARTESIAN_POINT('',(-2.560444603103,-1.10054233545,-4.5000003514
    ));
#1714 = CARTESIAN_POINT('',(-2.564126864997,-1.103935985318,
    -4.5000003514));
#1715 = CARTESIAN_POINT('',(-2.567797049856,-1.107355145026,
    -4.5000003514));
#1716 = CARTESIAN_POINT('',(-2.571455233103,-1.110799524118,
    -4.5000003514));
#1717 = CARTESIAN_POINT('',(-2.575101484899,-1.114268844785,
    -4.5000003514));
#1718 = CARTESIAN_POINT('',(-2.578735870513,-1.117762840968,
    -4.5000003514));
#1719 = CARTESIAN_POINT('',(-2.582358450657,-1.12128125756,-4.5000003514
    ));
#1720 = CARTESIAN_POINT('',(-2.585969281787,-1.124823849671,
    -4.5000003514));
#1721 = CARTESIAN_POINT('',(-2.58956841638,-1.128390381962,-4.5000003514
    ));
#1722 = CARTESIAN_POINT('',(-2.593155903186,-1.131980628038,
    -4.5000003514));
#1723 = CARTESIAN_POINT('',(-2.59673178746,-1.135594369888,-4.5000003514
    ));
#1724 = CARTESIAN_POINT('',(-2.600296111174,-1.139231397377,
    -4.5000003514));
#1725 = CARTESIAN_POINT('',(-2.60384891321,-1.142891507776,-4.5000003514
    ));
#1726 = CARTESIAN_POINT('',(-2.607390229539,-1.146574505328,
    -4.5000003514));
#1727 = CARTESIAN_POINT('',(-2.610920093389,-1.150280200854,
    -4.5000003514));
#1728 = CARTESIAN_POINT('',(-2.614438535396,-1.154008411378,
    -4.5000003514));
#1729 = CARTESIAN_POINT('',(-2.617945583746,-1.157758959792,
    -4.5000003514));
#1730 = CARTESIAN_POINT('',(-2.621441264306,-1.161531674535,
    -4.5000003514));
#1731 = CARTESIAN_POINT('',(-2.624925600746,-1.165326389304,
    -4.5000003514));
#1732 = CARTESIAN_POINT('',(-2.628398614651,-1.169142942776,
    -4.5000003514));
#1733 = CARTESIAN_POINT('',(-2.631860325631,-1.172981178358,
    -4.5000003514));
#1734 = CARTESIAN_POINT('',(-2.635310751412,-1.176840943947,
    -4.5000003514));
#1735 = CARTESIAN_POINT('',(-2.638749907937,-1.180722091711,
    -4.5000003514));
#1736 = CARTESIAN_POINT('',(-2.642177809444,-1.184624477877,
    -4.5000003514));
#1737 = CARTESIAN_POINT('',(-2.645594468551,-1.188547962545,
    -4.5000003514));
#1738 = CARTESIAN_POINT('',(-2.648999896332,-1.192492409499,
    -4.5000003514));
#1739 = CARTESIAN_POINT('',(-2.652394102382,-1.196457686039,
    -4.5000003514));
#1740 = CARTESIAN_POINT('',(-2.655777094894,-1.200443662823,
    -4.5000003514));
#1741 = CARTESIAN_POINT('',(-2.65914888071,-1.204450213714,-4.5000003514
    ));
#1742 = CARTESIAN_POINT('',(-2.662509465389,-1.208477215638,
    -4.5000003514));
#1743 = CARTESIAN_POINT('',(-2.665858853257,-1.212524548451,
    -4.5000003514));
#1744 = CARTESIAN_POINT('',(-2.669197047463,-1.216592094815,
    -4.5000003514));
#1745 = CARTESIAN_POINT('',(-2.672524050027,-1.220679740075,
    -4.5000003514));
#1746 = CARTESIAN_POINT('',(-2.675839861885,-1.224787372152,
    -4.5000003514));
#1747 = CARTESIAN_POINT('',(-2.679144482937,-1.228914881429,
    -4.5000003514));
#1748 = CARTESIAN_POINT('',(-2.682437912085,-1.23306216066,-4.5000003514
    ));
#1749 = CARTESIAN_POINT('',(-2.685720147278,-1.237229104866,
    -4.5000003514));
#1750 = CARTESIAN_POINT('',(-2.688991185541,-1.241415611251,
    -4.5000003514));
#1751 = CARTESIAN_POINT('',(-2.692251023025,-1.24562157911,-4.5000003514
    ));
#1752 = CARTESIAN_POINT('',(-2.695499655018,-1.24984690976,-4.5000003514
    ));
#1753 = CARTESIAN_POINT('',(-2.698737076007,-1.254091506442,
    -4.5000003514));
#1754 = CARTESIAN_POINT('',(-2.701963279682,-1.25835527427,-4.5000003514
    ));
#1755 = CARTESIAN_POINT('',(-2.70517825898,-1.262638120144,-4.5000003514
    ));
#1756 = CARTESIAN_POINT('',(-2.708382006109,-1.266939952695,
    -4.5000003514));
#1757 = CARTESIAN_POINT('',(-2.711574512574,-1.271260682213,
    -4.5000003514));
#1758 = CARTESIAN_POINT('',(-2.71380489416,-1.274303136067,-4.5000003514
    ));
#1759 = CARTESIAN_POINT('',(-2.714973224961,-1.275903768899,
    -4.5000003514));
#1760 = CARTESIAN_POINT('',(-2.715084096759,-1.276055727591,
    -4.5000003514));
#1761 = PCURVE('',#156,#1762);
#1762 = DEFINITIONAL_REPRESENTATION('',(#1763),#1891);
#1763 = B_SPLINE_CURVE_WITH_KNOTS('',3,(#1764,#1765,#1766,#1767,#1768,
    #1769,#1770,#1771,#1772,#1773,#1774,#1775,#1776,#1777,#1778,#1779,
    #1780,#1781,#1782,#1783,#1784,#1785,#1786,#1787,#1788,#1789,#1790,
    #1791,#1792,#1793,#1794,#1795,#1796,#1797,#1798,#1799,#1800,#1801,
    #1802,#1803,#1804,#1805,#1806,#1807,#1808,#1809,#1810,#1811,#1812,
    #1813,#1814,#1815,#1816,#1817,#1818,#1819,#1820,#1821,#1822,#1823,
    #1824,#1825,#1826,#1827,#1828,#1829,#1830,#1831,#1832,#1833,#1834,
    #1835,#1836,#1837,#1838,#1839,#1840,#1841,#1842,#1843,#1844,#1845,
    #1846,#1847,#1848,#1849,#1850,#1851,#1852,#1853,#1854,#1855,#1856,
    #1857,#1858,#1859,#1860,#1861,#1862,#1863,#1864,#1865,#1866,#1867,
    #1868,#1869,#1870,#1871,#1872,#1873,#1874,#1875,#1876,#1877,#1878,
    #1879,#1880,#1881,#1882,#1883,#1884,#1885,#1886,#1887,#1888,#1889,
    #1890),.UNSPECIFIED.,.F.,.F.,(4,1,1,1,1,1,1,1,1,1,1,1,1,1,1,1,1,1,1,
    1,1,1,1,1,1,1,1,1,1,1,1,1,1,1,1,1,1,1,1,1,1,1,1,1,1,1,1,1,1,1,1,1,1,
    1,1,1,1,1,1,1,1,1,1,1,1,1,1,1,1,1,1,1,1,1,1,1,1,1,1,1,1,1,1,1,1,1,1,
    1,1,1,1,1,1,1,1,1,1,1,1,1,1,1,1,1,1,1,1,1,1,1,1,1,1,1,1,1,1,1,1,1,1,
    1,1,1,4),(0.,3.825348486101E-02,5.430853348674E-02,
    6.675617629157E-02,7.735884378815E-02,8.679755798888E-02,
    9.542083346997E-02,0.103435317105,0.110975441185,0.118134466631,
    0.124980232214,0.131563916605,0.137925263337,0.144095870271,
    0.150101352936,0.155962819326,0.16169790603,0.167321525098,
    0.172846414439,0.178283551377,0.18364246875,0.188931500289,
    0.194157973749,0.199328364902,0.20444842177,0.209523265982,
    0.214557476318,0.219555158251,0.224520002363,0.229455333832,
    0.234364154694,0.239249180184,0.244112870201,0.248957456702,
    0.253784967687,0.258597248282,0.263395979354,0.268182693996,
    0.272958792175,0.27772555377,0.282484150212,0.287235654883,
    0.291981052431,0.296721247119,0.301457070315,0.306189287223,
    0.310919293077,0.315655371856,0.320399980632,0.32515309033,
    0.329914691623,0.33468478033,0.339463354215,0.344250411941,
    0.349045952647,0.353849975744,0.358662480811,0.363483467539,
    0.368312935692,0.373150885086,0.377997315577,0.382852227048,
    0.387715619403,0.392587492562,0.397467846459,0.402356681039,
    0.407253996253,0.41215979206,0.417074068425,0.421996825315,
    0.426928062704,0.431867780568,0.436815978885,0.441772657636,
    0.446737816804,0.451711456374,0.456693576332,0.461684176666,
    0.466683257364,0.471690818415,0.476706859811,0.481731381543,
    0.486764383603,0.491805865984,0.496855828678,0.50191427168,
    0.506981194984,0.512056598584,0.517140482477,0.522232846656,
    0.527333691118,0.532443015859,0.537560820874,0.542687106161,
    0.547821871717,0.552965117537,0.55811684362,0.563277049962,
    0.56844573656,0.573622903413,0.578808550518,0.584002677873,
    0.589205285476,0.594416373325,0.599635941417,0.604863989752,
    0.610100518327,0.615345527141,0.620599016193,0.62586098548,
    0.631131435002,0.636410364758,0.641697774745,0.646993664963,
    0.652298035411,0.657610886087,0.66293221699,0.668262028121,
    0.673600319476,0.678947091057,0.684302342861,0.689666074887,
    0.695038287136,0.700418979606,0.700983298363),.UNSPECIFIED.);
#1764 = CARTESIAN_POINT('',(0.763686102506,2.294760507513));
#1765 = CARTESIAN_POINT('',(0.775840115049,2.290699534307));
#1766 = CARTESIAN_POINT('',(0.793711314456,2.287011977356));
#1767 = CARTESIAN_POINT('',(0.815976063759,2.286088830739));
#1768 = CARTESIAN_POINT('',(0.829010752523,2.286659104044));
#1769 = CARTESIAN_POINT('',(0.839779628098,2.287868931563));
#1770 = CARTESIAN_POINT('',(0.849200522217,2.289492163277));
#1771 = CARTESIAN_POINT('',(0.857680839802,2.291415733885));
#1772 = CARTESIAN_POINT('',(0.865449035855,2.293572749632));
#1773 = CARTESIAN_POINT('',(0.872649795606,2.295919433609));
#1774 = CARTESIAN_POINT('',(0.879382146932,2.298425185921));
#1775 = CARTESIAN_POINT('',(0.885717647401,2.301067554825));
#1776 = CARTESIAN_POINT('',(0.891710143487,2.303829448254));
#1777 = CARTESIAN_POINT('',(0.897401453518,2.306697466314));
#1778 = CARTESIAN_POINT('',(0.902824890216,2.309660848436));
#1779 = CARTESIAN_POINT('',(0.908007552872,2.312710778095));
#1780 = CARTESIAN_POINT('',(0.91297187874,2.315839906854));
#1781 = CARTESIAN_POINT('',(0.917736727579,2.3190420186));
#1782 = CARTESIAN_POINT('',(0.922318160695,2.322311786583));
#1783 = CARTESIAN_POINT('',(0.926730013546,2.325644593816));
#1784 = CARTESIAN_POINT('',(0.930984325019,2.329036397784));
#1785 = CARTESIAN_POINT('',(0.935091664785,2.332483626939));
#1786 = CARTESIAN_POINT('',(0.939061386712,2.335983100333));
#1787 = CARTESIAN_POINT('',(0.942901827622,2.339531964492));
#1788 = CARTESIAN_POINT('',(0.946620465023,2.34312764325));
#1789 = CARTESIAN_POINT('',(0.950224043632,2.346767797494));
#1790 = CARTESIAN_POINT('',(0.953718677854,2.350450292558));
#1791 = CARTESIAN_POINT('',(0.957109935529,2.354173171584));
#1792 = CARTESIAN_POINT('',(0.960402906986,2.357934633569));
#1793 = CARTESIAN_POINT('',(0.96360226243,2.361733015138));
#1794 = CARTESIAN_POINT('',(0.966712300039,2.365566775271));
#1795 = CARTESIAN_POINT('',(0.969736986578,2.369434482411));
#1796 = CARTESIAN_POINT('',(0.972679991969,2.373334803498));
#1797 = CARTESIAN_POINT('',(0.975544718936,2.377266494548));
#1798 = CARTESIAN_POINT('',(0.978334328624,2.381228392517));
#1799 = CARTESIAN_POINT('',(0.981051762879,2.385219408201));
#1800 = CARTESIAN_POINT('',(0.983699763805,2.389238519998));
#1801 = CARTESIAN_POINT('',(0.986280890878,2.393284768438));
#1802 = CARTESIAN_POINT('',(0.988797536624,2.397357251089));
#1803 = CARTESIAN_POINT('',(0.991251938756,2.401455118875));
#1804 = CARTESIAN_POINT('',(0.993646197939,2.405577569448));
#1805 = CARTESIAN_POINT('',(0.995982268129,2.409723853537));
#1806 = CARTESIAN_POINT('',(0.998262043475,2.413893234713));
#1807 = CARTESIAN_POINT('',(1.00048708073,2.418085124122));
#1808 = CARTESIAN_POINT('',(1.002659675153,2.422298564802));
#1809 = CARTESIAN_POINT('',(1.00477888964,2.426534140569));
#1810 = CARTESIAN_POINT('',(1.006855490218,2.430787056544));
#1811 = CARTESIAN_POINT('',(1.008857634303,2.435075801639));
#1812 = CARTESIAN_POINT('',(1.010990584889,2.439306043729));
#1813 = CARTESIAN_POINT('',(1.013213738212,2.443497798887));
#1814 = CARTESIAN_POINT('',(1.015513607205,2.447657694969));
#1815 = CARTESIAN_POINT('',(1.017879819494,2.451789925926));
#1816 = CARTESIAN_POINT('',(1.020305840232,2.455897166922));
#1817 = CARTESIAN_POINT('',(1.022786682168,2.459981435449));
#1818 = CARTESIAN_POINT('',(1.025318521026,2.46404427228));
#1819 = CARTESIAN_POINT('',(1.027898269283,2.468086911816));
#1820 = CARTESIAN_POINT('',(1.030523380337,2.472110364751));
#1821 = CARTESIAN_POINT('',(1.033191705587,2.476115476819));
#1822 = CARTESIAN_POINT('',(1.035901402699,2.480102966899));
#1823 = CARTESIAN_POINT('',(1.038650869846,2.484073454212));
#1824 = CARTESIAN_POINT('',(1.041438698367,2.488027477944));
#1825 = CARTESIAN_POINT('',(1.044263637378,2.491965511894));
#1826 = CARTESIAN_POINT('',(1.047124566826,2.495887975646));
#1827 = CARTESIAN_POINT('',(1.050020476528,2.49979524324));
#1828 = CARTESIAN_POINT('',(1.052950449612,2.503687650041));
#1829 = CARTESIAN_POINT('',(1.055913649224,2.507565498237));
#1830 = CARTESIAN_POINT('',(1.058909307733,2.511429061317));
#1831 = CARTESIAN_POINT('',(1.061936717848,2.515278587748));
#1832 = CARTESIAN_POINT('',(1.064995225252,2.519114304027));
#1833 = CARTESIAN_POINT('',(1.068084222413,2.522936417245));
#1834 = CARTESIAN_POINT('',(1.071203143364,2.526745117247));
#1835 = CARTESIAN_POINT('',(1.07435145925,2.530540578481));
#1836 = CARTESIAN_POINT('',(1.077528674511,2.534322961577));
#1837 = CARTESIAN_POINT('',(1.080734323586,2.538092414713));
#1838 = CARTESIAN_POINT('',(1.083967968052,2.541849074799));
#1839 = CARTESIAN_POINT('',(1.087229194124,2.545593068515));
#1840 = CARTESIAN_POINT('',(1.090517610467,2.549324513216));
#1841 = CARTESIAN_POINT('',(1.093832846263,2.553043517733));
#1842 = CARTESIAN_POINT('',(1.097174549499,2.556750183085));
#1843 = CARTESIAN_POINT('',(1.10054238545,2.560444603103));
#1844 = CARTESIAN_POINT('',(1.103936035318,2.564126864997));
#1845 = CARTESIAN_POINT('',(1.107355195026,2.567797049856));
#1846 = CARTESIAN_POINT('',(1.110799574118,2.571455233103));
#1847 = CARTESIAN_POINT('',(1.114268894785,2.575101484899));
#1848 = CARTESIAN_POINT('',(1.117762890968,2.578735870513));
#1849 = CARTESIAN_POINT('',(1.12128130756,2.582358450657));
#1850 = CARTESIAN_POINT('',(1.124823899671,2.585969281787));
#1851 = CARTESIAN_POINT('',(1.128390431962,2.58956841638));
#1852 = CARTESIAN_POINT('',(1.131980678038,2.593155903186));
#1853 = CARTESIAN_POINT('',(1.135594419888,2.59673178746));
#1854 = CARTESIAN_POINT('',(1.139231447377,2.600296111174));
#1855 = CARTESIAN_POINT('',(1.142891557776,2.60384891321));
#1856 = CARTESIAN_POINT('',(1.146574555328,2.607390229539));
#1857 = CARTESIAN_POINT('',(1.150280250854,2.610920093389));
#1858 = CARTESIAN_POINT('',(1.154008461378,2.614438535396));
#1859 = CARTESIAN_POINT('',(1.157759009792,2.617945583746));
#1860 = CARTESIAN_POINT('',(1.161531724535,2.621441264306));
#1861 = CARTESIAN_POINT('',(1.165326439304,2.624925600746));
#1862 = CARTESIAN_POINT('',(1.169142992776,2.628398614651));
#1863 = CARTESIAN_POINT('',(1.172981228358,2.631860325631));
#1864 = CARTESIAN_POINT('',(1.176840993947,2.635310751412));
#1865 = CARTESIAN_POINT('',(1.180722141711,2.638749907937));
#1866 = CARTESIAN_POINT('',(1.184624527877,2.642177809444));
#1867 = CARTESIAN_POINT('',(1.188548012545,2.645594468551));
#1868 = CARTESIAN_POINT('',(1.192492459499,2.648999896332));
#1869 = CARTESIAN_POINT('',(1.196457736039,2.652394102382));
#1870 = CARTESIAN_POINT('',(1.200443712823,2.655777094894));
#1871 = CARTESIAN_POINT('',(1.204450263714,2.65914888071));
#1872 = CARTESIAN_POINT('',(1.208477265638,2.662509465389));
#1873 = CARTESIAN_POINT('',(1.212524598451,2.665858853257));
#1874 = CARTESIAN_POINT('',(1.216592144815,2.669197047463));
#1875 = CARTESIAN_POINT('',(1.220679790075,2.672524050027));
#1876 = CARTESIAN_POINT('',(1.224787422152,2.675839861885));
#1877 = CARTESIAN_POINT('',(1.228914931429,2.679144482937));
#1878 = CARTESIAN_POINT('',(1.23306221066,2.682437912085));
#1879 = CARTESIAN_POINT('',(1.237229154866,2.685720147278));
#1880 = CARTESIAN_POINT('',(1.241415661251,2.688991185541));
#1881 = CARTESIAN_POINT('',(1.24562162911,2.692251023025));
#1882 = CARTESIAN_POINT('',(1.24984695976,2.695499655018));
#1883 = CARTESIAN_POINT('',(1.254091556442,2.698737076007));
#1884 = CARTESIAN_POINT('',(1.25835532427,2.701963279682));
#1885 = CARTESIAN_POINT('',(1.262638170144,2.70517825898));
#1886 = CARTESIAN_POINT('',(1.266940002695,2.708382006109));
#1887 = CARTESIAN_POINT('',(1.271260732213,2.711574512574));
#1888 = CARTESIAN_POINT('',(1.274303186067,2.71380489416));
#1889 = CARTESIAN_POINT('',(1.275903818899,2.714973224961));
#1890 = CARTESIAN_POINT('',(1.276055777591,2.71508409676));
#1891 = ( GEOMETRIC_REPRESENTATION_CONTEXT(2) 
PARAMETRIC_REPRESENTATION_CONTEXT() REPRESENTATION_CONTEXT('2D SPACE',''
  ) );
#1892 = PCURVE('',#1613,#1893);
#1893 = DEFINITIONAL_REPRESENTATION('',(#1894),#2022);
#1894 = B_SPLINE_CURVE_WITH_KNOTS('',3,(#1895,#1896,#1897,#1898,#1899,
    #1900,#1901,#1902,#1903,#1904,#1905,#1906,#1907,#1908,#1909,#1910,
    #1911,#1912,#1913,#1914,#1915,#1916,#1917,#1918,#1919,#1920,#1921,
    #1922,#1923,#1924,#1925,#1926,#1927,#1928,#1929,#1930,#1931,#1932,
    #1933,#1934,#1935,#1936,#1937,#1938,#1939,#1940,#1941,#1942,#1943,
    #1944,#1945,#1946,#1947,#1948,#1949,#1950,#1951,#1952,#1953,#1954,
    #1955,#1956,#1957,#1958,#1959,#1960,#1961,#1962,#1963,#1964,#1965,
    #1966,#1967,#1968,#1969,#1970,#1971,#1972,#1973,#1974,#1975,#1976,
    #1977,#1978,#1979,#1980,#1981,#1982,#1983,#1984,#1985,#1986,#1987,
    #1988,#1989,#1990,#1991,#1992,#1993,#1994,#1995,#1996,#1997,#1998,
    #1999,#2000,#2001,#2002,#2003,#2004,#2005,#2006,#2007,#2008,#2009,
    #2010,#2011,#2012,#2013,#2014,#2015,#2016,#2017,#2018,#2019,#2020,
    #2021),.UNSPECIFIED.,.F.,.F.,(4,1,1,1,1,1,1,1,1,1,1,1,1,1,1,1,1,1,1,
    1,1,1,1,1,1,1,1,1,1,1,1,1,1,1,1,1,1,1,1,1,1,1,1,1,1,1,1,1,1,1,1,1,1,
    1,1,1,1,1,1,1,1,1,1,1,1,1,1,1,1,1,1,1,1,1,1,1,1,1,1,1,1,1,1,1,1,1,1,
    1,1,1,1,1,1,1,1,1,1,1,1,1,1,1,1,1,1,1,1,1,1,1,1,1,1,1,1,1,1,1,1,1,1,
    1,1,1,4),(0.,3.825348486101E-02,5.430853348674E-02,
    6.675617629157E-02,7.735884378815E-02,8.679755798888E-02,
    9.542083346997E-02,0.103435317105,0.110975441185,0.118134466631,
    0.124980232214,0.131563916605,0.137925263337,0.144095870271,
    0.150101352936,0.155962819326,0.16169790603,0.167321525098,
    0.172846414439,0.178283551377,0.18364246875,0.188931500289,
    0.194157973749,0.199328364902,0.20444842177,0.209523265982,
    0.214557476318,0.219555158251,0.224520002363,0.229455333832,
    0.234364154694,0.239249180184,0.244112870201,0.248957456702,
    0.253784967687,0.258597248282,0.263395979354,0.268182693996,
    0.272958792175,0.27772555377,0.282484150212,0.287235654883,
    0.291981052431,0.296721247119,0.301457070315,0.306189287223,
    0.310919293077,0.315655371856,0.320399980632,0.32515309033,
    0.329914691623,0.33468478033,0.339463354215,0.344250411941,
    0.349045952647,0.353849975744,0.358662480811,0.363483467539,
    0.368312935692,0.373150885086,0.377997315577,0.382852227048,
    0.387715619403,0.392587492562,0.397467846459,0.402356681039,
    0.407253996253,0.41215979206,0.417074068425,0.421996825315,
    0.426928062704,0.431867780568,0.436815978885,0.441772657636,
    0.446737816804,0.451711456374,0.456693576332,0.461684176666,
    0.466683257364,0.471690818415,0.476706859811,0.481731381543,
    0.486764383603,0.491805865984,0.496855828678,0.50191427168,
    0.506981194984,0.512056598584,0.517140482477,0.522232846656,
    0.527333691118,0.532443015859,0.537560820874,0.542687106161,
    0.547821871717,0.552965117537,0.55811684362,0.563277049962,
    0.56844573656,0.573622903413,0.578808550518,0.584002677873,
    0.589205285476,0.594416373325,0.599635941417,0.604863989752,
    0.610100518327,0.615345527141,0.620599016193,0.62586098548,
    0.631131435002,0.636410364758,0.641697774745,0.646993664963,
    0.652298035411,0.657610886087,0.66293221699,0.668262028121,
    0.673600319476,0.678947091057,0.684302342861,0.689666074887,
    0.695038287136,0.700418979606,0.700983298363),.UNSPECIFIED.);
#1895 = CARTESIAN_POINT('',(7.705239492487,9.236313947494));
#1896 = CARTESIAN_POINT('',(7.709300465693,9.224159934951));
#1897 = CARTESIAN_POINT('',(7.712988022644,9.206288735544));
#1898 = CARTESIAN_POINT('',(7.713911169261,9.184023986241));
#1899 = CARTESIAN_POINT('',(7.713340895956,9.170989297477));
#1900 = CARTESIAN_POINT('',(7.712131068437,9.160220421902));
#1901 = CARTESIAN_POINT('',(7.710507836723,9.150799527783));
#1902 = CARTESIAN_POINT('',(7.708584266115,9.142319210198));
#1903 = CARTESIAN_POINT('',(7.706427250368,9.134551014145));
#1904 = CARTESIAN_POINT('',(7.704080566391,9.127350254394));
#1905 = CARTESIAN_POINT('',(7.701574814079,9.120617903068));
#1906 = CARTESIAN_POINT('',(7.698932445175,9.114282402599));
#1907 = CARTESIAN_POINT('',(7.696170551746,9.108289906513));
#1908 = CARTESIAN_POINT('',(7.693302533686,9.102598596482));
#1909 = CARTESIAN_POINT('',(7.690339151564,9.097175159784));
#1910 = CARTESIAN_POINT('',(7.687289221905,9.091992497128));
#1911 = CARTESIAN_POINT('',(7.684160093146,9.08702817126));
#1912 = CARTESIAN_POINT('',(7.6809579814,9.082263322421));
#1913 = CARTESIAN_POINT('',(7.677688213417,9.077681889305));
#1914 = CARTESIAN_POINT('',(7.674355406184,9.073270036454));
#1915 = CARTESIAN_POINT('',(7.670963602216,9.069015724981));
#1916 = CARTESIAN_POINT('',(7.667516373061,9.064908385215));
#1917 = CARTESIAN_POINT('',(7.664016899667,9.060938663288));
#1918 = CARTESIAN_POINT('',(7.660468035508,9.057098222378));
#1919 = CARTESIAN_POINT('',(7.65687235675,9.053379584977));
#1920 = CARTESIAN_POINT('',(7.653232202506,9.049776006368));
#1921 = CARTESIAN_POINT('',(7.649549707442,9.046281372146));
#1922 = CARTESIAN_POINT('',(7.645826828416,9.042890114471));
#1923 = CARTESIAN_POINT('',(7.642065366431,9.039597143014));
#1924 = CARTESIAN_POINT('',(7.638266984862,9.03639778757));
#1925 = CARTESIAN_POINT('',(7.634433224729,9.033287749961));
#1926 = CARTESIAN_POINT('',(7.630565517589,9.030263063422));
#1927 = CARTESIAN_POINT('',(7.626665196502,9.027320058031));
#1928 = CARTESIAN_POINT('',(7.622733505452,9.024455331064));
#1929 = CARTESIAN_POINT('',(7.618771607483,9.021665721376));
#1930 = CARTESIAN_POINT('',(7.614780591799,9.018948287121));
#1931 = CARTESIAN_POINT('',(7.610761480002,9.016300286195));
#1932 = CARTESIAN_POINT('',(7.606715231562,9.013719159122));
#1933 = CARTESIAN_POINT('',(7.602642748911,9.011202513376));
#1934 = CARTESIAN_POINT('',(7.598544881125,9.008748111244));
#1935 = CARTESIAN_POINT('',(7.594422430552,9.006353852061));
#1936 = CARTESIAN_POINT('',(7.590276146463,9.004017781871));
#1937 = CARTESIAN_POINT('',(7.586106765287,9.001738006525));
#1938 = CARTESIAN_POINT('',(7.581914875878,8.99951296927));
#1939 = CARTESIAN_POINT('',(7.577701435198,8.997340374847));
#1940 = CARTESIAN_POINT('',(7.573465859431,8.99522116036));
#1941 = CARTESIAN_POINT('',(7.569212943456,8.993144559782));
#1942 = CARTESIAN_POINT('',(7.564924198361,8.991142415697));
#1943 = CARTESIAN_POINT('',(7.560693956271,8.989009465111));
#1944 = CARTESIAN_POINT('',(7.556502201113,8.986786311788));
#1945 = CARTESIAN_POINT('',(7.552342305031,8.984486442795));
#1946 = CARTESIAN_POINT('',(7.548210074074,8.982120230506));
#1947 = CARTESIAN_POINT('',(7.544102833078,8.979694209768));
#1948 = CARTESIAN_POINT('',(7.540018564551,8.977213367832));
#1949 = CARTESIAN_POINT('',(7.53595572772,8.974681528974));
#1950 = CARTESIAN_POINT('',(7.531913088184,8.972101780717));
#1951 = CARTESIAN_POINT('',(7.527889635249,8.969476669663));
#1952 = CARTESIAN_POINT('',(7.523884523181,8.966808344413));
#1953 = CARTESIAN_POINT('',(7.519897033101,8.964098647301));
#1954 = CARTESIAN_POINT('',(7.515926545788,8.961349180154));
#1955 = CARTESIAN_POINT('',(7.511972522056,8.958561351633));
#1956 = CARTESIAN_POINT('',(7.508034488106,8.955736412622));
#1957 = CARTESIAN_POINT('',(7.504112024354,8.952875483174));
#1958 = CARTESIAN_POINT('',(7.50020475676,8.949979573472));
#1959 = CARTESIAN_POINT('',(7.496312349959,8.947049600388));
#1960 = CARTESIAN_POINT('',(7.492434501763,8.944086400776));
#1961 = CARTESIAN_POINT('',(7.488570938683,8.941090742267));
#1962 = CARTESIAN_POINT('',(7.484721412252,8.938063332152));
#1963 = CARTESIAN_POINT('',(7.480885695973,8.935004824748));
#1964 = CARTESIAN_POINT('',(7.477063582755,8.931915827587));
#1965 = CARTESIAN_POINT('',(7.473254882753,8.928796906636));
#1966 = CARTESIAN_POINT('',(7.469459421519,8.92564859075));
#1967 = CARTESIAN_POINT('',(7.465677038423,8.922471375489));
#1968 = CARTESIAN_POINT('',(7.461907585287,8.919265726414));
#1969 = CARTESIAN_POINT('',(7.458150925201,8.916032081948));
#1970 = CARTESIAN_POINT('',(7.454406931485,8.912770855876));
#1971 = CARTESIAN_POINT('',(7.450675486784,8.909482439533));
#1972 = CARTESIAN_POINT('',(7.446956482267,8.906167203737));
#1973 = CARTESIAN_POINT('',(7.443249816915,8.902825500501));
#1974 = CARTESIAN_POINT('',(7.439555396897,8.89945766455));
#1975 = CARTESIAN_POINT('',(7.435873135003,8.896064014682));
#1976 = CARTESIAN_POINT('',(7.432202950144,8.892644854974));
#1977 = CARTESIAN_POINT('',(7.428544766897,8.889200475882));
#1978 = CARTESIAN_POINT('',(7.424898515101,8.885731155215));
#1979 = CARTESIAN_POINT('',(7.421264129487,8.882237159032));
#1980 = CARTESIAN_POINT('',(7.417641549343,8.87871874244));
#1981 = CARTESIAN_POINT('',(7.414030718213,8.875176150329));
#1982 = CARTESIAN_POINT('',(7.41043158362,8.871609618038));
#1983 = CARTESIAN_POINT('',(7.406844096814,8.868019371962));
#1984 = CARTESIAN_POINT('',(7.40326821254,8.864405630112));
#1985 = CARTESIAN_POINT('',(7.399703888826,8.860768602623));
#1986 = CARTESIAN_POINT('',(7.39615108679,8.857108492224));
#1987 = CARTESIAN_POINT('',(7.392609770461,8.853425494672));
#1988 = CARTESIAN_POINT('',(7.389079906611,8.849719799146));
#1989 = CARTESIAN_POINT('',(7.385561464604,8.845991588622));
#1990 = CARTESIAN_POINT('',(7.382054416254,8.842241040208));
#1991 = CARTESIAN_POINT('',(7.378558735694,8.838468325465));
#1992 = CARTESIAN_POINT('',(7.375074399254,8.834673610696));
#1993 = CARTESIAN_POINT('',(7.371601385349,8.830857057224));
#1994 = CARTESIAN_POINT('',(7.368139674369,8.827018821642));
#1995 = CARTESIAN_POINT('',(7.364689248588,8.823159056053));
#1996 = CARTESIAN_POINT('',(7.361250092063,8.819277908289));
#1997 = CARTESIAN_POINT('',(7.357822190556,8.815375522123));
#1998 = CARTESIAN_POINT('',(7.354405531449,8.811452037455));
#1999 = CARTESIAN_POINT('',(7.351000103668,8.807507590501));
#2000 = CARTESIAN_POINT('',(7.347605897618,8.803542313961));
#2001 = CARTESIAN_POINT('',(7.344222905106,8.799556337177));
#2002 = CARTESIAN_POINT('',(7.34085111929,8.795549786286));
#2003 = CARTESIAN_POINT('',(7.337490534611,8.791522784362));
#2004 = CARTESIAN_POINT('',(7.334141146743,8.787475451549));
#2005 = CARTESIAN_POINT('',(7.330802952537,8.783407905185));
#2006 = CARTESIAN_POINT('',(7.327475949973,8.779320259925));
#2007 = CARTESIAN_POINT('',(7.324160138115,8.775212627848));
#2008 = CARTESIAN_POINT('',(7.320855517063,8.771085118571));
#2009 = CARTESIAN_POINT('',(7.317562087915,8.76693783934));
#2010 = CARTESIAN_POINT('',(7.314279852722,8.762770895134));
#2011 = CARTESIAN_POINT('',(7.311008814459,8.758584388749));
#2012 = CARTESIAN_POINT('',(7.307748976975,8.75437842089));
#2013 = CARTESIAN_POINT('',(7.304500344982,8.75015309024));
#2014 = CARTESIAN_POINT('',(7.301262923993,8.745908493558));
#2015 = CARTESIAN_POINT('',(7.298036720318,8.74164472573));
#2016 = CARTESIAN_POINT('',(7.29482174102,8.737361879856));
#2017 = CARTESIAN_POINT('',(7.291617993891,8.733060047305));
#2018 = CARTESIAN_POINT('',(7.288425487426,8.728739317787));
#2019 = CARTESIAN_POINT('',(7.28619510584,8.725696863933));
#2020 = CARTESIAN_POINT('',(7.285026775039,8.724096231101));
#2021 = CARTESIAN_POINT('',(7.284915903241,8.723944272409));
#2022 = ( GEOMETRIC_REPRESENTATION_CONTEXT(2) 
PARAMETRIC_REPRESENTATION_CONTEXT() REPRESENTATION_CONTEXT('2D SPACE',''
  ) );
#2023 = ORIENTED_EDGE('',*,*,#2024,.F.);
#2024 = EDGE_CURVE('',#2025,#1630,#2027,.T.);
#2025 = VERTEX_POINT('',#2026);
#2026 = CARTESIAN_POINT('',(-3.380740392012,-0.905866657859,-4.5));
#2027 = SURFACE_CURVE('',#2028,(#2032,#2039),.PCURVE_S1.);
#2028 = LINE('',#2029,#2030);
#2029 = CARTESIAN_POINT('',(-3.380740392012,-0.905866657859,-4.5));
#2030 = VECTOR('',#2031,1.);
#2031 = DIRECTION('',(0.999811563271,-1.941231440264E-02,0.));
#2032 = PCURVE('',#156,#2033);
#2033 = DEFINITIONAL_REPRESENTATION('',(#2034),#2038);
#2034 = LINE('',#2035,#2036);
#2035 = CARTESIAN_POINT('',(0.905866707859,3.380740392012));
#2036 = VECTOR('',#2037,1.);
#2037 = DIRECTION('',(1.941231440264E-02,-0.999811563271));
#2038 = ( GEOMETRIC_REPRESENTATION_CONTEXT(2) 
PARAMETRIC_REPRESENTATION_CONTEXT() REPRESENTATION_CONTEXT('2D SPACE',''
  ) );
#2039 = PCURVE('',#2040,#2045);
#2040 = PLANE('',#2041);
#2041 = AXIS2_PLACEMENT_3D('',#2042,#2043,#2044);
#2042 = CARTESIAN_POINT('',(-3.380740392012,-0.905866657859,-4.5));
#2043 = DIRECTION('',(1.941231440264E-02,0.999811563271,-0.));
#2044 = DIRECTION('',(0.999811563271,-1.941231440264E-02,0.));
#2045 = DEFINITIONAL_REPRESENTATION('',(#2046),#2050);
#2046 = LINE('',#2047,#2048);
#2047 = CARTESIAN_POINT('',(0.,0.));
#2048 = VECTOR('',#2049,1.);
#2049 = DIRECTION('',(1.,0.));
#2050 = ( GEOMETRIC_REPRESENTATION_CONTEXT(2) 
PARAMETRIC_REPRESENTATION_CONTEXT() REPRESENTATION_CONTEXT('2D SPACE',''
  ) );
#2051 = ORIENTED_EDGE('',*,*,#2052,.F.);
#2052 = EDGE_CURVE('',#2053,#2025,#2055,.T.);
#2053 = VERTEX_POINT('',#2054);
#2054 = CARTESIAN_POINT('',(-3.470057014808,-0.45684167277,-4.5));
#2055 = SURFACE_CURVE('',#2056,(#2060,#2067),.PCURVE_S1.);
#2056 = LINE('',#2057,#2058);
#2057 = CARTESIAN_POINT('',(-3.470057014808,-0.45684167277,-4.5));
#2058 = VECTOR('',#2059,1.);
#2059 = DIRECTION('',(0.195090322016,-0.980785280403,0.));
#2060 = PCURVE('',#156,#2061);
#2061 = DEFINITIONAL_REPRESENTATION('',(#2062),#2066);
#2062 = LINE('',#2063,#2064);
#2063 = CARTESIAN_POINT('',(0.45684172277,3.470057014808));
#2064 = VECTOR('',#2065,1.);
#2065 = DIRECTION('',(0.980785280403,-0.195090322016));
#2066 = ( GEOMETRIC_REPRESENTATION_CONTEXT(2) 
PARAMETRIC_REPRESENTATION_CONTEXT() REPRESENTATION_CONTEXT('2D SPACE',''
  ) );
#2067 = PCURVE('',#2068,#2073);
#2068 = PLANE('',#2069);
#2069 = AXIS2_PLACEMENT_3D('',#2070,#2071,#2072);
#2070 = CARTESIAN_POINT('',(-3.470057014808,-0.45684167277,-4.5));
#2071 = DIRECTION('',(0.980785280403,0.195090322016,-0.));
#2072 = DIRECTION('',(0.195090322016,-0.980785280403,0.));
#2073 = DEFINITIONAL_REPRESENTATION('',(#2074),#2078);
#2074 = LINE('',#2075,#2076);
#2075 = CARTESIAN_POINT('',(0.,0.));
#2076 = VECTOR('',#2077,1.);
#2077 = DIRECTION('',(1.,0.));
#2078 = ( GEOMETRIC_REPRESENTATION_CONTEXT(2) 
PARAMETRIC_REPRESENTATION_CONTEXT() REPRESENTATION_CONTEXT('2D SPACE',''
  ) );
#2079 = ORIENTED_EDGE('',*,*,#2080,.F.);
#2080 = EDGE_CURVE('',#2081,#2053,#2083,.T.);
#2081 = VERTEX_POINT('',#2082);
#2082 = CARTESIAN_POINT('',(-2.989822034486,-0.246909249348,
    -4.5000001757));
#2083 = SURFACE_CURVE('',#2084,(#2088,#2095),.PCURVE_S1.);
#2084 = LINE('',#2085,#2086);
#2085 = CARTESIAN_POINT('',(-2.425,2.969768487932E-16,-4.5));
#2086 = VECTOR('',#2087,1.);
#2087 = DIRECTION('',(-0.916276668568,-0.400545960706,0.));
#2088 = PCURVE('',#156,#2089);
#2089 = DEFINITIONAL_REPRESENTATION('',(#2090),#2094);
#2090 = LINE('',#2091,#2092);
#2091 = CARTESIAN_POINT('',(4.999990809302E-08,2.425));
#2092 = VECTOR('',#2093,1.);
#2093 = DIRECTION('',(0.400545960706,0.916276668568));
#2094 = ( GEOMETRIC_REPRESENTATION_CONTEXT(2) 
PARAMETRIC_REPRESENTATION_CONTEXT() REPRESENTATION_CONTEXT('2D SPACE',''
  ) );
#2095 = PCURVE('',#2096,#2101);
#2096 = PLANE('',#2097);
#2097 = AXIS2_PLACEMENT_3D('',#2098,#2099,#2100);
#2098 = CARTESIAN_POINT('',(-2.425,2.969768487932E-16,-4.5));
#2099 = DIRECTION('',(0.400545960706,-0.916276668568,0.));
#2100 = DIRECTION('',(-0.916276668568,-0.400545960706,0.));
#2101 = DEFINITIONAL_REPRESENTATION('',(#2102),#2106);
#2102 = LINE('',#2103,#2104);
#2103 = CARTESIAN_POINT('',(0.,0.));
#2104 = VECTOR('',#2105,1.);
#2105 = DIRECTION('',(1.,0.));
#2106 = ( GEOMETRIC_REPRESENTATION_CONTEXT(2) 
PARAMETRIC_REPRESENTATION_CONTEXT() REPRESENTATION_CONTEXT('2D SPACE',''
  ) );
#2107 = ORIENTED_EDGE('',*,*,#2108,.T.);
#2108 = EDGE_CURVE('',#2081,#2109,#2111,.T.);
#2109 = VERTEX_POINT('',#2110);
#2110 = CARTESIAN_POINT('',(-2.999866097021,2.834436060429E-02,
    -4.5000003514));
#2111 = SURFACE_CURVE('',#2112,(#2117,#2124),.PCURVE_S1.);
#2112 = CIRCLE('',#2113,3.);
#2113 = AXIS2_PLACEMENT_3D('',#2114,#2115,#2116);
#2114 = CARTESIAN_POINT('',(9.037215420449E-14,4.99999084913E-08,
    -4.5000003514));
#2115 = DIRECTION('',(3.431321225571E-15,-9.104279154523E-17,-1.));
#2116 = DIRECTION('',(4.996003610813E-16,-1.,9.104279154523E-17));
#2117 = PCURVE('',#156,#2118);
#2118 = DEFINITIONAL_REPRESENTATION('',(#2119),#2123);
#2119 = CIRCLE('',#2120,3.);
#2120 = AXIS2_PLACEMENT_2D('',#2121,#2122);
#2121 = CARTESIAN_POINT('',(1.110223024625E-15,7.216449660064E-16));
#2122 = DIRECTION('',(1.,-1.657422360651E-32));
#2123 = ( GEOMETRIC_REPRESENTATION_CONTEXT(2) 
PARAMETRIC_REPRESENTATION_CONTEXT() REPRESENTATION_CONTEXT('2D SPACE',''
  ) );
#2124 = PCURVE('',#2125,#2130);
#2125 = PLANE('',#2126);
#2126 = AXIS2_PLACEMENT_3D('',#2127,#2128,#2129);
#2127 = CARTESIAN_POINT('',(-10.,-10.,-4.5));
#2128 = DIRECTION('',(0.,0.,1.));
#2129 = DIRECTION('',(1.,0.,-0.));
#2130 = DEFINITIONAL_REPRESENTATION('',(#2131),#2139);
#2131 = ( BOUNDED_CURVE() B_SPLINE_CURVE(2,(#2132,#2133,#2134,#2135,
#2136,#2137,#2138),.UNSPECIFIED.,.T.,.F.) B_SPLINE_CURVE_WITH_KNOTS((1,2
    ,2,2,2,1),(-2.094395102393,0.,2.094395102393,4.188790204786,
6.28318530718,8.377580409573),.UNSPECIFIED.) CURVE() 
GEOMETRIC_REPRESENTATION_ITEM() RATIONAL_B_SPLINE_CURVE((1.,0.5,1.,0.5,
1.,0.5,1.)) REPRESENTATION_ITEM('') );
#2132 = CARTESIAN_POINT('',(10.,7.00000005));
#2133 = CARTESIAN_POINT('',(4.803847577293,7.00000005));
#2134 = CARTESIAN_POINT('',(7.401923788647,11.50000005));
#2135 = CARTESIAN_POINT('',(10.,16.00000005));
#2136 = CARTESIAN_POINT('',(12.598076211353,11.50000005));
#2137 = CARTESIAN_POINT('',(15.196152422707,7.00000005));
#2138 = CARTESIAN_POINT('',(10.,7.00000005));
#2139 = ( GEOMETRIC_REPRESENTATION_CONTEXT(2) 
PARAMETRIC_REPRESENTATION_CONTEXT() REPRESENTATION_CONTEXT('2D SPACE',''
  ) );
#2140 = ORIENTED_EDGE('',*,*,#2141,.F.);
#2141 = EDGE_CURVE('',#2142,#2109,#2144,.T.);
#2142 = VERTEX_POINT('',#2143);
#2143 = CARTESIAN_POINT('',(-2.407095392038,0.273171529142,-4.5000001757
    ));
#2144 = SURFACE_CURVE('',#2145,(#2273,#2404),.PCURVE_S1.);
#2145 = B_SPLINE_CURVE_WITH_KNOTS('',3,(#2146,#2147,#2148,#2149,#2150,
    #2151,#2152,#2153,#2154,#2155,#2156,#2157,#2158,#2159,#2160,#2161,
    #2162,#2163,#2164,#2165,#2166,#2167,#2168,#2169,#2170,#2171,#2172,
    #2173,#2174,#2175,#2176,#2177,#2178,#2179,#2180,#2181,#2182,#2183,
    #2184,#2185,#2186,#2187,#2188,#2189,#2190,#2191,#2192,#2193,#2194,
    #2195,#2196,#2197,#2198,#2199,#2200,#2201,#2202,#2203,#2204,#2205,
    #2206,#2207,#2208,#2209,#2210,#2211,#2212,#2213,#2214,#2215,#2216,
    #2217,#2218,#2219,#2220,#2221,#2222,#2223,#2224,#2225,#2226,#2227,
    #2228,#2229,#2230,#2231,#2232,#2233,#2234,#2235,#2236,#2237,#2238,
    #2239,#2240,#2241,#2242,#2243,#2244,#2245,#2246,#2247,#2248,#2249,
    #2250,#2251,#2252,#2253,#2254,#2255,#2256,#2257,#2258,#2259,#2260,
    #2261,#2262,#2263,#2264,#2265,#2266,#2267,#2268,#2269,#2270,#2271,
    #2272),.UNSPECIFIED.,.F.,.F.,(4,1,1,1,1,1,1,1,1,1,1,1,1,1,1,1,1,1,1,
    1,1,1,1,1,1,1,1,1,1,1,1,1,1,1,1,1,1,1,1,1,1,1,1,1,1,1,1,1,1,1,1,1,1,
    1,1,1,1,1,1,1,1,1,1,1,1,1,1,1,1,1,1,1,1,1,1,1,1,1,1,1,1,1,1,1,1,1,1,
    1,1,1,1,1,1,1,1,1,1,1,1,1,1,1,1,1,1,1,1,1,1,1,1,1,1,1,1,1,1,1,1,1,1,
    1,1,1,4),(0.,3.825348486101E-02,5.430853348674E-02,
    6.675617629157E-02,7.735884378815E-02,8.679755798888E-02,
    9.542083346997E-02,0.103435317105,0.110975441185,0.118134466631,
    0.124980232214,0.131563916605,0.137925263337,0.144095870271,
    0.150101352936,0.155962819326,0.16169790603,0.167321525098,
    0.172846414439,0.178283551377,0.18364246875,0.188931500289,
    0.194157973749,0.199328364902,0.20444842177,0.209523265982,
    0.214557476318,0.219555158251,0.224520002363,0.229455333832,
    0.234364154694,0.239249180184,0.244112870201,0.248957456702,
    0.253784967687,0.258597248282,0.263395979354,0.268182693996,
    0.272958792175,0.27772555377,0.282484150212,0.287235654883,
    0.291981052431,0.296721247119,0.301457070315,0.306189287223,
    0.310919293077,0.315655371856,0.320399980632,0.32515309033,
    0.329914691623,0.33468478033,0.339463354215,0.344250411941,
    0.349045952647,0.353849975744,0.358662480811,0.363483467539,
    0.368312935692,0.373150885086,0.377997315577,0.382852227048,
    0.387715619403,0.392587492562,0.397467846459,0.402356681039,
    0.407253996253,0.41215979206,0.417074068425,0.421996825315,
    0.426928062704,0.431867780568,0.436815978885,0.441772657636,
    0.446737816804,0.451711456374,0.456693576332,0.461684176666,
    0.466683257364,0.471690818415,0.476706859811,0.481731381543,
    0.486764383603,0.491805865984,0.496855828678,0.50191427168,
    0.506981194984,0.512056598584,0.517140482477,0.522232846656,
    0.527333691118,0.532443015859,0.537560820874,0.542687106161,
    0.547821871717,0.552965117537,0.55811684362,0.563277049962,
    0.56844573656,0.573622903413,0.578808550518,0.584002677873,
    0.589205285476,0.594416373325,0.599635941417,0.604863989752,
    0.610100518327,0.615345527141,0.620599016193,0.62586098548,
    0.631131435002,0.636410364758,0.641697774745,0.646993664963,
    0.652298035411,0.657610886087,0.66293221699,0.668262028121,
    0.673600319476,0.678947091057,0.684302342861,0.689666074887,
    0.695038287136,0.700418979606,0.700983298363),.UNSPECIFIED.);
#2146 = CARTESIAN_POINT('',(-2.398858758228,0.307601916171,-4.5000003514
    ));
#2147 = CARTESIAN_POINT('',(-2.400473376204,0.294889539011,-4.5000003514
    ));
#2148 = CARTESIAN_POINT('',(-2.404905025014,0.277188173715,-4.5000003514
    ));
#2149 = CARTESIAN_POINT('',(-2.413733611329,0.256727789435,-4.5000003514
    ));
#2150 = CARTESIAN_POINT('',(-2.419902949322,0.24523137297,-4.5000003514)
  );
#2151 = CARTESIAN_POINT('',(-2.425665406254,0.236053875823,-4.5000003514
    ));
#2152 = CARTESIAN_POINT('',(-2.431215460259,0.228270237359,-4.5000003514
    ));
#2153 = CARTESIAN_POINT('',(-2.436628009395,0.221464341233,-4.5000003514
    ));
#2154 = CARTESIAN_POINT('',(-2.44194190738,0.215401332487,-4.5000003514)
  );
#2155 = CARTESIAN_POINT('',(-2.447180489151,0.209931860145,-4.5000003514
    ));
#2156 = CARTESIAN_POINT('',(-2.452359151742,0.204953426374,-4.5000003514
    ));
#2157 = CARTESIAN_POINT('',(-2.457488714494,0.20039181859,-4.5000003514)
  );
#2158 = CARTESIAN_POINT('',(-2.462577141099,0.196191106823,-4.5000003514
    ));
#2159 = CARTESIAN_POINT('',(-2.46763050296,0.192307800067,-4.5000003514)
  );
#2160 = CARTESIAN_POINT('',(-2.472653558989,0.188707215761,-4.5000003514
    ));
#2161 = CARTESIAN_POINT('',(-2.477650123713,0.185361112939,-4.5000003514
    ));
#2162 = CARTESIAN_POINT('',(-2.482623311579,0.182246087969,-4.5000003514
    ));
#2163 = CARTESIAN_POINT('',(-2.487575705003,0.179342451722,-4.5000003514
    ));
#2164 = CARTESIAN_POINT('',(-2.492509473493,0.176633422273,-4.5000003514
    ));
#2165 = CARTESIAN_POINT('',(-2.497426460263,0.174104531068,-4.5000003514
    ));
#2166 = CARTESIAN_POINT('',(-2.502328246614,0.171743177464,-4.5000003514
    ));
#2167 = CARTESIAN_POINT('',(-2.507216200698,0.169538288881,-4.5000003514
    ));
#2168 = CARTESIAN_POINT('',(-2.512091515074,0.167480057611,-4.5000003514
    ));
#2169 = CARTESIAN_POINT('',(-2.516955236059,0.165559734363,-4.5000003514
    ));
#2170 = CARTESIAN_POINT('',(-2.521808286979,0.163769464379,-4.5000003514
    ));
#2171 = CARTESIAN_POINT('',(-2.526651486789,0.162102155972,-4.5000003514
    ));
#2172 = CARTESIAN_POINT('',(-2.531485565161,0.160551374062,-4.5000003514
    ));
#2173 = CARTESIAN_POINT('',(-2.536311174822,0.159111253145,-4.5000003514
    ));
#2174 = CARTESIAN_POINT('',(-2.541128901737,0.15777642557,-4.5000003514)
  );
#2175 = CARTESIAN_POINT('',(-2.545939273582,0.156541961916,-4.5000003514
    ));
#2176 = CARTESIAN_POINT('',(-2.550742766855,0.155403321033,-4.5000003514
    ));
#2177 = CARTESIAN_POINT('',(-2.555539812884,0.154356307862,-4.5000003514
    ));
#2178 = CARTESIAN_POINT('',(-2.560330802941,0.153397037524,-4.5000003514
    ));
#2179 = CARTESIAN_POINT('',(-2.565116092624,0.152521904525,-4.5000003514
    ));
#2180 = CARTESIAN_POINT('',(-2.569896005633,0.151727556148,-4.5000003514
    ));
#2181 = CARTESIAN_POINT('',(-2.574670837052,0.151010869292,-4.5000003514
    ));
#2182 = CARTESIAN_POINT('',(-2.5794408562,0.15036893015,-4.5000003514));
#2183 = CARTESIAN_POINT('',(-2.584206309142,0.149799016415,-4.5000003514
    ));
#2184 = CARTESIAN_POINT('',(-2.588967420892,0.149298580946,-4.5000003514
    ));
#2185 = CARTESIAN_POINT('',(-2.593724397366,0.148865239234,-4.5000003514
    ));
#2186 = CARTESIAN_POINT('',(-2.598477427119,0.148496750516,-4.5000003514
    ));
#2187 = CARTESIAN_POINT('',(-2.603226682869,0.148191029247,-4.5000003514
    ));
#2188 = CARTESIAN_POINT('',(-2.607972322958,0.147946049328,-4.5000003514
    ));
#2189 = CARTESIAN_POINT('',(-2.612714492298,0.147760152683,-4.5000003514
    ));
#2190 = CARTESIAN_POINT('',(-2.617453324569,0.147630856141,-4.5000003514
    ));
#2191 = CARTESIAN_POINT('',(-2.622188939178,0.147559257315,-4.5000003514
    ));
#2192 = CARTESIAN_POINT('',(-2.626921687293,0.147533575928,-4.5000003514
    ));
#2193 = CARTESIAN_POINT('',(-2.631654410868,0.147590523197,-4.5000003514
    ));
#2194 = CARTESIAN_POINT('',(-2.63639117987,0.147504234378,-4.5000003514)
  );
#2195 = CARTESIAN_POINT('',(-2.641132410846,0.147319976847,-4.5000003514
    ));
#2196 = CARTESIAN_POINT('',(-2.645878223468,0.14705277775,-4.5000003514)
  );
#2197 = CARTESIAN_POINT('',(-2.65062789595,0.146713801962,-4.5000003514)
  );
#2198 = CARTESIAN_POINT('',(-2.65538100317,0.146310097884,-4.5000003514)
  );
#2199 = CARTESIAN_POINT('',(-2.660137198936,0.145847034234,-4.5000003514
    ));
#2200 = CARTESIAN_POINT('',(-2.664896212147,0.14532872508,-4.5000003514)
  );
#2201 = CARTESIAN_POINT('',(-2.669657815332,0.144758487771,-4.5000003514
    ));
#2202 = CARTESIAN_POINT('',(-2.674421814168,0.14413905524,-4.5000003514)
  );
#2203 = CARTESIAN_POINT('',(-2.679188038391,0.14347273026,-4.5000003514)
  );
#2204 = CARTESIAN_POINT('',(-2.683956336329,0.142761484626,-4.5000003514
    ));
#2205 = CARTESIAN_POINT('',(-2.688726570875,0.142007030205,-4.5000003514
    ));
#2206 = CARTESIAN_POINT('',(-2.693498616622,0.1412108701,-4.5000003514)
  );
#2207 = CARTESIAN_POINT('',(-2.698272357714,0.140374336893,-4.5000003514
    ));
#2208 = CARTESIAN_POINT('',(-2.703047686205,0.139498621766,-4.5000003514
    ));
#2209 = CARTESIAN_POINT('',(-2.707824500796,0.138584797154,-4.5000003514
    ));
#2210 = CARTESIAN_POINT('',(-2.712602705822,0.137633834638,-4.5000003514
    ));
#2211 = CARTESIAN_POINT('',(-2.717382210448,0.136646619313,-4.5000003514
    ));
#2212 = CARTESIAN_POINT('',(-2.722162928017,0.135623961453,-4.5000003514
    ));
#2213 = CARTESIAN_POINT('',(-2.726944775509,0.134566606111,-4.5000003514
    ));
#2214 = CARTESIAN_POINT('',(-2.731727673091,0.133475241079,-4.5000003514
    ));
#2215 = CARTESIAN_POINT('',(-2.736511543748,0.132350503578,-4.5000003514
    ));
#2216 = CARTESIAN_POINT('',(-2.741296312961,0.131192985898,-4.5000003514
    ));
#2217 = CARTESIAN_POINT('',(-2.746081908441,0.13000324021,-4.5000003514)
  );
#2218 = CARTESIAN_POINT('',(-2.750868259895,0.128781782694,-4.5000003514
    ));
#2219 = CARTESIAN_POINT('',(-2.755655298826,0.127529097097,-4.5000003514
    ));
#2220 = CARTESIAN_POINT('',(-2.760442958363,0.126245637829,-4.5000003514
    ));
#2221 = CARTESIAN_POINT('',(-2.765231173104,0.124931832659,-4.5000003514
    ));
#2222 = CARTESIAN_POINT('',(-2.770019878991,0.123588085088,-4.5000003514
    ));
#2223 = CARTESIAN_POINT('',(-2.774809013184,0.122214776432,-4.5000003514
    ));
#2224 = CARTESIAN_POINT('',(-2.779598513965,0.120812267673,-4.5000003514
    ));
#2225 = CARTESIAN_POINT('',(-2.784388320641,0.119380901101,-4.5000003514
    ));
#2226 = CARTESIAN_POINT('',(-2.789178373465,0.117921001779,-4.5000003514
    ));
#2227 = CARTESIAN_POINT('',(-2.793968613561,0.116432878858,-4.5000003514
    ));
#2228 = CARTESIAN_POINT('',(-2.798758982859,0.114916826752,-4.5000003514
    ));
#2229 = CARTESIAN_POINT('',(-2.803549424034,0.113373126202,-4.5000003514
    ));
#2230 = CARTESIAN_POINT('',(-2.808339880455,0.111802045236,-4.5000003514
    ));
#2231 = CARTESIAN_POINT('',(-2.813130296134,0.110203840041,-4.5000003514
    ));
#2232 = CARTESIAN_POINT('',(-2.81792061568,0.108578755749,-4.5000003514)
  );
#2233 = CARTESIAN_POINT('',(-2.822710784266,0.106927027163,-4.5000003514
    ));
#2234 = CARTESIAN_POINT('',(-2.827500747584,0.10524887941,-4.5000003514)
  );
#2235 = CARTESIAN_POINT('',(-2.832290451817,0.103544528546,-4.5000003514
    ));
#2236 = CARTESIAN_POINT('',(-2.837079843604,0.101814182107,-4.5000003514
    ));
#2237 = CARTESIAN_POINT('',(-2.841868870017,0.100058039616,-4.5000003514
    ));
#2238 = CARTESIAN_POINT('',(-2.84665747853,9.827629305077E-02,
    -4.5000003514));
#2239 = CARTESIAN_POINT('',(-2.851445616998,9.646912727408E-02,
    -4.5000003514));
#2240 = CARTESIAN_POINT('',(-2.856233233632,9.463672043271E-02,
    -4.5000003514));
#2241 = CARTESIAN_POINT('',(-2.861020276984,9.277924432583E-02,
    -4.5000003514));
#2242 = CARTESIAN_POINT('',(-2.86580669592,9.089686474676E-02,
    -4.5000003514));
#2243 = CARTESIAN_POINT('',(-2.87059243961,8.898974180044E-02,
    -4.5000003514));
#2244 = CARTESIAN_POINT('',(-2.875377457508,8.70580301987E-02,
    -4.5000003514));
#2245 = CARTESIAN_POINT('',(-2.880161699336,8.510187953513E-02,
    -4.5000003514));
#2246 = CARTESIAN_POINT('',(-2.884945115072,8.312143454155E-02,
    -4.5000003514));
#2247 = CARTESIAN_POINT('',(-2.889727654936,8.111683532749E-02,
    -4.5000003514));
#2248 = CARTESIAN_POINT('',(-2.894509269377,7.908821760399E-02,
    -4.5000003514));
#2249 = CARTESIAN_POINT('',(-2.899289909063,7.703571289337E-02,
    -4.5000003514));
#2250 = CARTESIAN_POINT('',(-2.904069524868,7.495944872572E-02,
    -4.5000003514));
#2251 = CARTESIAN_POINT('',(-2.908848067863,7.28595488229E-02,
    -4.5000003514));
#2252 = CARTESIAN_POINT('',(-2.913625489307,7.073613327257E-02,
    -4.5000003514));
#2253 = CARTESIAN_POINT('',(-2.918401740639,6.858931868965E-02,
    -4.5000003514));
#2254 = CARTESIAN_POINT('',(-2.923176773464,6.641921837149E-02,
    -4.5000003514));
#2255 = CARTESIAN_POINT('',(-2.927950539555,6.422594244065E-02,
    -4.5000003514));
#2256 = CARTESIAN_POINT('',(-2.932722990835,6.200959798211E-02,
    -4.5000003514));
#2257 = CARTESIAN_POINT('',(-2.937494079378,5.977028917165E-02,
    -4.5000003514));
#2258 = CARTESIAN_POINT('',(-2.942263757398,5.750811739732E-02,
    -4.5000003514));
#2259 = CARTESIAN_POINT('',(-2.947031977244,5.522318137455E-02,
    -4.5000003514));
#2260 = CARTESIAN_POINT('',(-2.951798691395,5.291557725471E-02,
    -4.5000003514));
#2261 = CARTESIAN_POINT('',(-2.956563852454,5.058539872888E-02,
    -4.5000003514));
#2262 = CARTESIAN_POINT('',(-2.961327413139,4.823273712332E-02,
    -4.5000003514));
#2263 = CARTESIAN_POINT('',(-2.966089326288,4.585768149931E-02,
    -4.5000003514));
#2264 = CARTESIAN_POINT('',(-2.970849544838,4.346031872321E-02,
    -4.5000003514));
#2265 = CARTESIAN_POINT('',(-2.975608021841,4.104073357922E-02,
    -4.5000003514));
#2266 = CARTESIAN_POINT('',(-2.980364710442,3.859900882055E-02,
    -4.5000003514));
#2267 = CARTESIAN_POINT('',(-2.985119563882,3.613522526035E-02,
    -4.5000003514));
#2268 = CARTESIAN_POINT('',(-2.989872535498,3.364946184113E-02,
    -4.5000003514));
#2269 = CARTESIAN_POINT('',(-2.994623578713,3.114179570101E-02,
    -4.5000003514));
#2270 = CARTESIAN_POINT('',(-2.997953154339,2.936836579856E-02,
    -4.5000003514));
#2271 = CARTESIAN_POINT('',(-2.999700272576,2.843316518443E-02,
    -4.5000003514));
#2272 = CARTESIAN_POINT('',(-2.999866097021,2.834436060429E-02,
    -4.5000003514));
#2273 = PCURVE('',#156,#2274);
#2274 = DEFINITIONAL_REPRESENTATION('',(#2275),#2403);
#2275 = B_SPLINE_CURVE_WITH_KNOTS('',3,(#2276,#2277,#2278,#2279,#2280,
    #2281,#2282,#2283,#2284,#2285,#2286,#2287,#2288,#2289,#2290,#2291,
    #2292,#2293,#2294,#2295,#2296,#2297,#2298,#2299,#2300,#2301,#2302,
    #2303,#2304,#2305,#2306,#2307,#2308,#2309,#2310,#2311,#2312,#2313,
    #2314,#2315,#2316,#2317,#2318,#2319,#2320,#2321,#2322,#2323,#2324,
    #2325,#2326,#2327,#2328,#2329,#2330,#2331,#2332,#2333,#2334,#2335,
    #2336,#2337,#2338,#2339,#2340,#2341,#2342,#2343,#2344,#2345,#2346,
    #2347,#2348,#2349,#2350,#2351,#2352,#2353,#2354,#2355,#2356,#2357,
    #2358,#2359,#2360,#2361,#2362,#2363,#2364,#2365,#2366,#2367,#2368,
    #2369,#2370,#2371,#2372,#2373,#2374,#2375,#2376,#2377,#2378,#2379,
    #2380,#2381,#2382,#2383,#2384,#2385,#2386,#2387,#2388,#2389,#2390,
    #2391,#2392,#2393,#2394,#2395,#2396,#2397,#2398,#2399,#2400,#2401,
    #2402),.UNSPECIFIED.,.F.,.F.,(4,1,1,1,1,1,1,1,1,1,1,1,1,1,1,1,1,1,1,
    1,1,1,1,1,1,1,1,1,1,1,1,1,1,1,1,1,1,1,1,1,1,1,1,1,1,1,1,1,1,1,1,1,1,
    1,1,1,1,1,1,1,1,1,1,1,1,1,1,1,1,1,1,1,1,1,1,1,1,1,1,1,1,1,1,1,1,1,1,
    1,1,1,1,1,1,1,1,1,1,1,1,1,1,1,1,1,1,1,1,1,1,1,1,1,1,1,1,1,1,1,1,1,1,
    1,1,1,4),(0.,3.825348486101E-02,5.430853348674E-02,
    6.675617629157E-02,7.735884378815E-02,8.679755798888E-02,
    9.542083346997E-02,0.103435317105,0.110975441185,0.118134466631,
    0.124980232214,0.131563916605,0.137925263337,0.144095870271,
    0.150101352936,0.155962819326,0.16169790603,0.167321525098,
    0.172846414439,0.178283551377,0.18364246875,0.188931500289,
    0.194157973749,0.199328364902,0.20444842177,0.209523265982,
    0.214557476318,0.219555158251,0.224520002363,0.229455333832,
    0.234364154694,0.239249180184,0.244112870201,0.248957456702,
    0.253784967687,0.258597248282,0.263395979354,0.268182693996,
    0.272958792175,0.27772555377,0.282484150212,0.287235654883,
    0.291981052431,0.296721247119,0.301457070315,0.306189287223,
    0.310919293077,0.315655371856,0.320399980632,0.32515309033,
    0.329914691623,0.33468478033,0.339463354215,0.344250411941,
    0.349045952647,0.353849975744,0.358662480811,0.363483467539,
    0.368312935692,0.373150885086,0.377997315577,0.382852227048,
    0.387715619403,0.392587492562,0.397467846459,0.402356681039,
    0.407253996253,0.41215979206,0.417074068425,0.421996825315,
    0.426928062704,0.431867780568,0.436815978885,0.441772657636,
    0.446737816804,0.451711456374,0.456693576332,0.461684176666,
    0.466683257364,0.471690818415,0.476706859811,0.481731381543,
    0.486764383603,0.491805865984,0.496855828678,0.50191427168,
    0.506981194984,0.512056598584,0.517140482477,0.522232846656,
    0.527333691118,0.532443015859,0.537560820874,0.542687106161,
    0.547821871717,0.552965117537,0.55811684362,0.563277049962,
    0.56844573656,0.573622903413,0.578808550518,0.584002677873,
    0.589205285476,0.594416373325,0.599635941417,0.604863989752,
    0.610100518327,0.615345527141,0.620599016193,0.62586098548,
    0.631131435002,0.636410364758,0.641697774745,0.646993664963,
    0.652298035411,0.657610886087,0.66293221699,0.668262028121,
    0.673600319476,0.678947091057,0.684302342861,0.689666074887,
    0.695038287136,0.700418979606,0.700983298363),.UNSPECIFIED.);
#2276 = CARTESIAN_POINT('',(-0.307601866171,2.398858758228));
#2277 = CARTESIAN_POINT('',(-0.294889489011,2.400473376204));
#2278 = CARTESIAN_POINT('',(-0.277188123715,2.404905025014));
#2279 = CARTESIAN_POINT('',(-0.256727739435,2.413733611329));
#2280 = CARTESIAN_POINT('',(-0.24523132297,2.419902949322));
#2281 = CARTESIAN_POINT('',(-0.236053825823,2.425665406254));
#2282 = CARTESIAN_POINT('',(-0.228270187359,2.431215460259));
#2283 = CARTESIAN_POINT('',(-0.221464291233,2.436628009395));
#2284 = CARTESIAN_POINT('',(-0.215401282487,2.44194190738));
#2285 = CARTESIAN_POINT('',(-0.209931810145,2.447180489151));
#2286 = CARTESIAN_POINT('',(-0.204953376374,2.452359151742));
#2287 = CARTESIAN_POINT('',(-0.20039176859,2.457488714494));
#2288 = CARTESIAN_POINT('',(-0.196191056823,2.462577141099));
#2289 = CARTESIAN_POINT('',(-0.192307750067,2.46763050296));
#2290 = CARTESIAN_POINT('',(-0.188707165761,2.472653558989));
#2291 = CARTESIAN_POINT('',(-0.185361062939,2.477650123713));
#2292 = CARTESIAN_POINT('',(-0.182246037969,2.482623311579));
#2293 = CARTESIAN_POINT('',(-0.179342401722,2.487575705003));
#2294 = CARTESIAN_POINT('',(-0.176633372273,2.492509473493));
#2295 = CARTESIAN_POINT('',(-0.174104481068,2.497426460263));
#2296 = CARTESIAN_POINT('',(-0.171743127464,2.502328246614));
#2297 = CARTESIAN_POINT('',(-0.169538238881,2.507216200698));
#2298 = CARTESIAN_POINT('',(-0.167480007611,2.512091515074));
#2299 = CARTESIAN_POINT('',(-0.165559684363,2.516955236059));
#2300 = CARTESIAN_POINT('',(-0.163769414379,2.521808286979));
#2301 = CARTESIAN_POINT('',(-0.162102105972,2.526651486789));
#2302 = CARTESIAN_POINT('',(-0.160551324062,2.531485565161));
#2303 = CARTESIAN_POINT('',(-0.159111203145,2.536311174822));
#2304 = CARTESIAN_POINT('',(-0.15777637557,2.541128901737));
#2305 = CARTESIAN_POINT('',(-0.156541911916,2.545939273582));
#2306 = CARTESIAN_POINT('',(-0.155403271033,2.550742766855));
#2307 = CARTESIAN_POINT('',(-0.154356257862,2.555539812884));
#2308 = CARTESIAN_POINT('',(-0.153396987524,2.560330802941));
#2309 = CARTESIAN_POINT('',(-0.152521854525,2.565116092624));
#2310 = CARTESIAN_POINT('',(-0.151727506148,2.569896005633));
#2311 = CARTESIAN_POINT('',(-0.151010819292,2.574670837052));
#2312 = CARTESIAN_POINT('',(-0.15036888015,2.5794408562));
#2313 = CARTESIAN_POINT('',(-0.149798966415,2.584206309142));
#2314 = CARTESIAN_POINT('',(-0.149298530946,2.588967420892));
#2315 = CARTESIAN_POINT('',(-0.148865189234,2.593724397366));
#2316 = CARTESIAN_POINT('',(-0.148496700516,2.598477427119));
#2317 = CARTESIAN_POINT('',(-0.148190979247,2.603226682869));
#2318 = CARTESIAN_POINT('',(-0.147945999328,2.607972322958));
#2319 = CARTESIAN_POINT('',(-0.147760102683,2.612714492298));
#2320 = CARTESIAN_POINT('',(-0.147630806141,2.617453324569));
#2321 = CARTESIAN_POINT('',(-0.147559207315,2.622188939178));
#2322 = CARTESIAN_POINT('',(-0.147533525928,2.626921687293));
#2323 = CARTESIAN_POINT('',(-0.147590473197,2.631654410868));
#2324 = CARTESIAN_POINT('',(-0.147504184378,2.63639117987));
#2325 = CARTESIAN_POINT('',(-0.147319926847,2.641132410846));
#2326 = CARTESIAN_POINT('',(-0.14705272775,2.645878223468));
#2327 = CARTESIAN_POINT('',(-0.146713751962,2.65062789595));
#2328 = CARTESIAN_POINT('',(-0.146310047884,2.65538100317));
#2329 = CARTESIAN_POINT('',(-0.145846984234,2.660137198936));
#2330 = CARTESIAN_POINT('',(-0.14532867508,2.664896212147));
#2331 = CARTESIAN_POINT('',(-0.144758437771,2.669657815332));
#2332 = CARTESIAN_POINT('',(-0.14413900524,2.674421814168));
#2333 = CARTESIAN_POINT('',(-0.14347268026,2.679188038391));
#2334 = CARTESIAN_POINT('',(-0.142761434626,2.683956336329));
#2335 = CARTESIAN_POINT('',(-0.142006980205,2.688726570875));
#2336 = CARTESIAN_POINT('',(-0.1412108201,2.693498616622));
#2337 = CARTESIAN_POINT('',(-0.140374286893,2.698272357714));
#2338 = CARTESIAN_POINT('',(-0.139498571766,2.703047686205));
#2339 = CARTESIAN_POINT('',(-0.138584747154,2.707824500796));
#2340 = CARTESIAN_POINT('',(-0.137633784638,2.712602705822));
#2341 = CARTESIAN_POINT('',(-0.136646569313,2.717382210448));
#2342 = CARTESIAN_POINT('',(-0.135623911453,2.722162928017));
#2343 = CARTESIAN_POINT('',(-0.134566556111,2.726944775509));
#2344 = CARTESIAN_POINT('',(-0.133475191079,2.731727673091));
#2345 = CARTESIAN_POINT('',(-0.132350453578,2.736511543748));
#2346 = CARTESIAN_POINT('',(-0.131192935898,2.741296312961));
#2347 = CARTESIAN_POINT('',(-0.13000319021,2.746081908441));
#2348 = CARTESIAN_POINT('',(-0.128781732694,2.750868259895));
#2349 = CARTESIAN_POINT('',(-0.127529047097,2.755655298826));
#2350 = CARTESIAN_POINT('',(-0.126245587829,2.760442958363));
#2351 = CARTESIAN_POINT('',(-0.124931782659,2.765231173104));
#2352 = CARTESIAN_POINT('',(-0.123588035088,2.770019878991));
#2353 = CARTESIAN_POINT('',(-0.122214726432,2.774809013184));
#2354 = CARTESIAN_POINT('',(-0.120812217673,2.779598513965));
#2355 = CARTESIAN_POINT('',(-0.119380851101,2.784388320641));
#2356 = CARTESIAN_POINT('',(-0.117920951779,2.789178373465));
#2357 = CARTESIAN_POINT('',(-0.116432828858,2.793968613561));
#2358 = CARTESIAN_POINT('',(-0.114916776752,2.798758982859));
#2359 = CARTESIAN_POINT('',(-0.113373076202,2.803549424034));
#2360 = CARTESIAN_POINT('',(-0.111801995236,2.808339880455));
#2361 = CARTESIAN_POINT('',(-0.110203790041,2.813130296134));
#2362 = CARTESIAN_POINT('',(-0.108578705749,2.81792061568));
#2363 = CARTESIAN_POINT('',(-0.106926977163,2.822710784266));
#2364 = CARTESIAN_POINT('',(-0.10524882941,2.827500747584));
#2365 = CARTESIAN_POINT('',(-0.103544478546,2.832290451817));
#2366 = CARTESIAN_POINT('',(-0.101814132107,2.837079843604));
#2367 = CARTESIAN_POINT('',(-0.100057989616,2.841868870017));
#2368 = CARTESIAN_POINT('',(-9.827624305086E-02,2.84665747853));
#2369 = CARTESIAN_POINT('',(-9.646907727417E-02,2.851445616998));
#2370 = CARTESIAN_POINT('',(-9.46366704328E-02,2.856233233632));
#2371 = CARTESIAN_POINT('',(-9.277919432592E-02,2.861020276984));
#2372 = CARTESIAN_POINT('',(-9.089681474685E-02,2.86580669592));
#2373 = CARTESIAN_POINT('',(-8.898969180053E-02,2.87059243961));
#2374 = CARTESIAN_POINT('',(-8.705798019879E-02,2.875377457508));
#2375 = CARTESIAN_POINT('',(-8.510182953522E-02,2.880161699336));
#2376 = CARTESIAN_POINT('',(-8.312138454164E-02,2.884945115072));
#2377 = CARTESIAN_POINT('',(-8.111678532758E-02,2.889727654936));
#2378 = CARTESIAN_POINT('',(-7.908816760408E-02,2.894509269377));
#2379 = CARTESIAN_POINT('',(-7.703566289346E-02,2.899289909063));
#2380 = CARTESIAN_POINT('',(-7.495939872581E-02,2.904069524868));
#2381 = CARTESIAN_POINT('',(-7.285949882299E-02,2.908848067863));
#2382 = CARTESIAN_POINT('',(-7.073608327266E-02,2.913625489307));
#2383 = CARTESIAN_POINT('',(-6.858926868974E-02,2.918401740639));
#2384 = CARTESIAN_POINT('',(-6.641916837158E-02,2.923176773464));
#2385 = CARTESIAN_POINT('',(-6.422589244074E-02,2.927950539555));
#2386 = CARTESIAN_POINT('',(-6.20095479822E-02,2.932722990835));
#2387 = CARTESIAN_POINT('',(-5.977023917174E-02,2.937494079378));
#2388 = CARTESIAN_POINT('',(-5.750806739741E-02,2.942263757398));
#2389 = CARTESIAN_POINT('',(-5.522313137464E-02,2.947031977244));
#2390 = CARTESIAN_POINT('',(-5.29155272548E-02,2.951798691395));
#2391 = CARTESIAN_POINT('',(-5.058534872897E-02,2.956563852454));
#2392 = CARTESIAN_POINT('',(-4.823268712341E-02,2.961327413139));
#2393 = CARTESIAN_POINT('',(-4.58576314994E-02,2.966089326288));
#2394 = CARTESIAN_POINT('',(-4.34602687233E-02,2.970849544838));
#2395 = CARTESIAN_POINT('',(-4.104068357931E-02,2.975608021841));
#2396 = CARTESIAN_POINT('',(-3.859895882064E-02,2.980364710442));
#2397 = CARTESIAN_POINT('',(-3.613517526044E-02,2.985119563882));
#2398 = CARTESIAN_POINT('',(-3.364941184122E-02,2.989872535498));
#2399 = CARTESIAN_POINT('',(-3.11417457011E-02,2.994623578713));
#2400 = CARTESIAN_POINT('',(-2.936831579865E-02,2.997953154339));
#2401 = CARTESIAN_POINT('',(-2.843311518452E-02,2.999700272576));
#2402 = CARTESIAN_POINT('',(-2.834431060438E-02,2.999866097021));
#2403 = ( GEOMETRIC_REPRESENTATION_CONTEXT(2) 
PARAMETRIC_REPRESENTATION_CONTEXT() REPRESENTATION_CONTEXT('2D SPACE',''
  ) );
#2404 = PCURVE('',#2125,#2405);
#2405 = DEFINITIONAL_REPRESENTATION('',(#2406),#2534);
#2406 = B_SPLINE_CURVE_WITH_KNOTS('',3,(#2407,#2408,#2409,#2410,#2411,
    #2412,#2413,#2414,#2415,#2416,#2417,#2418,#2419,#2420,#2421,#2422,
    #2423,#2424,#2425,#2426,#2427,#2428,#2429,#2430,#2431,#2432,#2433,
    #2434,#2435,#2436,#2437,#2438,#2439,#2440,#2441,#2442,#2443,#2444,
    #2445,#2446,#2447,#2448,#2449,#2450,#2451,#2452,#2453,#2454,#2455,
    #2456,#2457,#2458,#2459,#2460,#2461,#2462,#2463,#2464,#2465,#2466,
    #2467,#2468,#2469,#2470,#2471,#2472,#2473,#2474,#2475,#2476,#2477,
    #2478,#2479,#2480,#2481,#2482,#2483,#2484,#2485,#2486,#2487,#2488,
    #2489,#2490,#2491,#2492,#2493,#2494,#2495,#2496,#2497,#2498,#2499,
    #2500,#2501,#2502,#2503,#2504,#2505,#2506,#2507,#2508,#2509,#2510,
    #2511,#2512,#2513,#2514,#2515,#2516,#2517,#2518,#2519,#2520,#2521,
    #2522,#2523,#2524,#2525,#2526,#2527,#2528,#2529,#2530,#2531,#2532,
    #2533),.UNSPECIFIED.,.F.,.F.,(4,1,1,1,1,1,1,1,1,1,1,1,1,1,1,1,1,1,1,
    1,1,1,1,1,1,1,1,1,1,1,1,1,1,1,1,1,1,1,1,1,1,1,1,1,1,1,1,1,1,1,1,1,1,
    1,1,1,1,1,1,1,1,1,1,1,1,1,1,1,1,1,1,1,1,1,1,1,1,1,1,1,1,1,1,1,1,1,1,
    1,1,1,1,1,1,1,1,1,1,1,1,1,1,1,1,1,1,1,1,1,1,1,1,1,1,1,1,1,1,1,1,1,1,
    1,1,1,4),(0.,3.825348486101E-02,5.430853348674E-02,
    6.675617629157E-02,7.735884378815E-02,8.679755798888E-02,
    9.542083346997E-02,0.103435317105,0.110975441185,0.118134466631,
    0.124980232214,0.131563916605,0.137925263337,0.144095870271,
    0.150101352936,0.155962819326,0.16169790603,0.167321525098,
    0.172846414439,0.178283551377,0.18364246875,0.188931500289,
    0.194157973749,0.199328364902,0.20444842177,0.209523265982,
    0.214557476318,0.219555158251,0.224520002363,0.229455333832,
    0.234364154694,0.239249180184,0.244112870201,0.248957456702,
    0.253784967687,0.258597248282,0.263395979354,0.268182693996,
    0.272958792175,0.27772555377,0.282484150212,0.287235654883,
    0.291981052431,0.296721247119,0.301457070315,0.306189287223,
    0.310919293077,0.315655371856,0.320399980632,0.32515309033,
    0.329914691623,0.33468478033,0.339463354215,0.344250411941,
    0.349045952647,0.353849975744,0.358662480811,0.363483467539,
    0.368312935692,0.373150885086,0.377997315577,0.382852227048,
    0.387715619403,0.392587492562,0.397467846459,0.402356681039,
    0.407253996253,0.41215979206,0.417074068425,0.421996825315,
    0.426928062704,0.431867780568,0.436815978885,0.441772657636,
    0.446737816804,0.451711456374,0.456693576332,0.461684176666,
    0.466683257364,0.471690818415,0.476706859811,0.481731381543,
    0.486764383603,0.491805865984,0.496855828678,0.50191427168,
    0.506981194984,0.512056598584,0.517140482477,0.522232846656,
    0.527333691118,0.532443015859,0.537560820874,0.542687106161,
    0.547821871717,0.552965117537,0.55811684362,0.563277049962,
    0.56844573656,0.573622903413,0.578808550518,0.584002677873,
    0.589205285476,0.594416373325,0.599635941417,0.604863989752,
    0.610100518327,0.615345527141,0.620599016193,0.62586098548,
    0.631131435002,0.636410364758,0.641697774745,0.646993664963,
    0.652298035411,0.657610886087,0.66293221699,0.668262028121,
    0.673600319476,0.678947091057,0.684302342861,0.689666074887,
    0.695038287136,0.700418979606,0.700983298363),.UNSPECIFIED.);
#2407 = CARTESIAN_POINT('',(7.601141241772,10.307601916171));
#2408 = CARTESIAN_POINT('',(7.599526623796,10.294889539011));
#2409 = CARTESIAN_POINT('',(7.595094974986,10.277188173715));
#2410 = CARTESIAN_POINT('',(7.586266388671,10.256727789435));
#2411 = CARTESIAN_POINT('',(7.580097050678,10.24523137297));
#2412 = CARTESIAN_POINT('',(7.574334593746,10.236053875823));
#2413 = CARTESIAN_POINT('',(7.568784539741,10.228270237359));
#2414 = CARTESIAN_POINT('',(7.563371990605,10.221464341233));
#2415 = CARTESIAN_POINT('',(7.55805809262,10.215401332487));
#2416 = CARTESIAN_POINT('',(7.552819510849,10.209931860145));
#2417 = CARTESIAN_POINT('',(7.547640848258,10.204953426374));
#2418 = CARTESIAN_POINT('',(7.542511285506,10.20039181859));
#2419 = CARTESIAN_POINT('',(7.537422858901,10.196191106823));
#2420 = CARTESIAN_POINT('',(7.53236949704,10.192307800067));
#2421 = CARTESIAN_POINT('',(7.527346441011,10.188707215761));
#2422 = CARTESIAN_POINT('',(7.522349876287,10.185361112939));
#2423 = CARTESIAN_POINT('',(7.517376688421,10.182246087969));
#2424 = CARTESIAN_POINT('',(7.512424294997,10.179342451722));
#2425 = CARTESIAN_POINT('',(7.507490526507,10.176633422273));
#2426 = CARTESIAN_POINT('',(7.502573539737,10.174104531068));
#2427 = CARTESIAN_POINT('',(7.497671753386,10.171743177464));
#2428 = CARTESIAN_POINT('',(7.492783799302,10.169538288881));
#2429 = CARTESIAN_POINT('',(7.487908484926,10.167480057611));
#2430 = CARTESIAN_POINT('',(7.483044763941,10.165559734363));
#2431 = CARTESIAN_POINT('',(7.478191713021,10.163769464379));
#2432 = CARTESIAN_POINT('',(7.473348513211,10.162102155972));
#2433 = CARTESIAN_POINT('',(7.468514434839,10.160551374062));
#2434 = CARTESIAN_POINT('',(7.463688825178,10.159111253145));
#2435 = CARTESIAN_POINT('',(7.458871098263,10.15777642557));
#2436 = CARTESIAN_POINT('',(7.454060726418,10.156541961916));
#2437 = CARTESIAN_POINT('',(7.449257233145,10.155403321033));
#2438 = CARTESIAN_POINT('',(7.444460187116,10.154356307862));
#2439 = CARTESIAN_POINT('',(7.439669197059,10.153397037524));
#2440 = CARTESIAN_POINT('',(7.434883907376,10.152521904525));
#2441 = CARTESIAN_POINT('',(7.430103994367,10.151727556148));
#2442 = CARTESIAN_POINT('',(7.425329162948,10.151010869292));
#2443 = CARTESIAN_POINT('',(7.4205591438,10.15036893015));
#2444 = CARTESIAN_POINT('',(7.415793690858,10.149799016415));
#2445 = CARTESIAN_POINT('',(7.411032579108,10.149298580946));
#2446 = CARTESIAN_POINT('',(7.406275602634,10.148865239234));
#2447 = CARTESIAN_POINT('',(7.401522572881,10.148496750516));
#2448 = CARTESIAN_POINT('',(7.396773317131,10.148191029247));
#2449 = CARTESIAN_POINT('',(7.392027677042,10.147946049328));
#2450 = CARTESIAN_POINT('',(7.387285507702,10.147760152683));
#2451 = CARTESIAN_POINT('',(7.382546675431,10.147630856141));
#2452 = CARTESIAN_POINT('',(7.377811060822,10.147559257315));
#2453 = CARTESIAN_POINT('',(7.373078312707,10.147533575928));
#2454 = CARTESIAN_POINT('',(7.368345589132,10.147590523197));
#2455 = CARTESIAN_POINT('',(7.36360882013,10.147504234378));
#2456 = CARTESIAN_POINT('',(7.358867589154,10.147319976847));
#2457 = CARTESIAN_POINT('',(7.354121776532,10.14705277775));
#2458 = CARTESIAN_POINT('',(7.34937210405,10.146713801962));
#2459 = CARTESIAN_POINT('',(7.34461899683,10.146310097884));
#2460 = CARTESIAN_POINT('',(7.339862801064,10.145847034234));
#2461 = CARTESIAN_POINT('',(7.335103787853,10.14532872508));
#2462 = CARTESIAN_POINT('',(7.330342184668,10.144758487771));
#2463 = CARTESIAN_POINT('',(7.325578185832,10.14413905524));
#2464 = CARTESIAN_POINT('',(7.320811961609,10.14347273026));
#2465 = CARTESIAN_POINT('',(7.316043663671,10.142761484626));
#2466 = CARTESIAN_POINT('',(7.311273429125,10.142007030205));
#2467 = CARTESIAN_POINT('',(7.306501383378,10.1412108701));
#2468 = CARTESIAN_POINT('',(7.301727642286,10.140374336893));
#2469 = CARTESIAN_POINT('',(7.296952313795,10.139498621766));
#2470 = CARTESIAN_POINT('',(7.292175499204,10.138584797154));
#2471 = CARTESIAN_POINT('',(7.287397294178,10.137633834638));
#2472 = CARTESIAN_POINT('',(7.282617789552,10.136646619313));
#2473 = CARTESIAN_POINT('',(7.277837071983,10.135623961453));
#2474 = CARTESIAN_POINT('',(7.273055224491,10.134566606111));
#2475 = CARTESIAN_POINT('',(7.268272326909,10.133475241079));
#2476 = CARTESIAN_POINT('',(7.263488456252,10.132350503578));
#2477 = CARTESIAN_POINT('',(7.258703687039,10.131192985898));
#2478 = CARTESIAN_POINT('',(7.253918091559,10.13000324021));
#2479 = CARTESIAN_POINT('',(7.249131740105,10.128781782694));
#2480 = CARTESIAN_POINT('',(7.244344701174,10.127529097097));
#2481 = CARTESIAN_POINT('',(7.239557041637,10.126245637829));
#2482 = CARTESIAN_POINT('',(7.234768826896,10.124931832659));
#2483 = CARTESIAN_POINT('',(7.229980121009,10.123588085088));
#2484 = CARTESIAN_POINT('',(7.225190986816,10.122214776432));
#2485 = CARTESIAN_POINT('',(7.220401486035,10.120812267673));
#2486 = CARTESIAN_POINT('',(7.215611679359,10.119380901101));
#2487 = CARTESIAN_POINT('',(7.210821626535,10.117921001779));
#2488 = CARTESIAN_POINT('',(7.206031386439,10.116432878858));
#2489 = CARTESIAN_POINT('',(7.201241017141,10.114916826752));
#2490 = CARTESIAN_POINT('',(7.196450575966,10.113373126202));
#2491 = CARTESIAN_POINT('',(7.191660119545,10.111802045236));
#2492 = CARTESIAN_POINT('',(7.186869703866,10.110203840041));
#2493 = CARTESIAN_POINT('',(7.18207938432,10.108578755749));
#2494 = CARTESIAN_POINT('',(7.177289215734,10.106927027163));
#2495 = CARTESIAN_POINT('',(7.172499252416,10.10524887941));
#2496 = CARTESIAN_POINT('',(7.167709548183,10.103544528546));
#2497 = CARTESIAN_POINT('',(7.162920156396,10.101814182107));
#2498 = CARTESIAN_POINT('',(7.158131129983,10.100058039616));
#2499 = CARTESIAN_POINT('',(7.15334252147,10.098276293051));
#2500 = CARTESIAN_POINT('',(7.148554383002,10.096469127274));
#2501 = CARTESIAN_POINT('',(7.143766766368,10.094636720433));
#2502 = CARTESIAN_POINT('',(7.138979723016,10.092779244326));
#2503 = CARTESIAN_POINT('',(7.13419330408,10.090896864747));
#2504 = CARTESIAN_POINT('',(7.12940756039,10.0889897418));
#2505 = CARTESIAN_POINT('',(7.124622542492,10.087058030199));
#2506 = CARTESIAN_POINT('',(7.119838300664,10.085101879535));
#2507 = CARTESIAN_POINT('',(7.115054884928,10.083121434542));
#2508 = CARTESIAN_POINT('',(7.110272345064,10.081116835327));
#2509 = CARTESIAN_POINT('',(7.105490730623,10.079088217604));
#2510 = CARTESIAN_POINT('',(7.100710090937,10.077035712893));
#2511 = CARTESIAN_POINT('',(7.095930475132,10.074959448726));
#2512 = CARTESIAN_POINT('',(7.091151932137,10.072859548823));
#2513 = CARTESIAN_POINT('',(7.086374510693,10.070736133273));
#2514 = CARTESIAN_POINT('',(7.081598259361,10.06858931869));
#2515 = CARTESIAN_POINT('',(7.076823226536,10.066419218371));
#2516 = CARTESIAN_POINT('',(7.072049460445,10.064225942441));
#2517 = CARTESIAN_POINT('',(7.067277009165,10.062009597982));
#2518 = CARTESIAN_POINT('',(7.062505920622,10.059770289172));
#2519 = CARTESIAN_POINT('',(7.057736242602,10.057508117397));
#2520 = CARTESIAN_POINT('',(7.052968022756,10.055223181375));
#2521 = CARTESIAN_POINT('',(7.048201308605,10.052915577255));
#2522 = CARTESIAN_POINT('',(7.043436147546,10.050585398729));
#2523 = CARTESIAN_POINT('',(7.038672586861,10.048232737123));
#2524 = CARTESIAN_POINT('',(7.033910673712,10.045857681499));
#2525 = CARTESIAN_POINT('',(7.029150455162,10.043460318723));
#2526 = CARTESIAN_POINT('',(7.024391978159,10.041040733579));
#2527 = CARTESIAN_POINT('',(7.019635289558,10.038599008821));
#2528 = CARTESIAN_POINT('',(7.014880436118,10.03613522526));
#2529 = CARTESIAN_POINT('',(7.010127464502,10.033649461841));
#2530 = CARTESIAN_POINT('',(7.005376421287,10.031141795701));
#2531 = CARTESIAN_POINT('',(7.002046845661,10.029368365799));
#2532 = CARTESIAN_POINT('',(7.000299727424,10.028433165184));
#2533 = CARTESIAN_POINT('',(7.000133902979,10.028344360604));
#2534 = ( GEOMETRIC_REPRESENTATION_CONTEXT(2) 
PARAMETRIC_REPRESENTATION_CONTEXT() REPRESENTATION_CONTEXT('2D SPACE',''
  ) );
#2535 = ORIENTED_EDGE('',*,*,#2536,.F.);
#2536 = EDGE_CURVE('',#2537,#2142,#2539,.T.);
#2537 = VERTEX_POINT('',#2538);
#2538 = CARTESIAN_POINT('',(-2.404253788831,0.316526016134,-4.5));
#2539 = SURFACE_CURVE('',#2540,(#2544,#2551),.PCURVE_S1.);
#2540 = LINE('',#2541,#2542);
#2541 = CARTESIAN_POINT('',(-2.404253788831,0.316526016134,-4.5));
#2542 = VECTOR('',#2543,1.);
#2543 = DIRECTION('',(-6.540312923014E-02,-0.997858923239,0.));
#2544 = PCURVE('',#156,#2545);
#2545 = DEFINITIONAL_REPRESENTATION('',(#2546),#2550);
#2546 = LINE('',#2547,#2548);
#2547 = CARTESIAN_POINT('',(-0.316525966134,2.404253788832));
#2548 = VECTOR('',#2549,1.);
#2549 = DIRECTION('',(0.997858923239,6.540312923014E-02));
#2550 = ( GEOMETRIC_REPRESENTATION_CONTEXT(2) 
PARAMETRIC_REPRESENTATION_CONTEXT() REPRESENTATION_CONTEXT('2D SPACE',''
  ) );
#2551 = PCURVE('',#2552,#2557);
#2552 = PLANE('',#2553);
#2553 = AXIS2_PLACEMENT_3D('',#2554,#2555,#2556);
#2554 = CARTESIAN_POINT('',(-2.404253788831,0.316526016134,-4.5));
#2555 = DIRECTION('',(0.997858923239,-6.540312923014E-02,0.));
#2556 = DIRECTION('',(-6.540312923014E-02,-0.997858923239,0.));
#2557 = DEFINITIONAL_REPRESENTATION('',(#2558),#2562);
#2558 = LINE('',#2559,#2560);
#2559 = CARTESIAN_POINT('',(0.,0.));
#2560 = VECTOR('',#2561,1.);
#2561 = DIRECTION('',(1.,0.));
#2562 = ( GEOMETRIC_REPRESENTATION_CONTEXT(2) 
PARAMETRIC_REPRESENTATION_CONTEXT() REPRESENTATION_CONTEXT('2D SPACE',''
  ) );
#2563 = ORIENTED_EDGE('',*,*,#2564,.F.);
#2564 = EDGE_CURVE('',#2565,#2537,#2567,.T.);
#2565 = VERTEX_POINT('',#2566);
#2566 = CARTESIAN_POINT('',(-3.380740392012,0.905866657859,-4.5));
#2567 = SURFACE_CURVE('',#2568,(#2572,#2579),.PCURVE_S1.);
#2568 = LINE('',#2569,#2570);
#2569 = CARTESIAN_POINT('',(-3.380740392012,0.905866657859,-4.5));
#2570 = VECTOR('',#2571,1.);
#2571 = DIRECTION('',(0.856156055588,-0.516717339054,0.));
#2572 = PCURVE('',#156,#2573);
#2573 = DEFINITIONAL_REPRESENTATION('',(#2574),#2578);
#2574 = LINE('',#2575,#2576);
#2575 = CARTESIAN_POINT('',(-0.905866607859,3.380740392012));
#2576 = VECTOR('',#2577,1.);
#2577 = DIRECTION('',(0.516717339054,-0.856156055588));
#2578 = ( GEOMETRIC_REPRESENTATION_CONTEXT(2) 
PARAMETRIC_REPRESENTATION_CONTEXT() REPRESENTATION_CONTEXT('2D SPACE',''
  ) );
#2579 = PCURVE('',#2580,#2585);
#2580 = PLANE('',#2581);
#2581 = AXIS2_PLACEMENT_3D('',#2582,#2583,#2584);
#2582 = CARTESIAN_POINT('',(-3.380740392012,0.905866657859,-4.5));
#2583 = DIRECTION('',(0.516717339054,0.856156055588,-0.));
#2584 = DIRECTION('',(0.856156055588,-0.516717339054,0.));
#2585 = DEFINITIONAL_REPRESENTATION('',(#2586),#2590);
#2586 = LINE('',#2587,#2588);
#2587 = CARTESIAN_POINT('',(0.,0.));
#2588 = VECTOR('',#2589,1.);
#2589 = DIRECTION('',(1.,0.));
#2590 = ( GEOMETRIC_REPRESENTATION_CONTEXT(2) 
PARAMETRIC_REPRESENTATION_CONTEXT() REPRESENTATION_CONTEXT('2D SPACE',''
  ) );
#2591 = ORIENTED_EDGE('',*,*,#2592,.F.);
#2592 = EDGE_CURVE('',#2593,#2565,#2595,.T.);
#2593 = VERTEX_POINT('',#2594);
#2594 = CARTESIAN_POINT('',(-3.23357836379,1.339392013278,-4.5));
#2595 = SURFACE_CURVE('',#2596,(#2600,#2607),.PCURVE_S1.);
#2596 = LINE('',#2597,#2598);
#2597 = CARTESIAN_POINT('',(-3.23357836379,1.339392013278,-4.5));
#2598 = VECTOR('',#2599,1.);
#2599 = DIRECTION('',(-0.321439465303,-0.946930129495,0.));
#2600 = PCURVE('',#156,#2601);
#2601 = DEFINITIONAL_REPRESENTATION('',(#2602),#2606);
#2602 = LINE('',#2603,#2604);
#2603 = CARTESIAN_POINT('',(-1.339391963278,3.23357836379));
#2604 = VECTOR('',#2605,1.);
#2605 = DIRECTION('',(0.946930129495,0.321439465303));
#2606 = ( GEOMETRIC_REPRESENTATION_CONTEXT(2) 
PARAMETRIC_REPRESENTATION_CONTEXT() REPRESENTATION_CONTEXT('2D SPACE',''
  ) );
#2607 = PCURVE('',#2608,#2613);
#2608 = PLANE('',#2609);
#2609 = AXIS2_PLACEMENT_3D('',#2610,#2611,#2612);
#2610 = CARTESIAN_POINT('',(-3.23357836379,1.339392013278,-4.5));
#2611 = DIRECTION('',(0.946930129495,-0.321439465303,0.));
#2612 = DIRECTION('',(-0.321439465303,-0.946930129495,0.));
#2613 = DEFINITIONAL_REPRESENTATION('',(#2614),#2618);
#2614 = LINE('',#2615,#2616);
#2615 = CARTESIAN_POINT('',(0.,0.));
#2616 = VECTOR('',#2617,1.);
#2617 = DIRECTION('',(1.,0.));
#2618 = ( GEOMETRIC_REPRESENTATION_CONTEXT(2) 
PARAMETRIC_REPRESENTATION_CONTEXT() REPRESENTATION_CONTEXT('2D SPACE',''
  ) );
#2619 = ORIENTED_EDGE('',*,*,#2620,.F.);
#2620 = EDGE_CURVE('',#2621,#2593,#2623,.T.);
#2621 = VERTEX_POINT('',#2622);
#2622 = CARTESIAN_POINT('',(-2.712716486082,1.281081337873,-4.5000001757
    ));
#2623 = SURFACE_CURVE('',#2624,(#2628,#2635),.PCURVE_S1.);
#2624 = LINE('',#2625,#2626);
#2625 = CARTESIAN_POINT('',(-2.100111604177,1.2125,-4.5));
#2626 = VECTOR('',#2627,1.);
#2627 = DIRECTION('',(-0.993791852228,0.111255356929,0.));
#2628 = PCURVE('',#156,#2629);
#2629 = DEFINITIONAL_REPRESENTATION('',(#2630),#2634);
#2630 = LINE('',#2631,#2632);
#2631 = CARTESIAN_POINT('',(-1.21249995,2.100111604177));
#2632 = VECTOR('',#2633,1.);
#2633 = DIRECTION('',(-0.111255356929,0.993791852228));
#2634 = ( GEOMETRIC_REPRESENTATION_CONTEXT(2) 
PARAMETRIC_REPRESENTATION_CONTEXT() REPRESENTATION_CONTEXT('2D SPACE',''
  ) );
#2635 = PCURVE('',#2636,#2641);
#2636 = PLANE('',#2637);
#2637 = AXIS2_PLACEMENT_3D('',#2638,#2639,#2640);
#2638 = CARTESIAN_POINT('',(-2.100111604177,1.2125,-4.5));
#2639 = DIRECTION('',(-0.111255356929,-0.993791852228,0.));
#2640 = DIRECTION('',(-0.993791852228,0.111255356929,0.));
#2641 = DEFINITIONAL_REPRESENTATION('',(#2642),#2646);
#2642 = LINE('',#2643,#2644);
#2643 = CARTESIAN_POINT('',(0.,0.));
#2644 = VECTOR('',#2645,1.);
#2645 = DIRECTION('',(1.,0.));
#2646 = ( GEOMETRIC_REPRESENTATION_CONTEXT(2) 
PARAMETRIC_REPRESENTATION_CONTEXT() REPRESENTATION_CONTEXT('2D SPACE',''
  ) );
#2647 = ORIENTED_EDGE('',*,*,#2648,.T.);
#2648 = EDGE_CURVE('',#2621,#2649,#2651,.T.);
#2649 = VERTEX_POINT('',#2650);
#2650 = CARTESIAN_POINT('',(-2.690487825824,1.327130510464,-4.5000003514
    ));
#2651 = SURFACE_CURVE('',#2652,(#2657,#2664),.PCURVE_S1.);
#2652 = CIRCLE('',#2653,3.);
#2653 = AXIS2_PLACEMENT_3D('',#2654,#2655,#2656);
#2654 = CARTESIAN_POINT('',(9.037215420449E-14,4.99999084913E-08,
    -4.5000003514));
#2655 = DIRECTION('',(3.431321225571E-15,-9.104279154523E-17,-1.));
#2656 = DIRECTION('',(4.996003610813E-16,-1.,9.104279154523E-17));
#2657 = PCURVE('',#156,#2658);
#2658 = DEFINITIONAL_REPRESENTATION('',(#2659),#2663);
#2659 = CIRCLE('',#2660,3.);
#2660 = AXIS2_PLACEMENT_2D('',#2661,#2662);
#2661 = CARTESIAN_POINT('',(1.110223024625E-15,7.216449660064E-16));
#2662 = DIRECTION('',(1.,-1.657422360651E-32));
#2663 = ( GEOMETRIC_REPRESENTATION_CONTEXT(2) 
PARAMETRIC_REPRESENTATION_CONTEXT() REPRESENTATION_CONTEXT('2D SPACE',''
  ) );
#2664 = PCURVE('',#2665,#2670);
#2665 = PLANE('',#2666);
#2666 = AXIS2_PLACEMENT_3D('',#2667,#2668,#2669);
#2667 = CARTESIAN_POINT('',(-10.,-10.,-4.5));
#2668 = DIRECTION('',(0.,0.,1.));
#2669 = DIRECTION('',(1.,0.,-0.));
#2670 = DEFINITIONAL_REPRESENTATION('',(#2671),#2679);
#2671 = ( BOUNDED_CURVE() B_SPLINE_CURVE(2,(#2672,#2673,#2674,#2675,
#2676,#2677,#2678),.UNSPECIFIED.,.T.,.F.) B_SPLINE_CURVE_WITH_KNOTS((1,2
    ,2,2,2,1),(-2.094395102393,0.,2.094395102393,4.188790204786,
6.28318530718,8.377580409573),.UNSPECIFIED.) CURVE() 
GEOMETRIC_REPRESENTATION_ITEM() RATIONAL_B_SPLINE_CURVE((1.,0.5,1.,0.5,
1.,0.5,1.)) REPRESENTATION_ITEM('') );
#2672 = CARTESIAN_POINT('',(10.,7.00000005));
#2673 = CARTESIAN_POINT('',(4.803847577293,7.00000005));
#2674 = CARTESIAN_POINT('',(7.401923788647,11.50000005));
#2675 = CARTESIAN_POINT('',(10.,16.00000005));
#2676 = CARTESIAN_POINT('',(12.598076211353,11.50000005));
#2677 = CARTESIAN_POINT('',(15.196152422707,7.00000005));
#2678 = CARTESIAN_POINT('',(10.,7.00000005));
#2679 = ( GEOMETRIC_REPRESENTATION_CONTEXT(2) 
PARAMETRIC_REPRESENTATION_CONTEXT() REPRESENTATION_CONTEXT('2D SPACE',''
  ) );
#2680 = ORIENTED_EDGE('',*,*,#2681,.F.);
#2681 = EDGE_CURVE('',#2682,#2649,#2684,.T.);
#2682 = VERTEX_POINT('',#2683);
#2683 = CARTESIAN_POINT('',(-2.042674852749,1.298460173176,-4.5000001757
    ));
#2684 = SURFACE_CURVE('',#2685,(#2813,#2944),.PCURVE_S1.);
#2685 = B_SPLINE_CURVE_WITH_KNOTS('',3,(#2686,#2687,#2688,#2689,#2690,
    #2691,#2692,#2693,#2694,#2695,#2696,#2697,#2698,#2699,#2700,#2701,
    #2702,#2703,#2704,#2705,#2706,#2707,#2708,#2709,#2710,#2711,#2712,
    #2713,#2714,#2715,#2716,#2717,#2718,#2719,#2720,#2721,#2722,#2723,
    #2724,#2725,#2726,#2727,#2728,#2729,#2730,#2731,#2732,#2733,#2734,
    #2735,#2736,#2737,#2738,#2739,#2740,#2741,#2742,#2743,#2744,#2745,
    #2746,#2747,#2748,#2749,#2750,#2751,#2752,#2753,#2754,#2755,#2756,
    #2757,#2758,#2759,#2760,#2761,#2762,#2763,#2764,#2765,#2766,#2767,
    #2768,#2769,#2770,#2771,#2772,#2773,#2774,#2775,#2776,#2777,#2778,
    #2779,#2780,#2781,#2782,#2783,#2784,#2785,#2786,#2787,#2788,#2789,
    #2790,#2791,#2792,#2793,#2794,#2795,#2796,#2797,#2798,#2799,#2800,
    #2801,#2802,#2803,#2804,#2805,#2806,#2807,#2808,#2809,#2810,#2811,
    #2812),.UNSPECIFIED.,.F.,.F.,(4,1,1,1,1,1,1,1,1,1,1,1,1,1,1,1,1,1,1,
    1,1,1,1,1,1,1,1,1,1,1,1,1,1,1,1,1,1,1,1,1,1,1,1,1,1,1,1,1,1,1,1,1,1,
    1,1,1,1,1,1,1,1,1,1,1,1,1,1,1,1,1,1,1,1,1,1,1,1,1,1,1,1,1,1,1,1,1,1,
    1,1,1,1,1,1,1,1,1,1,1,1,1,1,1,1,1,1,1,1,1,1,1,1,1,1,1,1,1,1,1,1,1,1,
    1,1,1,4),(0.,3.825348486101E-02,5.430853348674E-02,
    6.675617629157E-02,7.735884378815E-02,8.679755798888E-02,
    9.542083346997E-02,0.103435317105,0.110975441185,0.118134466631,
    0.124980232214,0.131563916605,0.137925263337,0.144095870271,
    0.150101352936,0.155962819326,0.16169790603,0.167321525098,
    0.172846414439,0.178283551377,0.18364246875,0.188931500289,
    0.194157973749,0.199328364902,0.20444842177,0.209523265982,
    0.214557476318,0.219555158251,0.224520002363,0.229455333832,
    0.234364154694,0.239249180184,0.244112870201,0.248957456702,
    0.253784967687,0.258597248282,0.263395979354,0.268182693996,
    0.272958792175,0.27772555377,0.282484150212,0.287235654883,
    0.291981052431,0.296721247119,0.301457070315,0.306189287223,
    0.310919293077,0.315655371856,0.320399980632,0.32515309033,
    0.329914691623,0.33468478033,0.339463354215,0.344250411941,
    0.349045952647,0.353849975744,0.358662480811,0.363483467539,
    0.368312935692,0.373150885086,0.377997315577,0.382852227048,
    0.387715619403,0.392587492562,0.397467846459,0.402356681039,
    0.407253996253,0.41215979206,0.417074068425,0.421996825315,
    0.426928062704,0.431867780568,0.436815978885,0.441772657636,
    0.446737816804,0.451711456374,0.456693576332,0.461684176666,
    0.466683257364,0.471690818415,0.476706859811,0.481731381543,
    0.486764383603,0.491805865984,0.496855828678,0.50191427168,
    0.506981194984,0.512056598584,0.517140482477,0.522232846656,
    0.527333691118,0.532443015859,0.537560820874,0.542687106161,
    0.547821871717,0.552965117537,0.55811684362,0.563277049962,
    0.56844573656,0.573622903413,0.578808550518,0.584002677873,
    0.589205285476,0.594416373325,0.599635941417,0.604863989752,
    0.610100518327,0.615345527141,0.620599016193,0.62586098548,
    0.631131435002,0.636410364758,0.641697774745,0.646993664963,
    0.652298035411,0.657610886087,0.66293221699,0.668262028121,
    0.673600319476,0.678947091057,0.684302342861,0.689666074887,
    0.695038287136,0.700418979606,0.700983298363),.UNSPECIFIED.);
#2686 = CARTESIAN_POINT('',(-2.027833611805,1.317965562764,-4.5000003514
    ));
#2687 = CARTESIAN_POINT('',(-2.03480402607,1.30721266319,-4.5000003514)
  );
#2688 = CARTESIAN_POINT('',(-2.046477138243,1.293187104496,-4.5000003514
    ));
#2689 = CARTESIAN_POINT('',(-2.063308847696,1.278583515275,-4.5000003514
    ));
#2690 = CARTESIAN_POINT('',(-2.073855337325,1.270902377384,-4.5000003514
    ));
#2691 = CARTESIAN_POINT('',(-2.083029098401,1.265133974529,-4.5000003514
    ));
#2692 = CARTESIAN_POINT('',(-2.091406718436,1.260529236778,-4.5000003514
    ));
#2693 = CARTESIAN_POINT('',(-2.099236224363,1.256745753308,-4.5000003514
    ));
#2694 = CARTESIAN_POINT('',(-2.10665452192,1.253588785109,-4.5000003514)
  );
#2695 = CARTESIAN_POINT('',(-2.113747436118,1.250933896251,-4.5000003514
    ));
#2696 = CARTESIAN_POINT('',(-2.120573311349,1.248695419902,-4.5000003514
    ));
#2697 = CARTESIAN_POINT('',(-2.127174095137,1.246811187168,-4.5000003514
    ));
#2698 = CARTESIAN_POINT('',(-2.133581229623,1.245234262204,-4.5000003514
    ));
#2699 = CARTESIAN_POINT('',(-2.139819054993,1.243928095251,-4.5000003514
    ));
#2700 = CARTESIAN_POINT('',(-2.145906907079,1.242863503217,-4.5000003514
    ));
#2701 = CARTESIAN_POINT('',(-2.151860475945,1.242016696931,-4.5000003514
    ));
#2702 = CARTESIAN_POINT('',(-2.157692722068,1.241367941757,-4.5000003514
    ));
#2703 = CARTESIAN_POINT('',(-2.163414514917,1.240900618871,-4.5000003514
    ));
#2704 = CARTESIAN_POINT('',(-2.169035090554,1.240600549595,-4.5000003514
    ));
#2705 = CARTESIAN_POINT('',(-2.17456238733,1.240455497955,-4.5000003514)
  );
#2706 = CARTESIAN_POINT('',(-2.18000329716,1.240454797262,-4.5000003514)
  );
#2707 = CARTESIAN_POINT('',(-2.185363856921,1.240589065085,-4.5000003514
    ));
#2708 = CARTESIAN_POINT('',(-2.190649396474,1.240849982419,-4.5000003514
    ));
#2709 = CARTESIAN_POINT('',(-2.195864654695,1.241230120404,-4.5000003514
    ));
#2710 = CARTESIAN_POINT('',(-2.201013871523,1.241722802762,-4.5000003514
    ));
#2711 = CARTESIAN_POINT('',(-2.206100861778,1.242321995438,-4.5000003514
    ));
#2712 = CARTESIAN_POINT('',(-2.21112907495,1.243022217214,-4.5000003514)
  );
#2713 = CARTESIAN_POINT('',(-2.216101644072,1.243818466665,-4.5000003514
    ));
#2714 = CARTESIAN_POINT('',(-2.221021426015,1.244706161945,-4.5000003514
    ));
#2715 = CARTESIAN_POINT('',(-2.225891034997,1.245681090746,-4.5000003514
    ));
#2716 = CARTESIAN_POINT('',(-2.230712870657,1.246739368381,-4.5000003514
    ));
#2717 = CARTESIAN_POINT('',(-2.235489141777,1.247877402378,-4.5000003514
    ));
#2718 = CARTESIAN_POINT('',(-2.240221886466,1.249091862347,-4.5000003514
    ));
#2719 = CARTESIAN_POINT('',(-2.244912989471,1.25037965414,-4.5000003514)
  );
#2720 = CARTESIAN_POINT('',(-2.249564197128,1.251737897511,-4.5000003514
    ));
#2721 = CARTESIAN_POINT('',(-2.254177130358,1.253163906675,-4.5000003514
    ));
#2722 = CARTESIAN_POINT('',(-2.258753296065,1.254655173237,-4.5000003514
    ));
#2723 = CARTESIAN_POINT('',(-2.26329409711,1.256209351246,-4.5000003514)
  );
#2724 = CARTESIAN_POINT('',(-2.267800841386,1.257824243436,-4.5000003514
    ));
#2725 = CARTESIAN_POINT('',(-2.272274749017,1.259497790784,-4.5000003514
    ));
#2726 = CARTESIAN_POINT('',(-2.276716962115,1.261228056243,-4.5000003514
    ));
#2727 = CARTESIAN_POINT('',(-2.281128541179,1.263013235739,-4.5000003514
    ));
#2728 = CARTESIAN_POINT('',(-2.285510507961,1.264851572526,-4.5000003514
    ));
#2729 = CARTESIAN_POINT('',(-2.289863712434,1.2667416356,-4.5000003514)
  );
#2730 = CARTESIAN_POINT('',(-2.294189352447,1.268681245706,-4.5000003514
    ));
#2731 = CARTESIAN_POINT('',(-2.298487059347,1.270671443566,-4.5000003514
    ));
#2732 = CARTESIAN_POINT('',(-2.302762260794,1.272701767885,-4.5000003514
    ));
#2733 = CARTESIAN_POINT('',(-2.307001588901,1.274806527403,-4.5000003514
    ));
#2734 = CARTESIAN_POINT('',(-2.311306709622,1.276783990909,-4.5000003514
    ));
#2735 = CARTESIAN_POINT('',(-2.315658357474,1.278675123633,-4.5000003514
    ));
#2736 = CARTESIAN_POINT('',(-2.320050120242,1.28049351649,-4.5000003514)
  );
#2737 = CARTESIAN_POINT('',(-2.324476503364,1.282248915515,-4.5000003514
    ));
#2738 = CARTESIAN_POINT('',(-2.328934065629,1.283947486642,-4.5000003514
    ));
#2739 = CARTESIAN_POINT('',(-2.333420165732,1.285593916712,-4.5000003514
    ));
#2740 = CARTESIAN_POINT('',(-2.337932774391,1.287191794747,-4.5000003514
    ));
#2741 = CARTESIAN_POINT('',(-2.342470247318,1.288744010879,-4.5000003514
    ));
#2742 = CARTESIAN_POINT('',(-2.347031223658,1.29025294308,-4.5000003514)
  );
#2743 = CARTESIAN_POINT('',(-2.351614550875,1.291720592205,-4.5000003514
    ));
#2744 = CARTESIAN_POINT('',(-2.356219236784,1.29314866897,-4.5000003514)
  );
#2745 = CARTESIAN_POINT('',(-2.360844415108,1.294538656226,-4.5000003514
    ));
#2746 = CARTESIAN_POINT('',(-2.365489320686,1.295891853809,-4.5000003514
    ));
#2747 = CARTESIAN_POINT('',(-2.370153270949,1.297209412067,-4.5000003514
    ));
#2748 = CARTESIAN_POINT('',(-2.374835651807,1.298492357382,-4.5000003514
    ));
#2749 = CARTESIAN_POINT('',(-2.379535906681,1.299741612031,-4.5000003514
    ));
#2750 = CARTESIAN_POINT('',(-2.384253527825,1.300958009873,-4.5000003514
    ));
#2751 = CARTESIAN_POINT('',(-2.388988049374,1.302142308937,-4.5000003514
    ));
#2752 = CARTESIAN_POINT('',(-2.393739041687,1.303295201658,-4.5000003514
    ));
#2753 = CARTESIAN_POINT('',(-2.398506106697,1.304417323281,-4.5000003514
    ));
#2754 = CARTESIAN_POINT('',(-2.403288874057,1.305509258851,-4.5000003514
    ));
#2755 = CARTESIAN_POINT('',(-2.4080869979,1.306571549066,-4.5000003514)
  );
#2756 = CARTESIAN_POINT('',(-2.4129001541,1.307604695229,-4.5000003514)
  );
#2757 = CARTESIAN_POINT('',(-2.41772803795,1.308609163465,-4.5000003514)
  );
#2758 = CARTESIAN_POINT('',(-2.422570362155,1.309585388334,-4.5000003514
    ));
#2759 = CARTESIAN_POINT('',(-2.427426855112,1.310533775961,-4.5000003514
    ));
#2760 = CARTESIAN_POINT('',(-2.432297259411,1.311454706739,-4.5000003514
    ));
#2761 = CARTESIAN_POINT('',(-2.437181330526,1.312348537698,-4.5000003514
    ));
#2762 = CARTESIAN_POINT('',(-2.442078835668,1.313215604586,-4.5000003514
    ));
#2763 = CARTESIAN_POINT('',(-2.446989552774,1.314056223692,-4.5000003514
    ));
#2764 = CARTESIAN_POINT('',(-2.451913269615,1.31487069347,-4.5000003514)
  );
#2765 = CARTESIAN_POINT('',(-2.456849782994,1.31565929598,-4.5000003514)
  );
#2766 = CARTESIAN_POINT('',(-2.46179889804,1.316422298171,-4.5000003514)
  );
#2767 = CARTESIAN_POINT('',(-2.466760427574,1.317159953032,-4.5000003514
    ));
#2768 = CARTESIAN_POINT('',(-2.471734191534,1.317872500625,-4.5000003514
    ));
#2769 = CARTESIAN_POINT('',(-2.476720016463,1.318560169017,-4.5000003514
    ));
#2770 = CARTESIAN_POINT('',(-2.481717735045,1.319223175122,-4.5000003514
    ));
#2771 = CARTESIAN_POINT('',(-2.486727185682,1.319861725463,-4.5000003514
    ));
#2772 = CARTESIAN_POINT('',(-2.49174821211,1.320476016865,-4.5000003514)
  );
#2773 = CARTESIAN_POINT('',(-2.496780663052,1.321066237087,-4.5000003514
    ));
#2774 = CARTESIAN_POINT('',(-2.501824391902,1.321632565401,-4.5000003514
    ));
#2775 = CARTESIAN_POINT('',(-2.506879256428,1.322175173114,-4.5000003514
    ));
#2776 = CARTESIAN_POINT('',(-2.511945118507,1.322694224059,-4.5000003514
    ));
#2777 = CARTESIAN_POINT('',(-2.517021843883,1.323189875034,-4.5000003514
    ));
#2778 = CARTESIAN_POINT('',(-2.522109301936,1.323662276215,-4.5000003514
    ));
#2779 = CARTESIAN_POINT('',(-2.527207365475,1.324111571533,-4.5000003514
    ));
#2780 = CARTESIAN_POINT('',(-2.532315910546,1.324537899022,-4.5000003514
    ));
#2781 = CARTESIAN_POINT('',(-2.537434816253,1.324941391146,-4.5000003514
    ));
#2782 = CARTESIAN_POINT('',(-2.542563964594,1.325322175092,-4.5000003514
    ));
#2783 = CARTESIAN_POINT('',(-2.547703240303,1.325680373057,-4.5000003514
    ));
#2784 = CARTESIAN_POINT('',(-2.552852530714,1.326016102499,-4.5000003514
    ));
#2785 = CARTESIAN_POINT('',(-2.558011725622,1.326329476384,-4.5000003514
    ));
#2786 = CARTESIAN_POINT('',(-2.563180717161,1.326620603405,-4.5000003514
    ));
#2787 = CARTESIAN_POINT('',(-2.568359399691,1.3268895882,-4.5000003514)
  );
#2788 = CARTESIAN_POINT('',(-2.573547669684,1.327136531539,-4.5000003514
    ));
#2789 = CARTESIAN_POINT('',(-2.578745425628,1.327361530515,-4.5000003514
    ));
#2790 = CARTESIAN_POINT('',(-2.583952567929,1.327564678716,-4.5000003514
    ));
#2791 = CARTESIAN_POINT('',(-2.589168998823,1.32774606638,-4.5000003514)
  );
#2792 = CARTESIAN_POINT('',(-2.594394622292,1.327905780555,-4.5000003514
    ));
#2793 = CARTESIAN_POINT('',(-2.599629343985,1.328043905237,-4.5000003514
    ));
#2794 = CARTESIAN_POINT('',(-2.604873071145,1.328160521507,-4.5000003514
    ));
#2795 = CARTESIAN_POINT('',(-2.610125712537,1.328255707656,-4.5000003514
    ));
#2796 = CARTESIAN_POINT('',(-2.615387178384,1.328329539304,-4.5000003514
    ));
#2797 = CARTESIAN_POINT('',(-2.620657380307,1.328382089517,-4.5000003514
    ));
#2798 = CARTESIAN_POINT('',(-2.625936231261,1.328413428908,-4.5000003514
    ));
#2799 = CARTESIAN_POINT('',(-2.631223645483,1.328423625742,-4.5000003514
    ));
#2800 = CARTESIAN_POINT('',(-2.63651953844,1.32841274603,-4.5000003514)
  );
#2801 = CARTESIAN_POINT('',(-2.641823826776,1.328380853619,-4.5000003514
    ));
#2802 = CARTESIAN_POINT('',(-2.647136428268,1.328328010278,-4.5000003514
    ));
#2803 = CARTESIAN_POINT('',(-2.652457261781,1.328254275783,-4.5000003514
    ));
#2804 = CARTESIAN_POINT('',(-2.657786247225,1.32815970798,-4.5000003514)
  );
#2805 = CARTESIAN_POINT('',(-2.663123305512,1.328044362887,-4.5000003514
    ));
#2806 = CARTESIAN_POINT('',(-2.668468358524,1.327908294731,-4.5000003514
    ));
#2807 = CARTESIAN_POINT('',(-2.673821329069,1.327751556036,-4.5000003514
    ));
#2808 = CARTESIAN_POINT('',(-2.679182140852,1.327574197679,-4.5000003514
    ));
#2809 = CARTESIAN_POINT('',(-2.684550718439,1.32737626895,-4.5000003514)
  );
#2810 = CARTESIAN_POINT('',(-2.688320024819,1.327223112541,-4.5000003514
    ));
#2811 = CARTESIAN_POINT('',(-2.690299892299,1.327138572096,-4.5000003514
    ));
#2812 = CARTESIAN_POINT('',(-2.690487825824,1.327130510464,-4.5000003514
    ));
#2813 = PCURVE('',#156,#2814);
#2814 = DEFINITIONAL_REPRESENTATION('',(#2815),#2943);
#2815 = B_SPLINE_CURVE_WITH_KNOTS('',3,(#2816,#2817,#2818,#2819,#2820,
    #2821,#2822,#2823,#2824,#2825,#2826,#2827,#2828,#2829,#2830,#2831,
    #2832,#2833,#2834,#2835,#2836,#2837,#2838,#2839,#2840,#2841,#2842,
    #2843,#2844,#2845,#2846,#2847,#2848,#2849,#2850,#2851,#2852,#2853,
    #2854,#2855,#2856,#2857,#2858,#2859,#2860,#2861,#2862,#2863,#2864,
    #2865,#2866,#2867,#2868,#2869,#2870,#2871,#2872,#2873,#2874,#2875,
    #2876,#2877,#2878,#2879,#2880,#2881,#2882,#2883,#2884,#2885,#2886,
    #2887,#2888,#2889,#2890,#2891,#2892,#2893,#2894,#2895,#2896,#2897,
    #2898,#2899,#2900,#2901,#2902,#2903,#2904,#2905,#2906,#2907,#2908,
    #2909,#2910,#2911,#2912,#2913,#2914,#2915,#2916,#2917,#2918,#2919,
    #2920,#2921,#2922,#2923,#2924,#2925,#2926,#2927,#2928,#2929,#2930,
    #2931,#2932,#2933,#2934,#2935,#2936,#2937,#2938,#2939,#2940,#2941,
    #2942),.UNSPECIFIED.,.F.,.F.,(4,1,1,1,1,1,1,1,1,1,1,1,1,1,1,1,1,1,1,
    1,1,1,1,1,1,1,1,1,1,1,1,1,1,1,1,1,1,1,1,1,1,1,1,1,1,1,1,1,1,1,1,1,1,
    1,1,1,1,1,1,1,1,1,1,1,1,1,1,1,1,1,1,1,1,1,1,1,1,1,1,1,1,1,1,1,1,1,1,
    1,1,1,1,1,1,1,1,1,1,1,1,1,1,1,1,1,1,1,1,1,1,1,1,1,1,1,1,1,1,1,1,1,1,
    1,1,1,4),(0.,3.825348486101E-02,5.430853348674E-02,
    6.675617629157E-02,7.735884378815E-02,8.679755798888E-02,
    9.542083346997E-02,0.103435317105,0.110975441185,0.118134466631,
    0.124980232214,0.131563916605,0.137925263337,0.144095870271,
    0.150101352936,0.155962819326,0.16169790603,0.167321525098,
    0.172846414439,0.178283551377,0.18364246875,0.188931500289,
    0.194157973749,0.199328364902,0.20444842177,0.209523265982,
    0.214557476318,0.219555158251,0.224520002363,0.229455333832,
    0.234364154694,0.239249180184,0.244112870201,0.248957456702,
    0.253784967687,0.258597248282,0.263395979354,0.268182693996,
    0.272958792175,0.27772555377,0.282484150212,0.287235654883,
    0.291981052431,0.296721247119,0.301457070315,0.306189287223,
    0.310919293077,0.315655371856,0.320399980632,0.32515309033,
    0.329914691623,0.33468478033,0.339463354215,0.344250411941,
    0.349045952647,0.353849975744,0.358662480811,0.363483467539,
    0.368312935692,0.373150885086,0.377997315577,0.382852227048,
    0.387715619403,0.392587492562,0.397467846459,0.402356681039,
    0.407253996253,0.41215979206,0.417074068425,0.421996825315,
    0.426928062704,0.431867780568,0.436815978885,0.441772657636,
    0.446737816804,0.451711456374,0.456693576332,0.461684176666,
    0.466683257364,0.471690818415,0.476706859811,0.481731381543,
    0.486764383603,0.491805865984,0.496855828678,0.50191427168,
    0.506981194984,0.512056598584,0.517140482477,0.522232846656,
    0.527333691118,0.532443015859,0.537560820874,0.542687106161,
    0.547821871717,0.552965117537,0.55811684362,0.563277049962,
    0.56844573656,0.573622903413,0.578808550518,0.584002677873,
    0.589205285476,0.594416373325,0.599635941417,0.604863989752,
    0.610100518327,0.615345527141,0.620599016193,0.62586098548,
    0.631131435002,0.636410364758,0.641697774745,0.646993664963,
    0.652298035411,0.657610886087,0.66293221699,0.668262028121,
    0.673600319476,0.678947091057,0.684302342861,0.689666074887,
    0.695038287136,0.700418979606,0.700983298363),.UNSPECIFIED.);
#2816 = CARTESIAN_POINT('',(-1.317965512764,2.027833611805));
#2817 = CARTESIAN_POINT('',(-1.30721261319,2.03480402607));
#2818 = CARTESIAN_POINT('',(-1.293187054496,2.046477138243));
#2819 = CARTESIAN_POINT('',(-1.278583465275,2.063308847696));
#2820 = CARTESIAN_POINT('',(-1.270902327384,2.073855337325));
#2821 = CARTESIAN_POINT('',(-1.265133924529,2.083029098401));
#2822 = CARTESIAN_POINT('',(-1.260529186778,2.091406718436));
#2823 = CARTESIAN_POINT('',(-1.256745703308,2.099236224363));
#2824 = CARTESIAN_POINT('',(-1.253588735109,2.10665452192));
#2825 = CARTESIAN_POINT('',(-1.250933846251,2.113747436118));
#2826 = CARTESIAN_POINT('',(-1.248695369902,2.120573311349));
#2827 = CARTESIAN_POINT('',(-1.246811137168,2.127174095137));
#2828 = CARTESIAN_POINT('',(-1.245234212204,2.133581229623));
#2829 = CARTESIAN_POINT('',(-1.243928045251,2.139819054993));
#2830 = CARTESIAN_POINT('',(-1.242863453217,2.145906907079));
#2831 = CARTESIAN_POINT('',(-1.242016646931,2.151860475945));
#2832 = CARTESIAN_POINT('',(-1.241367891757,2.157692722068));
#2833 = CARTESIAN_POINT('',(-1.240900568871,2.163414514917));
#2834 = CARTESIAN_POINT('',(-1.240600499595,2.169035090554));
#2835 = CARTESIAN_POINT('',(-1.240455447955,2.17456238733));
#2836 = CARTESIAN_POINT('',(-1.240454747262,2.18000329716));
#2837 = CARTESIAN_POINT('',(-1.240589015085,2.185363856921));
#2838 = CARTESIAN_POINT('',(-1.240849932419,2.190649396474));
#2839 = CARTESIAN_POINT('',(-1.241230070404,2.195864654695));
#2840 = CARTESIAN_POINT('',(-1.241722752762,2.201013871523));
#2841 = CARTESIAN_POINT('',(-1.242321945438,2.206100861778));
#2842 = CARTESIAN_POINT('',(-1.243022167214,2.21112907495));
#2843 = CARTESIAN_POINT('',(-1.243818416665,2.216101644072));
#2844 = CARTESIAN_POINT('',(-1.244706111945,2.221021426015));
#2845 = CARTESIAN_POINT('',(-1.245681040746,2.225891034997));
#2846 = CARTESIAN_POINT('',(-1.246739318381,2.230712870657));
#2847 = CARTESIAN_POINT('',(-1.247877352378,2.235489141777));
#2848 = CARTESIAN_POINT('',(-1.249091812347,2.240221886466));
#2849 = CARTESIAN_POINT('',(-1.25037960414,2.244912989471));
#2850 = CARTESIAN_POINT('',(-1.251737847511,2.249564197128));
#2851 = CARTESIAN_POINT('',(-1.253163856675,2.254177130358));
#2852 = CARTESIAN_POINT('',(-1.254655123237,2.258753296065));
#2853 = CARTESIAN_POINT('',(-1.256209301246,2.26329409711));
#2854 = CARTESIAN_POINT('',(-1.257824193436,2.267800841386));
#2855 = CARTESIAN_POINT('',(-1.259497740784,2.272274749017));
#2856 = CARTESIAN_POINT('',(-1.261228006243,2.276716962115));
#2857 = CARTESIAN_POINT('',(-1.263013185739,2.281128541179));
#2858 = CARTESIAN_POINT('',(-1.264851522526,2.285510507961));
#2859 = CARTESIAN_POINT('',(-1.2667415856,2.289863712434));
#2860 = CARTESIAN_POINT('',(-1.268681195706,2.294189352447));
#2861 = CARTESIAN_POINT('',(-1.270671393566,2.298487059347));
#2862 = CARTESIAN_POINT('',(-1.272701717885,2.302762260794));
#2863 = CARTESIAN_POINT('',(-1.274806477403,2.307001588901));
#2864 = CARTESIAN_POINT('',(-1.276783940909,2.311306709622));
#2865 = CARTESIAN_POINT('',(-1.278675073633,2.315658357474));
#2866 = CARTESIAN_POINT('',(-1.28049346649,2.320050120242));
#2867 = CARTESIAN_POINT('',(-1.282248865515,2.324476503364));
#2868 = CARTESIAN_POINT('',(-1.283947436642,2.328934065629));
#2869 = CARTESIAN_POINT('',(-1.285593866712,2.333420165732));
#2870 = CARTESIAN_POINT('',(-1.287191744747,2.337932774391));
#2871 = CARTESIAN_POINT('',(-1.288743960879,2.342470247318));
#2872 = CARTESIAN_POINT('',(-1.29025289308,2.347031223658));
#2873 = CARTESIAN_POINT('',(-1.291720542205,2.351614550875));
#2874 = CARTESIAN_POINT('',(-1.29314861897,2.356219236784));
#2875 = CARTESIAN_POINT('',(-1.294538606226,2.360844415108));
#2876 = CARTESIAN_POINT('',(-1.295891803809,2.365489320686));
#2877 = CARTESIAN_POINT('',(-1.297209362067,2.370153270949));
#2878 = CARTESIAN_POINT('',(-1.298492307382,2.374835651807));
#2879 = CARTESIAN_POINT('',(-1.299741562031,2.379535906681));
#2880 = CARTESIAN_POINT('',(-1.300957959873,2.384253527825));
#2881 = CARTESIAN_POINT('',(-1.302142258937,2.388988049374));
#2882 = CARTESIAN_POINT('',(-1.303295151658,2.393739041687));
#2883 = CARTESIAN_POINT('',(-1.304417273281,2.398506106697));
#2884 = CARTESIAN_POINT('',(-1.305509208851,2.403288874057));
#2885 = CARTESIAN_POINT('',(-1.306571499066,2.4080869979));
#2886 = CARTESIAN_POINT('',(-1.307604645229,2.4129001541));
#2887 = CARTESIAN_POINT('',(-1.308609113465,2.41772803795));
#2888 = CARTESIAN_POINT('',(-1.309585338334,2.422570362155));
#2889 = CARTESIAN_POINT('',(-1.310533725961,2.427426855112));
#2890 = CARTESIAN_POINT('',(-1.311454656739,2.432297259411));
#2891 = CARTESIAN_POINT('',(-1.312348487698,2.437181330526));
#2892 = CARTESIAN_POINT('',(-1.313215554586,2.442078835668));
#2893 = CARTESIAN_POINT('',(-1.314056173692,2.446989552774));
#2894 = CARTESIAN_POINT('',(-1.31487064347,2.451913269615));
#2895 = CARTESIAN_POINT('',(-1.31565924598,2.456849782994));
#2896 = CARTESIAN_POINT('',(-1.316422248171,2.46179889804));
#2897 = CARTESIAN_POINT('',(-1.317159903032,2.466760427574));
#2898 = CARTESIAN_POINT('',(-1.317872450625,2.471734191534));
#2899 = CARTESIAN_POINT('',(-1.318560119017,2.476720016463));
#2900 = CARTESIAN_POINT('',(-1.319223125122,2.481717735045));
#2901 = CARTESIAN_POINT('',(-1.319861675463,2.486727185682));
#2902 = CARTESIAN_POINT('',(-1.320475966865,2.49174821211));
#2903 = CARTESIAN_POINT('',(-1.321066187087,2.496780663052));
#2904 = CARTESIAN_POINT('',(-1.321632515401,2.501824391902));
#2905 = CARTESIAN_POINT('',(-1.322175123114,2.506879256428));
#2906 = CARTESIAN_POINT('',(-1.322694174059,2.511945118507));
#2907 = CARTESIAN_POINT('',(-1.323189825034,2.517021843883));
#2908 = CARTESIAN_POINT('',(-1.323662226215,2.522109301936));
#2909 = CARTESIAN_POINT('',(-1.324111521533,2.527207365475));
#2910 = CARTESIAN_POINT('',(-1.324537849022,2.532315910546));
#2911 = CARTESIAN_POINT('',(-1.324941341146,2.537434816253));
#2912 = CARTESIAN_POINT('',(-1.325322125092,2.542563964594));
#2913 = CARTESIAN_POINT('',(-1.325680323057,2.547703240303));
#2914 = CARTESIAN_POINT('',(-1.326016052499,2.552852530714));
#2915 = CARTESIAN_POINT('',(-1.326329426384,2.558011725622));
#2916 = CARTESIAN_POINT('',(-1.326620553405,2.563180717161));
#2917 = CARTESIAN_POINT('',(-1.3268895382,2.568359399691));
#2918 = CARTESIAN_POINT('',(-1.327136481539,2.573547669684));
#2919 = CARTESIAN_POINT('',(-1.327361480515,2.578745425628));
#2920 = CARTESIAN_POINT('',(-1.327564628716,2.583952567929));
#2921 = CARTESIAN_POINT('',(-1.32774601638,2.589168998823));
#2922 = CARTESIAN_POINT('',(-1.327905730555,2.594394622292));
#2923 = CARTESIAN_POINT('',(-1.328043855237,2.599629343985));
#2924 = CARTESIAN_POINT('',(-1.328160471507,2.604873071145));
#2925 = CARTESIAN_POINT('',(-1.328255657656,2.610125712537));
#2926 = CARTESIAN_POINT('',(-1.328329489304,2.615387178384));
#2927 = CARTESIAN_POINT('',(-1.328382039517,2.620657380307));
#2928 = CARTESIAN_POINT('',(-1.328413378908,2.625936231261));
#2929 = CARTESIAN_POINT('',(-1.328423575742,2.631223645483));
#2930 = CARTESIAN_POINT('',(-1.32841269603,2.63651953844));
#2931 = CARTESIAN_POINT('',(-1.328380803619,2.641823826776));
#2932 = CARTESIAN_POINT('',(-1.328327960278,2.647136428268));
#2933 = CARTESIAN_POINT('',(-1.328254225783,2.652457261781));
#2934 = CARTESIAN_POINT('',(-1.32815965798,2.657786247225));
#2935 = CARTESIAN_POINT('',(-1.328044312887,2.663123305512));
#2936 = CARTESIAN_POINT('',(-1.327908244731,2.668468358524));
#2937 = CARTESIAN_POINT('',(-1.327751506036,2.673821329069));
#2938 = CARTESIAN_POINT('',(-1.327574147679,2.679182140852));
#2939 = CARTESIAN_POINT('',(-1.32737621895,2.684550718439));
#2940 = CARTESIAN_POINT('',(-1.327223062541,2.688320024819));
#2941 = CARTESIAN_POINT('',(-1.327138522096,2.690299892299));
#2942 = CARTESIAN_POINT('',(-1.327130460464,2.690487825824));
#2943 = ( GEOMETRIC_REPRESENTATION_CONTEXT(2) 
PARAMETRIC_REPRESENTATION_CONTEXT() REPRESENTATION_CONTEXT('2D SPACE',''
  ) );
#2944 = PCURVE('',#2665,#2945);
#2945 = DEFINITIONAL_REPRESENTATION('',(#2946),#3074);
#2946 = B_SPLINE_CURVE_WITH_KNOTS('',3,(#2947,#2948,#2949,#2950,#2951,
    #2952,#2953,#2954,#2955,#2956,#2957,#2958,#2959,#2960,#2961,#2962,
    #2963,#2964,#2965,#2966,#2967,#2968,#2969,#2970,#2971,#2972,#2973,
    #2974,#2975,#2976,#2977,#2978,#2979,#2980,#2981,#2982,#2983,#2984,
    #2985,#2986,#2987,#2988,#2989,#2990,#2991,#2992,#2993,#2994,#2995,
    #2996,#2997,#2998,#2999,#3000,#3001,#3002,#3003,#3004,#3005,#3006,
    #3007,#3008,#3009,#3010,#3011,#3012,#3013,#3014,#3015,#3016,#3017,
    #3018,#3019,#3020,#3021,#3022,#3023,#3024,#3025,#3026,#3027,#3028,
    #3029,#3030,#3031,#3032,#3033,#3034,#3035,#3036,#3037,#3038,#3039,
    #3040,#3041,#3042,#3043,#3044,#3045,#3046,#3047,#3048,#3049,#3050,
    #3051,#3052,#3053,#3054,#3055,#3056,#3057,#3058,#3059,#3060,#3061,
    #3062,#3063,#3064,#3065,#3066,#3067,#3068,#3069,#3070,#3071,#3072,
    #3073),.UNSPECIFIED.,.F.,.F.,(4,1,1,1,1,1,1,1,1,1,1,1,1,1,1,1,1,1,1,
    1,1,1,1,1,1,1,1,1,1,1,1,1,1,1,1,1,1,1,1,1,1,1,1,1,1,1,1,1,1,1,1,1,1,
    1,1,1,1,1,1,1,1,1,1,1,1,1,1,1,1,1,1,1,1,1,1,1,1,1,1,1,1,1,1,1,1,1,1,
    1,1,1,1,1,1,1,1,1,1,1,1,1,1,1,1,1,1,1,1,1,1,1,1,1,1,1,1,1,1,1,1,1,1,
    1,1,1,4),(0.,3.825348486101E-02,5.430853348674E-02,
    6.675617629157E-02,7.735884378815E-02,8.679755798888E-02,
    9.542083346997E-02,0.103435317105,0.110975441185,0.118134466631,
    0.124980232214,0.131563916605,0.137925263337,0.144095870271,
    0.150101352936,0.155962819326,0.16169790603,0.167321525098,
    0.172846414439,0.178283551377,0.18364246875,0.188931500289,
    0.194157973749,0.199328364902,0.20444842177,0.209523265982,
    0.214557476318,0.219555158251,0.224520002363,0.229455333832,
    0.234364154694,0.239249180184,0.244112870201,0.248957456702,
    0.253784967687,0.258597248282,0.263395979354,0.268182693996,
    0.272958792175,0.27772555377,0.282484150212,0.287235654883,
    0.291981052431,0.296721247119,0.301457070315,0.306189287223,
    0.310919293077,0.315655371856,0.320399980632,0.32515309033,
    0.329914691623,0.33468478033,0.339463354215,0.344250411941,
    0.349045952647,0.353849975744,0.358662480811,0.363483467539,
    0.368312935692,0.373150885086,0.377997315577,0.382852227048,
    0.387715619403,0.392587492562,0.397467846459,0.402356681039,
    0.407253996253,0.41215979206,0.417074068425,0.421996825315,
    0.426928062704,0.431867780568,0.436815978885,0.441772657636,
    0.446737816804,0.451711456374,0.456693576332,0.461684176666,
    0.466683257364,0.471690818415,0.476706859811,0.481731381543,
    0.486764383603,0.491805865984,0.496855828678,0.50191427168,
    0.506981194984,0.512056598584,0.517140482477,0.522232846656,
    0.527333691118,0.532443015859,0.537560820874,0.542687106161,
    0.547821871717,0.552965117537,0.55811684362,0.563277049962,
    0.56844573656,0.573622903413,0.578808550518,0.584002677873,
    0.589205285476,0.594416373325,0.599635941417,0.604863989752,
    0.610100518327,0.615345527141,0.620599016193,0.62586098548,
    0.631131435002,0.636410364758,0.641697774745,0.646993664963,
    0.652298035411,0.657610886087,0.66293221699,0.668262028121,
    0.673600319476,0.678947091057,0.684302342861,0.689666074887,
    0.695038287136,0.700418979606,0.700983298363),.UNSPECIFIED.);
#2947 = CARTESIAN_POINT('',(7.972166388195,11.317965562764));
#2948 = CARTESIAN_POINT('',(7.96519597393,11.30721266319));
#2949 = CARTESIAN_POINT('',(7.953522861757,11.293187104496));
#2950 = CARTESIAN_POINT('',(7.936691152304,11.278583515275));
#2951 = CARTESIAN_POINT('',(7.926144662675,11.270902377384));
#2952 = CARTESIAN_POINT('',(7.916970901599,11.265133974529));
#2953 = CARTESIAN_POINT('',(7.908593281564,11.260529236778));
#2954 = CARTESIAN_POINT('',(7.900763775637,11.256745753308));
#2955 = CARTESIAN_POINT('',(7.89334547808,11.253588785109));
#2956 = CARTESIAN_POINT('',(7.886252563882,11.250933896251));
#2957 = CARTESIAN_POINT('',(7.879426688651,11.248695419902));
#2958 = CARTESIAN_POINT('',(7.872825904863,11.246811187168));
#2959 = CARTESIAN_POINT('',(7.866418770377,11.245234262204));
#2960 = CARTESIAN_POINT('',(7.860180945007,11.243928095251));
#2961 = CARTESIAN_POINT('',(7.854093092921,11.242863503217));
#2962 = CARTESIAN_POINT('',(7.848139524055,11.242016696931));
#2963 = CARTESIAN_POINT('',(7.842307277932,11.241367941757));
#2964 = CARTESIAN_POINT('',(7.836585485083,11.240900618871));
#2965 = CARTESIAN_POINT('',(7.830964909446,11.240600549595));
#2966 = CARTESIAN_POINT('',(7.82543761267,11.240455497955));
#2967 = CARTESIAN_POINT('',(7.81999670284,11.240454797262));
#2968 = CARTESIAN_POINT('',(7.814636143079,11.240589065085));
#2969 = CARTESIAN_POINT('',(7.809350603526,11.240849982419));
#2970 = CARTESIAN_POINT('',(7.804135345305,11.241230120404));
#2971 = CARTESIAN_POINT('',(7.798986128477,11.241722802762));
#2972 = CARTESIAN_POINT('',(7.793899138222,11.242321995438));
#2973 = CARTESIAN_POINT('',(7.78887092505,11.243022217214));
#2974 = CARTESIAN_POINT('',(7.783898355928,11.243818466665));
#2975 = CARTESIAN_POINT('',(7.778978573985,11.244706161945));
#2976 = CARTESIAN_POINT('',(7.774108965003,11.245681090746));
#2977 = CARTESIAN_POINT('',(7.769287129343,11.246739368381));
#2978 = CARTESIAN_POINT('',(7.764510858223,11.247877402378));
#2979 = CARTESIAN_POINT('',(7.759778113534,11.249091862347));
#2980 = CARTESIAN_POINT('',(7.755087010529,11.25037965414));
#2981 = CARTESIAN_POINT('',(7.750435802872,11.251737897511));
#2982 = CARTESIAN_POINT('',(7.745822869642,11.253163906675));
#2983 = CARTESIAN_POINT('',(7.741246703935,11.254655173237));
#2984 = CARTESIAN_POINT('',(7.73670590289,11.256209351246));
#2985 = CARTESIAN_POINT('',(7.732199158614,11.257824243436));
#2986 = CARTESIAN_POINT('',(7.727725250983,11.259497790784));
#2987 = CARTESIAN_POINT('',(7.723283037885,11.261228056243));
#2988 = CARTESIAN_POINT('',(7.718871458821,11.263013235739));
#2989 = CARTESIAN_POINT('',(7.714489492039,11.264851572526));
#2990 = CARTESIAN_POINT('',(7.710136287566,11.2667416356));
#2991 = CARTESIAN_POINT('',(7.705810647553,11.268681245706));
#2992 = CARTESIAN_POINT('',(7.701512940653,11.270671443566));
#2993 = CARTESIAN_POINT('',(7.697237739206,11.272701767885));
#2994 = CARTESIAN_POINT('',(7.692998411099,11.274806527403));
#2995 = CARTESIAN_POINT('',(7.688693290378,11.276783990909));
#2996 = CARTESIAN_POINT('',(7.684341642526,11.278675123633));
#2997 = CARTESIAN_POINT('',(7.679949879758,11.28049351649));
#2998 = CARTESIAN_POINT('',(7.675523496636,11.282248915515));
#2999 = CARTESIAN_POINT('',(7.671065934371,11.283947486642));
#3000 = CARTESIAN_POINT('',(7.666579834268,11.285593916712));
#3001 = CARTESIAN_POINT('',(7.662067225609,11.287191794747));
#3002 = CARTESIAN_POINT('',(7.657529752682,11.288744010879));
#3003 = CARTESIAN_POINT('',(7.652968776342,11.29025294308));
#3004 = CARTESIAN_POINT('',(7.648385449125,11.291720592205));
#3005 = CARTESIAN_POINT('',(7.643780763216,11.29314866897));
#3006 = CARTESIAN_POINT('',(7.639155584892,11.294538656226));
#3007 = CARTESIAN_POINT('',(7.634510679314,11.295891853809));
#3008 = CARTESIAN_POINT('',(7.629846729051,11.297209412067));
#3009 = CARTESIAN_POINT('',(7.625164348193,11.298492357382));
#3010 = CARTESIAN_POINT('',(7.620464093319,11.299741612031));
#3011 = CARTESIAN_POINT('',(7.615746472175,11.300958009873));
#3012 = CARTESIAN_POINT('',(7.611011950626,11.302142308937));
#3013 = CARTESIAN_POINT('',(7.606260958313,11.303295201658));
#3014 = CARTESIAN_POINT('',(7.601493893303,11.304417323281));
#3015 = CARTESIAN_POINT('',(7.596711125943,11.305509258851));
#3016 = CARTESIAN_POINT('',(7.5919130021,11.306571549066));
#3017 = CARTESIAN_POINT('',(7.5870998459,11.307604695229));
#3018 = CARTESIAN_POINT('',(7.58227196205,11.308609163465));
#3019 = CARTESIAN_POINT('',(7.577429637845,11.309585388334));
#3020 = CARTESIAN_POINT('',(7.572573144888,11.310533775961));
#3021 = CARTESIAN_POINT('',(7.567702740589,11.311454706739));
#3022 = CARTESIAN_POINT('',(7.562818669474,11.312348537698));
#3023 = CARTESIAN_POINT('',(7.557921164332,11.313215604586));
#3024 = CARTESIAN_POINT('',(7.553010447226,11.314056223692));
#3025 = CARTESIAN_POINT('',(7.548086730385,11.31487069347));
#3026 = CARTESIAN_POINT('',(7.543150217006,11.31565929598));
#3027 = CARTESIAN_POINT('',(7.53820110196,11.316422298171));
#3028 = CARTESIAN_POINT('',(7.533239572426,11.317159953032));
#3029 = CARTESIAN_POINT('',(7.528265808466,11.317872500625));
#3030 = CARTESIAN_POINT('',(7.523279983537,11.318560169017));
#3031 = CARTESIAN_POINT('',(7.518282264955,11.319223175122));
#3032 = CARTESIAN_POINT('',(7.513272814318,11.319861725463));
#3033 = CARTESIAN_POINT('',(7.50825178789,11.320476016865));
#3034 = CARTESIAN_POINT('',(7.503219336948,11.321066237087));
#3035 = CARTESIAN_POINT('',(7.498175608098,11.321632565401));
#3036 = CARTESIAN_POINT('',(7.493120743572,11.322175173114));
#3037 = CARTESIAN_POINT('',(7.488054881493,11.322694224059));
#3038 = CARTESIAN_POINT('',(7.482978156117,11.323189875034));
#3039 = CARTESIAN_POINT('',(7.477890698064,11.323662276215));
#3040 = CARTESIAN_POINT('',(7.472792634525,11.324111571533));
#3041 = CARTESIAN_POINT('',(7.467684089454,11.324537899022));
#3042 = CARTESIAN_POINT('',(7.462565183747,11.324941391146));
#3043 = CARTESIAN_POINT('',(7.457436035406,11.325322175092));
#3044 = CARTESIAN_POINT('',(7.452296759697,11.325680373057));
#3045 = CARTESIAN_POINT('',(7.447147469286,11.326016102499));
#3046 = CARTESIAN_POINT('',(7.441988274378,11.326329476384));
#3047 = CARTESIAN_POINT('',(7.436819282839,11.326620603405));
#3048 = CARTESIAN_POINT('',(7.431640600309,11.3268895882));
#3049 = CARTESIAN_POINT('',(7.426452330316,11.327136531539));
#3050 = CARTESIAN_POINT('',(7.421254574372,11.327361530515));
#3051 = CARTESIAN_POINT('',(7.416047432071,11.327564678716));
#3052 = CARTESIAN_POINT('',(7.410831001177,11.32774606638));
#3053 = CARTESIAN_POINT('',(7.405605377708,11.327905780555));
#3054 = CARTESIAN_POINT('',(7.400370656015,11.328043905237));
#3055 = CARTESIAN_POINT('',(7.395126928855,11.328160521507));
#3056 = CARTESIAN_POINT('',(7.389874287463,11.328255707656));
#3057 = CARTESIAN_POINT('',(7.384612821616,11.328329539304));
#3058 = CARTESIAN_POINT('',(7.379342619693,11.328382089517));
#3059 = CARTESIAN_POINT('',(7.374063768739,11.328413428908));
#3060 = CARTESIAN_POINT('',(7.368776354517,11.328423625742));
#3061 = CARTESIAN_POINT('',(7.36348046156,11.32841274603));
#3062 = CARTESIAN_POINT('',(7.358176173224,11.328380853619));
#3063 = CARTESIAN_POINT('',(7.352863571732,11.328328010278));
#3064 = CARTESIAN_POINT('',(7.347542738219,11.328254275783));
#3065 = CARTESIAN_POINT('',(7.342213752775,11.32815970798));
#3066 = CARTESIAN_POINT('',(7.336876694488,11.328044362887));
#3067 = CARTESIAN_POINT('',(7.331531641476,11.327908294731));
#3068 = CARTESIAN_POINT('',(7.326178670931,11.327751556036));
#3069 = CARTESIAN_POINT('',(7.320817859148,11.327574197679));
#3070 = CARTESIAN_POINT('',(7.315449281561,11.32737626895));
#3071 = CARTESIAN_POINT('',(7.311679975181,11.327223112541));
#3072 = CARTESIAN_POINT('',(7.309700107701,11.327138572096));
#3073 = CARTESIAN_POINT('',(7.309512174176,11.327130510464));
#3074 = ( GEOMETRIC_REPRESENTATION_CONTEXT(2) 
PARAMETRIC_REPRESENTATION_CONTEXT() REPRESENTATION_CONTEXT('2D SPACE',''
  ) );
#3075 = ORIENTED_EDGE('',*,*,#3076,.F.);
#3076 = EDGE_CURVE('',#3077,#2682,#3079,.T.);
#3077 = VERTEX_POINT('',#3078);
#3078 = CARTESIAN_POINT('',(-2.003582684218,1.356965737889,-4.5000001757
    ));
#3079 = SURFACE_CURVE('',#3080,(#3084,#3091),.PCURVE_S1.);
#3080 = LINE('',#3081,#3082);
#3081 = CARTESIAN_POINT('',(-1.923881850206,1.476246465346,-4.5));
#3082 = VECTOR('',#3083,1.);
#3083 = DIRECTION('',(-0.55557023302,-0.831469612303,0.));
#3084 = PCURVE('',#156,#3085);
#3085 = DEFINITIONAL_REPRESENTATION('',(#3086),#3090);
#3086 = LINE('',#3087,#3088);
#3087 = CARTESIAN_POINT('',(-1.476246415346,1.923881850206));
#3088 = VECTOR('',#3089,1.);
#3089 = DIRECTION('',(0.831469612303,0.55557023302));
#3090 = ( GEOMETRIC_REPRESENTATION_CONTEXT(2) 
PARAMETRIC_REPRESENTATION_CONTEXT() REPRESENTATION_CONTEXT('2D SPACE',''
  ) );
#3091 = PCURVE('',#3092,#3097);
#3092 = PLANE('',#3093);
#3093 = AXIS2_PLACEMENT_3D('',#3094,#3095,#3096);
#3094 = CARTESIAN_POINT('',(-1.923881850206,1.476246465346,-4.5));
#3095 = DIRECTION('',(0.831469612303,-0.55557023302,0.));
#3096 = DIRECTION('',(-0.55557023302,-0.831469612303,0.));
#3097 = DEFINITIONAL_REPRESENTATION('',(#3098),#3102);
#3098 = LINE('',#3099,#3100);
#3099 = CARTESIAN_POINT('',(0.,0.));
#3100 = VECTOR('',#3101,1.);
#3101 = DIRECTION('',(1.,0.));
#3102 = ( GEOMETRIC_REPRESENTATION_CONTEXT(2) 
PARAMETRIC_REPRESENTATION_CONTEXT() REPRESENTATION_CONTEXT('2D SPACE',''
  ) );
#3103 = ORIENTED_EDGE('',*,*,#3104,.T.);
#3104 = EDGE_CURVE('',#3077,#3105,#3107,.T.);
#3105 = VERTEX_POINT('',#3106);
#3106 = CARTESIAN_POINT('',(-2.284969154656,1.943943455122,-4.5000003514
    ));
#3107 = SURFACE_CURVE('',#3108,(#3236,#3367),.PCURVE_S1.);
#3108 = B_SPLINE_CURVE_WITH_KNOTS('',3,(#3109,#3110,#3111,#3112,#3113,
    #3114,#3115,#3116,#3117,#3118,#3119,#3120,#3121,#3122,#3123,#3124,
    #3125,#3126,#3127,#3128,#3129,#3130,#3131,#3132,#3133,#3134,#3135,
    #3136,#3137,#3138,#3139,#3140,#3141,#3142,#3143,#3144,#3145,#3146,
    #3147,#3148,#3149,#3150,#3151,#3152,#3153,#3154,#3155,#3156,#3157,
    #3158,#3159,#3160,#3161,#3162,#3163,#3164,#3165,#3166,#3167,#3168,
    #3169,#3170,#3171,#3172,#3173,#3174,#3175,#3176,#3177,#3178,#3179,
    #3180,#3181,#3182,#3183,#3184,#3185,#3186,#3187,#3188,#3189,#3190,
    #3191,#3192,#3193,#3194,#3195,#3196,#3197,#3198,#3199,#3200,#3201,
    #3202,#3203,#3204,#3205,#3206,#3207,#3208,#3209,#3210,#3211,#3212,
    #3213,#3214,#3215,#3216,#3217,#3218,#3219,#3220,#3221,#3222,#3223,
    #3224,#3225,#3226,#3227,#3228,#3229,#3230,#3231,#3232,#3233,#3234,
    #3235),.UNSPECIFIED.,.F.,.F.,(4,1,1,1,1,1,1,1,1,1,1,1,1,1,1,1,1,1,1,
    1,1,1,1,1,1,1,1,1,1,1,1,1,1,1,1,1,1,1,1,1,1,1,1,1,1,1,1,1,1,1,1,1,1,
    1,1,1,1,1,1,1,1,1,1,1,1,1,1,1,1,1,1,1,1,1,1,1,1,1,1,1,1,1,1,1,1,1,1,
    1,1,1,1,1,1,1,1,1,1,1,1,1,1,1,1,1,1,1,1,1,1,1,1,1,1,1,1,1,1,1,1,1,1,
    1,1,1,4),(0.,3.825348486101E-02,5.430853348674E-02,
    6.675617629157E-02,7.735884378815E-02,8.679755798888E-02,
    9.542083346997E-02,0.103435317105,0.110975441185,0.118134466631,
    0.124980232214,0.131563916605,0.137925263337,0.144095870271,
    0.150101352936,0.155962819326,0.16169790603,0.167321525098,
    0.172846414439,0.178283551377,0.18364246875,0.188931500289,
    0.194157973749,0.199328364902,0.20444842177,0.209523265982,
    0.214557476318,0.219555158251,0.224520002363,0.229455333832,
    0.234364154694,0.239249180184,0.244112870201,0.248957456702,
    0.253784967687,0.258597248282,0.263395979354,0.268182693996,
    0.272958792175,0.27772555377,0.282484150212,0.287235654883,
    0.291981052431,0.296721247119,0.301457070315,0.306189287223,
    0.310919293077,0.315655371856,0.320399980632,0.32515309033,
    0.329914691623,0.33468478033,0.339463354215,0.344250411941,
    0.349045952647,0.353849975744,0.358662480811,0.363483467539,
    0.368312935692,0.373150885086,0.377997315577,0.382852227048,
    0.387715619403,0.392587492562,0.397467846459,0.402356681039,
    0.407253996253,0.41215979206,0.417074068425,0.421996825315,
    0.426928062704,0.431867780568,0.436815978885,0.441772657636,
    0.446737816804,0.451711456374,0.456693576332,0.461684176666,
    0.466683257364,0.471690818415,0.476706859811,0.481731381543,
    0.486764383603,0.491805865984,0.496855828678,0.50191427168,
    0.506981194984,0.512056598584,0.517140482477,0.522232846656,
    0.527333691118,0.532443015859,0.537560820874,0.542687106161,
    0.547821871717,0.552965117537,0.55811684362,0.563277049962,
    0.56844573656,0.573622903413,0.578808550518,0.584002677873,
    0.589205285476,0.594416373325,0.599635941417,0.604863989752,
    0.610100518327,0.615345527141,0.620599016193,0.62586098548,
    0.631131435002,0.636410364758,0.641697774745,0.646993664963,
    0.652298035411,0.657610886087,0.66293221699,0.668262028121,
    0.673600319476,0.678947091057,0.684302342861,0.689666074887,
    0.695038287136,0.700418979606,0.700983298373),.UNSPECIFIED.);
#3109 = CARTESIAN_POINT('',(-2.013863139033,1.339215307994,-4.5000003514
    ));
#3110 = CARTESIAN_POINT('',(-2.006754489404,1.349877325848,-4.5000003514
    ));
#3111 = CARTESIAN_POINT('',(-1.998505579422,1.36615409852,-4.5000003514)
  );
#3112 = CARTESIAN_POINT('',(-1.991770989655,1.38739595724,-4.5000003514)
  );
#3113 = CARTESIAN_POINT('',(-1.988900066621,1.400123334179,-4.5000003514
    ));
#3114 = CARTESIAN_POINT('',(-1.987240981195,1.410832199634,-4.5000003514
    ));
#3115 = CARTESIAN_POINT('',(-1.986334609634,1.420348849138,-4.5000003514
    ));
#3116 = CARTESIAN_POINT('',(-1.985964919464,1.429036728016,-4.5000003514
    ));
#3117 = CARTESIAN_POINT('',(-1.986007399826,1.437098724188,-4.5000003514
    ));
#3118 = CARTESIAN_POINT('',(-1.986381833211,1.444662960191,-4.5000003514
    ));
#3119 = CARTESIAN_POINT('',(-1.987032700788,1.451816960501,-4.5000003514
    ));
#3120 = CARTESIAN_POINT('',(-1.987919556315,1.458623881015,-4.5000003514
    ));
#3121 = CARTESIAN_POINT('',(-1.989011773931,1.465131194235,-4.5000003514
    ));
#3122 = CARTESIAN_POINT('',(-1.990285447517,1.471375735295,-4.5000003514
    ));
#3123 = CARTESIAN_POINT('',(-1.991721450207,1.477386824672,-4.5000003514
    ));
#3124 = CARTESIAN_POINT('',(-1.993304161855,1.483188297499,-4.5000003514
    ));
#3125 = CARTESIAN_POINT('',(-1.995020602571,1.488799875654,-4.5000003514
    ));
#3126 = CARTESIAN_POINT('',(-1.996859824071,1.494238126141,-4.5000003514
    ));
#3127 = CARTESIAN_POINT('',(-1.998812470765,1.499517149057,-4.5000003514
    ));
#3128 = CARTESIAN_POINT('',(-2.000870456154,1.504649082978,-4.5000003514
    ));
#3129 = CARTESIAN_POINT('',(-2.003026719617,1.509644483677,-4.5000003514
    ));
#3130 = CARTESIAN_POINT('',(-2.005275040611,1.514512612836,-4.5000003514
    ));
#3131 = CARTESIAN_POINT('',(-2.007609894611,1.51926166148,-4.5000003514)
  );
#3132 = CARTESIAN_POINT('',(-2.010026340025,1.523898925195,-4.5000003514
    ));
#3133 = CARTESIAN_POINT('',(-2.012519928392,1.528430943167,-4.5000003514
    ));
#3134 = CARTESIAN_POINT('',(-2.015086632328,1.532863609704,-4.5000003514
    ));
#3135 = CARTESIAN_POINT('',(-2.017722787165,1.537202264554,-4.5000003514
    ));
#3136 = CARTESIAN_POINT('',(-2.020425043265,1.54145176674,-4.5000003514)
  );
#3137 = CARTESIAN_POINT('',(-2.023190326715,1.545616555417,-4.5000003514
    ));
#3138 = CARTESIAN_POINT('',(-2.026015806673,1.54970070047,-4.5000003514)
  );
#3139 = CARTESIAN_POINT('',(-2.028898868005,1.553707944914,-4.5000003514
    ));
#3140 = CARTESIAN_POINT('',(-2.031837088195,1.557641740702,-4.5000003514
    ));
#3141 = CARTESIAN_POINT('',(-2.034828217674,1.561505279203,-4.5000003514
    ));
#3142 = CARTESIAN_POINT('',(-2.037870162965,1.565301517335,-4.5000003514
    ));
#3143 = CARTESIAN_POINT('',(-2.040960972095,1.569033200152,-4.5000003514
    ));
#3144 = CARTESIAN_POINT('',(-2.044098821905,1.572702880478,-4.5000003514
    ));
#3145 = CARTESIAN_POINT('',(-2.047282006891,1.576312936139,-4.5000003514
    ));
#3146 = CARTESIAN_POINT('',(-2.05050892944,1.579865585049,-4.5000003514)
  );
#3147 = CARTESIAN_POINT('',(-2.053778090793,1.58336289899,-4.5000003514)
  );
#3148 = CARTESIAN_POINT('',(-2.057088084313,1.586806814365,-4.5000003514
    ));
#3149 = CARTESIAN_POINT('',(-2.060437584421,1.590199147602,-4.5000003514
    ));
#3150 = CARTESIAN_POINT('',(-2.063825355264,1.593541587488,-4.5000003514
    ));
#3151 = CARTESIAN_POINT('',(-2.067250189075,1.596835768477,-4.5000003514
    ));
#3152 = CARTESIAN_POINT('',(-2.070711109047,1.600083038185,-4.5000003514
    ));
#3153 = CARTESIAN_POINT('',(-2.074206589332,1.603285360228,-4.5000003514
    ));
#3154 = CARTESIAN_POINT('',(-2.077737439239,1.60644198359,-4.5000003514)
  );
#3155 = CARTESIAN_POINT('',(-2.081296206248,1.609562038338,-4.5000003514
    ));
#3156 = CARTESIAN_POINT('',(-2.08490908875,1.612619651044,-4.5000003514)
  );
#3157 = CARTESIAN_POINT('',(-2.088431186676,1.615788128997,-4.5000003514
    ));
#3158 = CARTESIAN_POINT('',(-2.091892471576,1.619033545587,-4.5000003514
    ));
#3159 = CARTESIAN_POINT('',(-2.095302878875,1.622344626203,-4.5000003514
    ));
#3160 = CARTESIAN_POINT('',(-2.098669177915,1.625712462906,-4.5000003514
    ));
#3161 = CARTESIAN_POINT('',(-2.101995665261,1.629131452106,-4.5000003514
    ));
#3162 = CARTESIAN_POINT('',(-2.105285596676,1.632597310932,-4.5000003514
    ));
#3163 = CARTESIAN_POINT('',(-2.108541462666,1.636106753591,-4.5000003514
    ));
#3164 = CARTESIAN_POINT('',(-2.111765264733,1.639657124799,-4.5000003514
    ));
#3165 = CARTESIAN_POINT('',(-2.114958646542,1.643246232513,-4.5000003514
    ));
#3166 = CARTESIAN_POINT('',(-2.118122988118,1.646872225441,-4.5000003514
    ));
#3167 = CARTESIAN_POINT('',(-2.121259466691,1.650533514523,-4.5000003514
    ));
#3168 = CARTESIAN_POINT('',(-2.124369100203,1.654228716617,-4.5000003514
    ));
#3169 = CARTESIAN_POINT('',(-2.127452778664,1.65795661397,-4.5000003514)
  );
#3170 = CARTESIAN_POINT('',(-2.130511287584,1.661716123912,-4.5000003514
    ));
#3171 = CARTESIAN_POINT('',(-2.133545325814,1.665506275784,-4.5000003514
    ));
#3172 = CARTESIAN_POINT('',(-2.136555519421,1.669326192995,-4.5000003514
    ));
#3173 = CARTESIAN_POINT('',(-2.139542432664,1.673175078841,-4.5000003514
    ));
#3174 = CARTESIAN_POINT('',(-2.142506576784,1.677052205123,-4.5000003514
    ));
#3175 = CARTESIAN_POINT('',(-2.145448417163,1.680956902904,-4.5000003514
    ));
#3176 = CARTESIAN_POINT('',(-2.148368379196,1.684888554907,-4.5000003514
    ));
#3177 = CARTESIAN_POINT('',(-2.15126685318,1.688846589202,-4.5000003514)
  );
#3178 = CARTESIAN_POINT('',(-2.154144198401,1.692830473912,-4.5000003514
    ));
#3179 = CARTESIAN_POINT('',(-2.157000746598,1.696839712743,-4.5000003514
    ));
#3180 = CARTESIAN_POINT('',(-2.159836804912,1.700873841167,-4.5000003514
    ));
#3181 = CARTESIAN_POINT('',(-2.16265265841,1.704932423158,-4.5000003514)
  );
#3182 = CARTESIAN_POINT('',(-2.16544857227,1.70901504837,-4.5000003514)
  );
#3183 = CARTESIAN_POINT('',(-2.168224793675,1.713121329686,-4.5000003514
    ));
#3184 = CARTESIAN_POINT('',(-2.170981553469,1.717250901077,-4.5000003514
    ));
#3185 = CARTESIAN_POINT('',(-2.173719067605,1.721403415732,-4.5000003514
    ));
#3186 = CARTESIAN_POINT('',(-2.176437538429,1.725578544396,-4.5000003514
    ));
#3187 = CARTESIAN_POINT('',(-2.179137155808,1.729775973914,-4.5000003514
    ));
#3188 = CARTESIAN_POINT('',(-2.181818098141,1.733995405921,-4.5000003514
    ));
#3189 = CARTESIAN_POINT('',(-2.184480533252,1.73823655569,-4.5000003514)
  );
#3190 = CARTESIAN_POINT('',(-2.187124619202,1.742499151084,-4.5000003514
    ));
#3191 = CARTESIAN_POINT('',(-2.189750505002,1.746782931631,-4.5000003514
    ));
#3192 = CARTESIAN_POINT('',(-2.19235833127,1.751087647672,-4.5000003514)
  );
#3193 = CARTESIAN_POINT('',(-2.194948230821,1.755413059611,-4.5000003514
    ));
#3194 = CARTESIAN_POINT('',(-2.197520329194,1.759758937218,-4.5000003514
    ));
#3195 = CARTESIAN_POINT('',(-2.200074745143,1.764125059007,-4.5000003514
    ));
#3196 = CARTESIAN_POINT('',(-2.202611591073,1.768511211664,-4.5000003514
    ));
#3197 = CARTESIAN_POINT('',(-2.205130973447,1.772917189526,-4.5000003514
    ));
#3198 = CARTESIAN_POINT('',(-2.207632993156,1.777342794103,-4.5000003514
    ));
#3199 = CARTESIAN_POINT('',(-2.210117745853,1.781787833645,-4.5000003514
    ));
#3200 = CARTESIAN_POINT('',(-2.212585322266,1.786252122735,-4.5000003514
    ));
#3201 = CARTESIAN_POINT('',(-2.215035808487,1.790735481921,-4.5000003514
    ));
#3202 = CARTESIAN_POINT('',(-2.217469286233,1.795237737378,-4.5000003514
    ));
#3203 = CARTESIAN_POINT('',(-2.219885833089,1.799758720585,-4.5000003514
    ));
#3204 = CARTESIAN_POINT('',(-2.222285522741,1.804298268042,-4.5000003514
    ));
#3205 = CARTESIAN_POINT('',(-2.224668425176,1.808856220992,-4.5000003514
    ));
#3206 = CARTESIAN_POINT('',(-2.227034606884,1.813432425175,-4.5000003514
    ));
#3207 = CARTESIAN_POINT('',(-2.229384131038,1.81802673059,-4.5000003514)
  );
#3208 = CARTESIAN_POINT('',(-2.231717057658,1.82263899128,-4.5000003514)
  );
#3209 = CARTESIAN_POINT('',(-2.234033443773,1.827269065128,-4.5000003514
    ));
#3210 = CARTESIAN_POINT('',(-2.236333343568,1.831916813669,-4.5000003514
    ));
#3211 = CARTESIAN_POINT('',(-2.238616808517,1.836582101909,-4.5000003514
    ));
#3212 = CARTESIAN_POINT('',(-2.240883887516,1.841264798162,-4.5000003514
    ));
#3213 = CARTESIAN_POINT('',(-2.243134627002,1.845964773897,-4.5000003514
    ));
#3214 = CARTESIAN_POINT('',(-2.245369071065,1.850681903584,-4.5000003514
    ));
#3215 = CARTESIAN_POINT('',(-2.247587261557,1.855416064565,-4.5000003514
    ));
#3216 = CARTESIAN_POINT('',(-2.24978923819,1.860167136922,-4.5000003514)
  );
#3217 = CARTESIAN_POINT('',(-2.251975038628,1.864935003355,-4.5000003514
    ));
#3218 = CARTESIAN_POINT('',(-2.254144698582,1.869719549068,-4.5000003514
    ));
#3219 = CARTESIAN_POINT('',(-2.256298251886,1.874520661662,-4.5000003514
    ));
#3220 = CARTESIAN_POINT('',(-2.258435730584,1.879338231034,-4.5000003514
    ));
#3221 = CARTESIAN_POINT('',(-2.260557164997,1.884172149277,-4.5000003514
    ));
#3222 = CARTESIAN_POINT('',(-2.262662583797,1.889022310595,-4.5000003514
    ));
#3223 = CARTESIAN_POINT('',(-2.264752014077,1.89388861121,-4.5000003514)
  );
#3224 = CARTESIAN_POINT('',(-2.266825481408,1.898770949288,-4.5000003514
    ));
#3225 = CARTESIAN_POINT('',(-2.268883009903,1.903669224854,-4.5000003514
    ));
#3226 = CARTESIAN_POINT('',(-2.270924622278,1.908583339725,-4.5000003514
    ));
#3227 = CARTESIAN_POINT('',(-2.272950339888,1.91351319744,-4.5000003514)
  );
#3228 = CARTESIAN_POINT('',(-2.274960182809,1.918458703187,-4.5000003514
    ));
#3229 = CARTESIAN_POINT('',(-2.276954169859,1.923419763747,-4.5000003514
    ));
#3230 = CARTESIAN_POINT('',(-2.278932318655,1.928396287434,-4.5000003514
    ));
#3231 = CARTESIAN_POINT('',(-2.280894645663,1.933388184035,-4.5000003514
    ));
#3232 = CARTESIAN_POINT('',(-2.28284116623,1.938395364757,-4.5000003514)
  );
#3233 = CARTESIAN_POINT('',(-2.284194801469,1.941916557613,-4.5000003514
    ));
#3234 = CARTESIAN_POINT('',(-2.284902054435,1.943767723618,-4.5000003514
    ));
#3235 = CARTESIAN_POINT('',(-2.284969154656,1.943943455122,-4.5000003514
    ));
#3236 = PCURVE('',#156,#3237);
#3237 = DEFINITIONAL_REPRESENTATION('',(#3238),#3366);
#3238 = B_SPLINE_CURVE_WITH_KNOTS('',3,(#3239,#3240,#3241,#3242,#3243,
    #3244,#3245,#3246,#3247,#3248,#3249,#3250,#3251,#3252,#3253,#3254,
    #3255,#3256,#3257,#3258,#3259,#3260,#3261,#3262,#3263,#3264,#3265,
    #3266,#3267,#3268,#3269,#3270,#3271,#3272,#3273,#3274,#3275,#3276,
    #3277,#3278,#3279,#3280,#3281,#3282,#3283,#3284,#3285,#3286,#3287,
    #3288,#3289,#3290,#3291,#3292,#3293,#3294,#3295,#3296,#3297,#3298,
    #3299,#3300,#3301,#3302,#3303,#3304,#3305,#3306,#3307,#3308,#3309,
    #3310,#3311,#3312,#3313,#3314,#3315,#3316,#3317,#3318,#3319,#3320,
    #3321,#3322,#3323,#3324,#3325,#3326,#3327,#3328,#3329,#3330,#3331,
    #3332,#3333,#3334,#3335,#3336,#3337,#3338,#3339,#3340,#3341,#3342,
    #3343,#3344,#3345,#3346,#3347,#3348,#3349,#3350,#3351,#3352,#3353,
    #3354,#3355,#3356,#3357,#3358,#3359,#3360,#3361,#3362,#3363,#3364,
    #3365),.UNSPECIFIED.,.F.,.F.,(4,1,1,1,1,1,1,1,1,1,1,1,1,1,1,1,1,1,1,
    1,1,1,1,1,1,1,1,1,1,1,1,1,1,1,1,1,1,1,1,1,1,1,1,1,1,1,1,1,1,1,1,1,1,
    1,1,1,1,1,1,1,1,1,1,1,1,1,1,1,1,1,1,1,1,1,1,1,1,1,1,1,1,1,1,1,1,1,1,
    1,1,1,1,1,1,1,1,1,1,1,1,1,1,1,1,1,1,1,1,1,1,1,1,1,1,1,1,1,1,1,1,1,1,
    1,1,1,4),(0.,3.825348486101E-02,5.430853348674E-02,
    6.675617629157E-02,7.735884378815E-02,8.679755798888E-02,
    9.542083346997E-02,0.103435317105,0.110975441185,0.118134466631,
    0.124980232214,0.131563916605,0.137925263337,0.144095870271,
    0.150101352936,0.155962819326,0.16169790603,0.167321525098,
    0.172846414439,0.178283551377,0.18364246875,0.188931500289,
    0.194157973749,0.199328364902,0.20444842177,0.209523265982,
    0.214557476318,0.219555158251,0.224520002363,0.229455333832,
    0.234364154694,0.239249180184,0.244112870201,0.248957456702,
    0.253784967687,0.258597248282,0.263395979354,0.268182693996,
    0.272958792175,0.27772555377,0.282484150212,0.287235654883,
    0.291981052431,0.296721247119,0.301457070315,0.306189287223,
    0.310919293077,0.315655371856,0.320399980632,0.32515309033,
    0.329914691623,0.33468478033,0.339463354215,0.344250411941,
    0.349045952647,0.353849975744,0.358662480811,0.363483467539,
    0.368312935692,0.373150885086,0.377997315577,0.382852227048,
    0.387715619403,0.392587492562,0.397467846459,0.402356681039,
    0.407253996253,0.41215979206,0.417074068425,0.421996825315,
    0.426928062704,0.431867780568,0.436815978885,0.441772657636,
    0.446737816804,0.451711456374,0.456693576332,0.461684176666,
    0.466683257364,0.471690818415,0.476706859811,0.481731381543,
    0.486764383603,0.491805865984,0.496855828678,0.50191427168,
    0.506981194984,0.512056598584,0.517140482477,0.522232846656,
    0.527333691118,0.532443015859,0.537560820874,0.542687106161,
    0.547821871717,0.552965117537,0.55811684362,0.563277049962,
    0.56844573656,0.573622903413,0.578808550518,0.584002677873,
    0.589205285476,0.594416373325,0.599635941417,0.604863989752,
    0.610100518327,0.615345527141,0.620599016193,0.62586098548,
    0.631131435002,0.636410364758,0.641697774745,0.646993664963,
    0.652298035411,0.657610886087,0.66293221699,0.668262028121,
    0.673600319476,0.678947091057,0.684302342861,0.689666074887,
    0.695038287136,0.700418979606,0.700983298373),.UNSPECIFIED.);
#3239 = CARTESIAN_POINT('',(-1.339215257994,2.013863139033));
#3240 = CARTESIAN_POINT('',(-1.349877275848,2.006754489404));
#3241 = CARTESIAN_POINT('',(-1.36615404852,1.998505579422));
#3242 = CARTESIAN_POINT('',(-1.38739590724,1.991770989655));
#3243 = CARTESIAN_POINT('',(-1.400123284179,1.988900066621));
#3244 = CARTESIAN_POINT('',(-1.410832149634,1.987240981195));
#3245 = CARTESIAN_POINT('',(-1.420348799138,1.986334609634));
#3246 = CARTESIAN_POINT('',(-1.429036678016,1.985964919464));
#3247 = CARTESIAN_POINT('',(-1.437098674188,1.986007399826));
#3248 = CARTESIAN_POINT('',(-1.444662910191,1.986381833211));
#3249 = CARTESIAN_POINT('',(-1.451816910501,1.987032700788));
#3250 = CARTESIAN_POINT('',(-1.458623831015,1.987919556315));
#3251 = CARTESIAN_POINT('',(-1.465131144235,1.989011773931));
#3252 = CARTESIAN_POINT('',(-1.471375685295,1.990285447517));
#3253 = CARTESIAN_POINT('',(-1.477386774672,1.991721450207));
#3254 = CARTESIAN_POINT('',(-1.483188247499,1.993304161855));
#3255 = CARTESIAN_POINT('',(-1.488799825654,1.995020602571));
#3256 = CARTESIAN_POINT('',(-1.494238076141,1.996859824071));
#3257 = CARTESIAN_POINT('',(-1.499517099057,1.998812470765));
#3258 = CARTESIAN_POINT('',(-1.504649032978,2.000870456154));
#3259 = CARTESIAN_POINT('',(-1.509644433677,2.003026719617));
#3260 = CARTESIAN_POINT('',(-1.514512562836,2.005275040611));
#3261 = CARTESIAN_POINT('',(-1.51926161148,2.007609894611));
#3262 = CARTESIAN_POINT('',(-1.523898875195,2.010026340025));
#3263 = CARTESIAN_POINT('',(-1.528430893167,2.012519928392));
#3264 = CARTESIAN_POINT('',(-1.532863559704,2.015086632328));
#3265 = CARTESIAN_POINT('',(-1.537202214554,2.017722787165));
#3266 = CARTESIAN_POINT('',(-1.54145171674,2.020425043265));
#3267 = CARTESIAN_POINT('',(-1.545616505417,2.023190326715));
#3268 = CARTESIAN_POINT('',(-1.54970065047,2.026015806673));
#3269 = CARTESIAN_POINT('',(-1.553707894914,2.028898868005));
#3270 = CARTESIAN_POINT('',(-1.557641690702,2.031837088195));
#3271 = CARTESIAN_POINT('',(-1.561505229203,2.034828217674));
#3272 = CARTESIAN_POINT('',(-1.565301467335,2.037870162965));
#3273 = CARTESIAN_POINT('',(-1.569033150152,2.040960972095));
#3274 = CARTESIAN_POINT('',(-1.572702830478,2.044098821905));
#3275 = CARTESIAN_POINT('',(-1.576312886139,2.047282006891));
#3276 = CARTESIAN_POINT('',(-1.579865535049,2.05050892944));
#3277 = CARTESIAN_POINT('',(-1.58336284899,2.053778090793));
#3278 = CARTESIAN_POINT('',(-1.586806764365,2.057088084313));
#3279 = CARTESIAN_POINT('',(-1.590199097602,2.060437584421));
#3280 = CARTESIAN_POINT('',(-1.593541537488,2.063825355264));
#3281 = CARTESIAN_POINT('',(-1.596835718477,2.067250189075));
#3282 = CARTESIAN_POINT('',(-1.600082988185,2.070711109047));
#3283 = CARTESIAN_POINT('',(-1.603285310228,2.074206589332));
#3284 = CARTESIAN_POINT('',(-1.60644193359,2.077737439239));
#3285 = CARTESIAN_POINT('',(-1.609561988338,2.081296206248));
#3286 = CARTESIAN_POINT('',(-1.612619601044,2.08490908875));
#3287 = CARTESIAN_POINT('',(-1.615788078997,2.088431186676));
#3288 = CARTESIAN_POINT('',(-1.619033495587,2.091892471576));
#3289 = CARTESIAN_POINT('',(-1.622344576203,2.095302878875));
#3290 = CARTESIAN_POINT('',(-1.625712412906,2.098669177915));
#3291 = CARTESIAN_POINT('',(-1.629131402106,2.101995665261));
#3292 = CARTESIAN_POINT('',(-1.632597260932,2.105285596676));
#3293 = CARTESIAN_POINT('',(-1.636106703591,2.108541462666));
#3294 = CARTESIAN_POINT('',(-1.639657074799,2.111765264733));
#3295 = CARTESIAN_POINT('',(-1.643246182513,2.114958646542));
#3296 = CARTESIAN_POINT('',(-1.646872175441,2.118122988118));
#3297 = CARTESIAN_POINT('',(-1.650533464523,2.121259466691));
#3298 = CARTESIAN_POINT('',(-1.654228666617,2.124369100203));
#3299 = CARTESIAN_POINT('',(-1.65795656397,2.127452778664));
#3300 = CARTESIAN_POINT('',(-1.661716073912,2.130511287584));
#3301 = CARTESIAN_POINT('',(-1.665506225784,2.133545325814));
#3302 = CARTESIAN_POINT('',(-1.669326142995,2.136555519421));
#3303 = CARTESIAN_POINT('',(-1.673175028841,2.139542432664));
#3304 = CARTESIAN_POINT('',(-1.677052155123,2.142506576784));
#3305 = CARTESIAN_POINT('',(-1.680956852904,2.145448417163));
#3306 = CARTESIAN_POINT('',(-1.684888504907,2.148368379196));
#3307 = CARTESIAN_POINT('',(-1.688846539202,2.15126685318));
#3308 = CARTESIAN_POINT('',(-1.692830423912,2.154144198401));
#3309 = CARTESIAN_POINT('',(-1.696839662743,2.157000746598));
#3310 = CARTESIAN_POINT('',(-1.700873791167,2.159836804912));
#3311 = CARTESIAN_POINT('',(-1.704932373158,2.16265265841));
#3312 = CARTESIAN_POINT('',(-1.70901499837,2.16544857227));
#3313 = CARTESIAN_POINT('',(-1.713121279686,2.168224793675));
#3314 = CARTESIAN_POINT('',(-1.717250851077,2.170981553469));
#3315 = CARTESIAN_POINT('',(-1.721403365732,2.173719067605));
#3316 = CARTESIAN_POINT('',(-1.725578494396,2.176437538429));
#3317 = CARTESIAN_POINT('',(-1.729775923914,2.179137155808));
#3318 = CARTESIAN_POINT('',(-1.733995355921,2.181818098141));
#3319 = CARTESIAN_POINT('',(-1.73823650569,2.184480533252));
#3320 = CARTESIAN_POINT('',(-1.742499101084,2.187124619202));
#3321 = CARTESIAN_POINT('',(-1.746782881631,2.189750505002));
#3322 = CARTESIAN_POINT('',(-1.751087597672,2.19235833127));
#3323 = CARTESIAN_POINT('',(-1.755413009611,2.194948230821));
#3324 = CARTESIAN_POINT('',(-1.759758887218,2.197520329194));
#3325 = CARTESIAN_POINT('',(-1.764125009007,2.200074745143));
#3326 = CARTESIAN_POINT('',(-1.768511161664,2.202611591073));
#3327 = CARTESIAN_POINT('',(-1.772917139526,2.205130973447));
#3328 = CARTESIAN_POINT('',(-1.777342744103,2.207632993156));
#3329 = CARTESIAN_POINT('',(-1.781787783645,2.210117745853));
#3330 = CARTESIAN_POINT('',(-1.786252072735,2.212585322266));
#3331 = CARTESIAN_POINT('',(-1.790735431921,2.215035808487));
#3332 = CARTESIAN_POINT('',(-1.795237687378,2.217469286233));
#3333 = CARTESIAN_POINT('',(-1.799758670585,2.219885833089));
#3334 = CARTESIAN_POINT('',(-1.804298218042,2.222285522741));
#3335 = CARTESIAN_POINT('',(-1.808856170992,2.224668425176));
#3336 = CARTESIAN_POINT('',(-1.813432375175,2.227034606884));
#3337 = CARTESIAN_POINT('',(-1.81802668059,2.229384131038));
#3338 = CARTESIAN_POINT('',(-1.82263894128,2.231717057658));
#3339 = CARTESIAN_POINT('',(-1.827269015128,2.234033443773));
#3340 = CARTESIAN_POINT('',(-1.831916763669,2.236333343568));
#3341 = CARTESIAN_POINT('',(-1.836582051909,2.238616808517));
#3342 = CARTESIAN_POINT('',(-1.841264748162,2.240883887516));
#3343 = CARTESIAN_POINT('',(-1.845964723897,2.243134627002));
#3344 = CARTESIAN_POINT('',(-1.850681853584,2.245369071065));
#3345 = CARTESIAN_POINT('',(-1.855416014565,2.247587261557));
#3346 = CARTESIAN_POINT('',(-1.860167086922,2.24978923819));
#3347 = CARTESIAN_POINT('',(-1.864934953355,2.251975038628));
#3348 = CARTESIAN_POINT('',(-1.869719499068,2.254144698582));
#3349 = CARTESIAN_POINT('',(-1.874520611662,2.256298251886));
#3350 = CARTESIAN_POINT('',(-1.879338181034,2.258435730584));
#3351 = CARTESIAN_POINT('',(-1.884172099277,2.260557164997));
#3352 = CARTESIAN_POINT('',(-1.889022260595,2.262662583797));
#3353 = CARTESIAN_POINT('',(-1.89388856121,2.264752014077));
#3354 = CARTESIAN_POINT('',(-1.898770899288,2.266825481408));
#3355 = CARTESIAN_POINT('',(-1.903669174854,2.268883009903));
#3356 = CARTESIAN_POINT('',(-1.908583289725,2.270924622278));
#3357 = CARTESIAN_POINT('',(-1.91351314744,2.272950339888));
#3358 = CARTESIAN_POINT('',(-1.918458653187,2.274960182809));
#3359 = CARTESIAN_POINT('',(-1.923419713747,2.276954169859));
#3360 = CARTESIAN_POINT('',(-1.928396237434,2.278932318655));
#3361 = CARTESIAN_POINT('',(-1.933388134035,2.280894645663));
#3362 = CARTESIAN_POINT('',(-1.938395314757,2.28284116623));
#3363 = CARTESIAN_POINT('',(-1.941916507613,2.284194801469));
#3364 = CARTESIAN_POINT('',(-1.943767673618,2.284902054435));
#3365 = CARTESIAN_POINT('',(-1.943943405122,2.284969154656));
#3366 = ( GEOMETRIC_REPRESENTATION_CONTEXT(2) 
PARAMETRIC_REPRESENTATION_CONTEXT() REPRESENTATION_CONTEXT('2D SPACE',''
  ) );
#3367 = PCURVE('',#3368,#3373);
#3368 = PLANE('',#3369);
#3369 = AXIS2_PLACEMENT_3D('',#3370,#3371,#3372);
#3370 = CARTESIAN_POINT('',(-10.,-10.,-4.5));
#3371 = DIRECTION('',(0.,0.,1.));
#3372 = DIRECTION('',(1.,0.,-0.));
#3373 = DEFINITIONAL_REPRESENTATION('',(#3374),#3502);
#3374 = B_SPLINE_CURVE_WITH_KNOTS('',3,(#3375,#3376,#3377,#3378,#3379,
    #3380,#3381,#3382,#3383,#3384,#3385,#3386,#3387,#3388,#3389,#3390,
    #3391,#3392,#3393,#3394,#3395,#3396,#3397,#3398,#3399,#3400,#3401,
    #3402,#3403,#3404,#3405,#3406,#3407,#3408,#3409,#3410,#3411,#3412,
    #3413,#3414,#3415,#3416,#3417,#3418,#3419,#3420,#3421,#3422,#3423,
    #3424,#3425,#3426,#3427,#3428,#3429,#3430,#3431,#3432,#3433,#3434,
    #3435,#3436,#3437,#3438,#3439,#3440,#3441,#3442,#3443,#3444,#3445,
    #3446,#3447,#3448,#3449,#3450,#3451,#3452,#3453,#3454,#3455,#3456,
    #3457,#3458,#3459,#3460,#3461,#3462,#3463,#3464,#3465,#3466,#3467,
    #3468,#3469,#3470,#3471,#3472,#3473,#3474,#3475,#3476,#3477,#3478,
    #3479,#3480,#3481,#3482,#3483,#3484,#3485,#3486,#3487,#3488,#3489,
    #3490,#3491,#3492,#3493,#3494,#3495,#3496,#3497,#3498,#3499,#3500,
    #3501),.UNSPECIFIED.,.F.,.F.,(4,1,1,1,1,1,1,1,1,1,1,1,1,1,1,1,1,1,1,
    1,1,1,1,1,1,1,1,1,1,1,1,1,1,1,1,1,1,1,1,1,1,1,1,1,1,1,1,1,1,1,1,1,1,
    1,1,1,1,1,1,1,1,1,1,1,1,1,1,1,1,1,1,1,1,1,1,1,1,1,1,1,1,1,1,1,1,1,1,
    1,1,1,1,1,1,1,1,1,1,1,1,1,1,1,1,1,1,1,1,1,1,1,1,1,1,1,1,1,1,1,1,1,1,
    1,1,1,4),(0.,3.825348486101E-02,5.430853348674E-02,
    6.675617629157E-02,7.735884378815E-02,8.679755798888E-02,
    9.542083346997E-02,0.103435317105,0.110975441185,0.118134466631,
    0.124980232214,0.131563916605,0.137925263337,0.144095870271,
    0.150101352936,0.155962819326,0.16169790603,0.167321525098,
    0.172846414439,0.178283551377,0.18364246875,0.188931500289,
    0.194157973749,0.199328364902,0.20444842177,0.209523265982,
    0.214557476318,0.219555158251,0.224520002363,0.229455333832,
    0.234364154694,0.239249180184,0.244112870201,0.248957456702,
    0.253784967687,0.258597248282,0.263395979354,0.268182693996,
    0.272958792175,0.27772555377,0.282484150212,0.287235654883,
    0.291981052431,0.296721247119,0.301457070315,0.306189287223,
    0.310919293077,0.315655371856,0.320399980632,0.32515309033,
    0.329914691623,0.33468478033,0.339463354215,0.344250411941,
    0.349045952647,0.353849975744,0.358662480811,0.363483467539,
    0.368312935692,0.373150885086,0.377997315577,0.382852227048,
    0.387715619403,0.392587492562,0.397467846459,0.402356681039,
    0.407253996253,0.41215979206,0.417074068425,0.421996825315,
    0.426928062704,0.431867780568,0.436815978885,0.441772657636,
    0.446737816804,0.451711456374,0.456693576332,0.461684176666,
    0.466683257364,0.471690818415,0.476706859811,0.481731381543,
    0.486764383603,0.491805865984,0.496855828678,0.50191427168,
    0.506981194984,0.512056598584,0.517140482477,0.522232846656,
    0.527333691118,0.532443015859,0.537560820874,0.542687106161,
    0.547821871717,0.552965117537,0.55811684362,0.563277049962,
    0.56844573656,0.573622903413,0.578808550518,0.584002677873,
    0.589205285476,0.594416373325,0.599635941417,0.604863989752,
    0.610100518327,0.615345527141,0.620599016193,0.62586098548,
    0.631131435002,0.636410364758,0.641697774745,0.646993664963,
    0.652298035411,0.657610886087,0.66293221699,0.668262028121,
    0.673600319476,0.678947091057,0.684302342861,0.689666074887,
    0.695038287136,0.700418979606,0.700983298373),.UNSPECIFIED.);
#3375 = CARTESIAN_POINT('',(7.986136860967,11.339215307994));
#3376 = CARTESIAN_POINT('',(7.993245510596,11.349877325848));
#3377 = CARTESIAN_POINT('',(8.001494420578,11.36615409852));
#3378 = CARTESIAN_POINT('',(8.008229010345,11.38739595724));
#3379 = CARTESIAN_POINT('',(8.011099933379,11.400123334179));
#3380 = CARTESIAN_POINT('',(8.012759018805,11.410832199634));
#3381 = CARTESIAN_POINT('',(8.013665390366,11.420348849138));
#3382 = CARTESIAN_POINT('',(8.014035080536,11.429036728016));
#3383 = CARTESIAN_POINT('',(8.013992600174,11.437098724188));
#3384 = CARTESIAN_POINT('',(8.013618166789,11.444662960191));
#3385 = CARTESIAN_POINT('',(8.012967299212,11.451816960501));
#3386 = CARTESIAN_POINT('',(8.012080443685,11.458623881015));
#3387 = CARTESIAN_POINT('',(8.010988226069,11.465131194235));
#3388 = CARTESIAN_POINT('',(8.009714552483,11.471375735295));
#3389 = CARTESIAN_POINT('',(8.008278549793,11.477386824672));
#3390 = CARTESIAN_POINT('',(8.006695838145,11.483188297499));
#3391 = CARTESIAN_POINT('',(8.004979397429,11.488799875654));
#3392 = CARTESIAN_POINT('',(8.003140175929,11.494238126141));
#3393 = CARTESIAN_POINT('',(8.001187529235,11.499517149057));
#3394 = CARTESIAN_POINT('',(7.999129543846,11.504649082978));
#3395 = CARTESIAN_POINT('',(7.996973280383,11.509644483677));
#3396 = CARTESIAN_POINT('',(7.994724959389,11.514512612836));
#3397 = CARTESIAN_POINT('',(7.992390105389,11.51926166148));
#3398 = CARTESIAN_POINT('',(7.989973659975,11.523898925195));
#3399 = CARTESIAN_POINT('',(7.987480071608,11.528430943167));
#3400 = CARTESIAN_POINT('',(7.984913367672,11.532863609704));
#3401 = CARTESIAN_POINT('',(7.982277212835,11.537202264554));
#3402 = CARTESIAN_POINT('',(7.979574956735,11.54145176674));
#3403 = CARTESIAN_POINT('',(7.976809673285,11.545616555417));
#3404 = CARTESIAN_POINT('',(7.973984193327,11.54970070047));
#3405 = CARTESIAN_POINT('',(7.971101131995,11.553707944914));
#3406 = CARTESIAN_POINT('',(7.968162911805,11.557641740702));
#3407 = CARTESIAN_POINT('',(7.965171782326,11.561505279203));
#3408 = CARTESIAN_POINT('',(7.962129837035,11.565301517335));
#3409 = CARTESIAN_POINT('',(7.959039027905,11.569033200152));
#3410 = CARTESIAN_POINT('',(7.955901178095,11.572702880478));
#3411 = CARTESIAN_POINT('',(7.952717993109,11.576312936139));
#3412 = CARTESIAN_POINT('',(7.94949107056,11.579865585049));
#3413 = CARTESIAN_POINT('',(7.946221909207,11.58336289899));
#3414 = CARTESIAN_POINT('',(7.942911915687,11.586806814365));
#3415 = CARTESIAN_POINT('',(7.939562415579,11.590199147602));
#3416 = CARTESIAN_POINT('',(7.936174644736,11.593541587488));
#3417 = CARTESIAN_POINT('',(7.932749810925,11.596835768477));
#3418 = CARTESIAN_POINT('',(7.929288890953,11.600083038185));
#3419 = CARTESIAN_POINT('',(7.925793410668,11.603285360228));
#3420 = CARTESIAN_POINT('',(7.922262560761,11.60644198359));
#3421 = CARTESIAN_POINT('',(7.918703793752,11.609562038338));
#3422 = CARTESIAN_POINT('',(7.91509091125,11.612619651044));
#3423 = CARTESIAN_POINT('',(7.911568813324,11.615788128997));
#3424 = CARTESIAN_POINT('',(7.908107528424,11.619033545587));
#3425 = CARTESIAN_POINT('',(7.904697121125,11.622344626203));
#3426 = CARTESIAN_POINT('',(7.901330822085,11.625712462906));
#3427 = CARTESIAN_POINT('',(7.898004334739,11.629131452106));
#3428 = CARTESIAN_POINT('',(7.894714403324,11.632597310932));
#3429 = CARTESIAN_POINT('',(7.891458537334,11.636106753591));
#3430 = CARTESIAN_POINT('',(7.888234735267,11.639657124799));
#3431 = CARTESIAN_POINT('',(7.885041353458,11.643246232513));
#3432 = CARTESIAN_POINT('',(7.881877011882,11.646872225441));
#3433 = CARTESIAN_POINT('',(7.878740533309,11.650533514523));
#3434 = CARTESIAN_POINT('',(7.875630899797,11.654228716617));
#3435 = CARTESIAN_POINT('',(7.872547221336,11.65795661397));
#3436 = CARTESIAN_POINT('',(7.869488712416,11.661716123912));
#3437 = CARTESIAN_POINT('',(7.866454674186,11.665506275784));
#3438 = CARTESIAN_POINT('',(7.863444480579,11.669326192995));
#3439 = CARTESIAN_POINT('',(7.860457567336,11.673175078841));
#3440 = CARTESIAN_POINT('',(7.857493423216,11.677052205123));
#3441 = CARTESIAN_POINT('',(7.854551582837,11.680956902904));
#3442 = CARTESIAN_POINT('',(7.851631620804,11.684888554907));
#3443 = CARTESIAN_POINT('',(7.84873314682,11.688846589202));
#3444 = CARTESIAN_POINT('',(7.845855801599,11.692830473912));
#3445 = CARTESIAN_POINT('',(7.842999253402,11.696839712743));
#3446 = CARTESIAN_POINT('',(7.840163195088,11.700873841167));
#3447 = CARTESIAN_POINT('',(7.83734734159,11.704932423158));
#3448 = CARTESIAN_POINT('',(7.83455142773,11.70901504837));
#3449 = CARTESIAN_POINT('',(7.831775206325,11.713121329686));
#3450 = CARTESIAN_POINT('',(7.829018446531,11.717250901077));
#3451 = CARTESIAN_POINT('',(7.826280932395,11.721403415732));
#3452 = CARTESIAN_POINT('',(7.823562461571,11.725578544396));
#3453 = CARTESIAN_POINT('',(7.820862844192,11.729775973914));
#3454 = CARTESIAN_POINT('',(7.818181901859,11.733995405921));
#3455 = CARTESIAN_POINT('',(7.815519466748,11.73823655569));
#3456 = CARTESIAN_POINT('',(7.812875380798,11.742499151084));
#3457 = CARTESIAN_POINT('',(7.810249494998,11.746782931631));
#3458 = CARTESIAN_POINT('',(7.80764166873,11.751087647672));
#3459 = CARTESIAN_POINT('',(7.805051769179,11.755413059611));
#3460 = CARTESIAN_POINT('',(7.802479670806,11.759758937218));
#3461 = CARTESIAN_POINT('',(7.799925254857,11.764125059007));
#3462 = CARTESIAN_POINT('',(7.797388408927,11.768511211664));
#3463 = CARTESIAN_POINT('',(7.794869026553,11.772917189526));
#3464 = CARTESIAN_POINT('',(7.792367006844,11.777342794103));
#3465 = CARTESIAN_POINT('',(7.789882254147,11.781787833645));
#3466 = CARTESIAN_POINT('',(7.787414677734,11.786252122735));
#3467 = CARTESIAN_POINT('',(7.784964191513,11.790735481921));
#3468 = CARTESIAN_POINT('',(7.782530713767,11.795237737378));
#3469 = CARTESIAN_POINT('',(7.780114166911,11.799758720585));
#3470 = CARTESIAN_POINT('',(7.777714477259,11.804298268042));
#3471 = CARTESIAN_POINT('',(7.775331574824,11.808856220992));
#3472 = CARTESIAN_POINT('',(7.772965393116,11.813432425175));
#3473 = CARTESIAN_POINT('',(7.770615868962,11.81802673059));
#3474 = CARTESIAN_POINT('',(7.768282942342,11.82263899128));
#3475 = CARTESIAN_POINT('',(7.765966556227,11.827269065128));
#3476 = CARTESIAN_POINT('',(7.763666656432,11.831916813669));
#3477 = CARTESIAN_POINT('',(7.761383191483,11.836582101909));
#3478 = CARTESIAN_POINT('',(7.759116112484,11.841264798162));
#3479 = CARTESIAN_POINT('',(7.756865372998,11.845964773897));
#3480 = CARTESIAN_POINT('',(7.754630928935,11.850681903584));
#3481 = CARTESIAN_POINT('',(7.752412738443,11.855416064565));
#3482 = CARTESIAN_POINT('',(7.75021076181,11.860167136922));
#3483 = CARTESIAN_POINT('',(7.748024961372,11.864935003355));
#3484 = CARTESIAN_POINT('',(7.745855301418,11.869719549068));
#3485 = CARTESIAN_POINT('',(7.743701748114,11.874520661662));
#3486 = CARTESIAN_POINT('',(7.741564269416,11.879338231034));
#3487 = CARTESIAN_POINT('',(7.739442835003,11.884172149277));
#3488 = CARTESIAN_POINT('',(7.737337416203,11.889022310595));
#3489 = CARTESIAN_POINT('',(7.735247985923,11.89388861121));
#3490 = CARTESIAN_POINT('',(7.733174518592,11.898770949288));
#3491 = CARTESIAN_POINT('',(7.731116990097,11.903669224854));
#3492 = CARTESIAN_POINT('',(7.729075377722,11.908583339725));
#3493 = CARTESIAN_POINT('',(7.727049660112,11.91351319744));
#3494 = CARTESIAN_POINT('',(7.725039817191,11.918458703187));
#3495 = CARTESIAN_POINT('',(7.723045830141,11.923419763747));
#3496 = CARTESIAN_POINT('',(7.721067681345,11.928396287434));
#3497 = CARTESIAN_POINT('',(7.719105354337,11.933388184035));
#3498 = CARTESIAN_POINT('',(7.71715883377,11.938395364757));
#3499 = CARTESIAN_POINT('',(7.715805198531,11.941916557613));
#3500 = CARTESIAN_POINT('',(7.715097945565,11.943767723618));
#3501 = CARTESIAN_POINT('',(7.715030845344,11.943943455122));
#3502 = ( GEOMETRIC_REPRESENTATION_CONTEXT(2) 
PARAMETRIC_REPRESENTATION_CONTEXT() REPRESENTATION_CONTEXT('2D SPACE',''
  ) );
#3503 = ORIENTED_EDGE('',*,*,#3504,.T.);
#3504 = EDGE_CURVE('',#3105,#3505,#3507,.T.);
#3505 = VERTEX_POINT('',#3506);
#3506 = CARTESIAN_POINT('',(-2.221676489724,2.015974646816,-4.5000001757
    ));
#3507 = SURFACE_CURVE('',#3508,(#3513,#3520),.PCURVE_S1.);
#3508 = CIRCLE('',#3509,3.);
#3509 = AXIS2_PLACEMENT_3D('',#3510,#3511,#3512);
#3510 = CARTESIAN_POINT('',(9.037215420449E-14,4.99999084913E-08,
    -4.5000003514));
#3511 = DIRECTION('',(3.431321225571E-15,-9.104279154523E-17,-1.));
#3512 = DIRECTION('',(4.996003610813E-16,-1.,9.104279154523E-17));
#3513 = PCURVE('',#156,#3514);
#3514 = DEFINITIONAL_REPRESENTATION('',(#3515),#3519);
#3515 = CIRCLE('',#3516,3.);
#3516 = AXIS2_PLACEMENT_2D('',#3517,#3518);
#3517 = CARTESIAN_POINT('',(1.110223024625E-15,7.216449660064E-16));
#3518 = DIRECTION('',(1.,-1.657422360651E-32));
#3519 = ( GEOMETRIC_REPRESENTATION_CONTEXT(2) 
PARAMETRIC_REPRESENTATION_CONTEXT() REPRESENTATION_CONTEXT('2D SPACE',''
  ) );
#3520 = PCURVE('',#3368,#3521);
#3521 = DEFINITIONAL_REPRESENTATION('',(#3522),#3530);
#3522 = ( BOUNDED_CURVE() B_SPLINE_CURVE(2,(#3523,#3524,#3525,#3526,
#3527,#3528,#3529),.UNSPECIFIED.,.T.,.F.) B_SPLINE_CURVE_WITH_KNOTS((1,2
    ,2,2,2,1),(-2.094395102393,0.,2.094395102393,4.188790204786,
6.28318530718,8.377580409573),.UNSPECIFIED.) CURVE() 
GEOMETRIC_REPRESENTATION_ITEM() RATIONAL_B_SPLINE_CURVE((1.,0.5,1.,0.5,
1.,0.5,1.)) REPRESENTATION_ITEM('') );
#3523 = CARTESIAN_POINT('',(10.,7.00000005));
#3524 = CARTESIAN_POINT('',(4.803847577293,7.00000005));
#3525 = CARTESIAN_POINT('',(7.401923788647,11.50000005));
#3526 = CARTESIAN_POINT('',(10.,16.00000005));
#3527 = CARTESIAN_POINT('',(12.598076211353,11.50000005));
#3528 = CARTESIAN_POINT('',(15.196152422707,7.00000005));
#3529 = CARTESIAN_POINT('',(10.,7.00000005));
#3530 = ( GEOMETRIC_REPRESENTATION_CONTEXT(2) 
PARAMETRIC_REPRESENTATION_CONTEXT() REPRESENTATION_CONTEXT('2D SPACE',''
  ) );
#3531 = ORIENTED_EDGE('',*,*,#3532,.F.);
#3532 = EDGE_CURVE('',#3533,#3505,#3535,.T.);
#3533 = VERTEX_POINT('',#3534);
#3534 = CARTESIAN_POINT('',(-2.474873734153,2.474873734153,-4.5));
#3535 = SURFACE_CURVE('',#3536,(#3540,#3547),.PCURVE_S1.);
#3536 = LINE('',#3537,#3538);
#3537 = CARTESIAN_POINT('',(-2.474873734153,2.474873734153,-4.5));
#3538 = VECTOR('',#3539,1.);
#3539 = DIRECTION('',(0.483094224216,-0.875568369991,0.));
#3540 = PCURVE('',#156,#3541);
#3541 = DEFINITIONAL_REPRESENTATION('',(#3542),#3546);
#3542 = LINE('',#3543,#3544);
#3543 = CARTESIAN_POINT('',(-2.474873684153,2.474873734153));
#3544 = VECTOR('',#3545,1.);
#3545 = DIRECTION('',(0.875568369991,-0.483094224216));
#3546 = ( GEOMETRIC_REPRESENTATION_CONTEXT(2) 
PARAMETRIC_REPRESENTATION_CONTEXT() REPRESENTATION_CONTEXT('2D SPACE',''
  ) );
#3547 = PCURVE('',#3548,#3553);
#3548 = PLANE('',#3549);
#3549 = AXIS2_PLACEMENT_3D('',#3550,#3551,#3552);
#3550 = CARTESIAN_POINT('',(-2.474873734153,2.474873734153,-4.5));
#3551 = DIRECTION('',(0.875568369991,0.483094224216,-0.));
#3552 = DIRECTION('',(0.483094224216,-0.875568369991,0.));
#3553 = DEFINITIONAL_REPRESENTATION('',(#3554),#3558);
#3554 = LINE('',#3555,#3556);
#3555 = CARTESIAN_POINT('',(0.,0.));
#3556 = VECTOR('',#3557,1.);
#3557 = DIRECTION('',(1.,0.));
#3558 = ( GEOMETRIC_REPRESENTATION_CONTEXT(2) 
PARAMETRIC_REPRESENTATION_CONTEXT() REPRESENTATION_CONTEXT('2D SPACE',''
  ) );
#3559 = ORIENTED_EDGE('',*,*,#3560,.F.);
#3560 = EDGE_CURVE('',#3561,#3533,#3563,.T.);
#3561 = VERTEX_POINT('',#3562);
#3562 = CARTESIAN_POINT('',(-2.130665001531,2.776736691019,-4.5));
#3563 = SURFACE_CURVE('',#3564,(#3568,#3575),.PCURVE_S1.);
#3564 = LINE('',#3565,#3566);
#3565 = CARTESIAN_POINT('',(-2.130665001531,2.776736691019,-4.5));
#3566 = VECTOR('',#3567,1.);
#3567 = DIRECTION('',(-0.751839807479,-0.6593458151,0.));
#3568 = PCURVE('',#156,#3569);
#3569 = DEFINITIONAL_REPRESENTATION('',(#3570),#3574);
#3570 = LINE('',#3571,#3572);
#3571 = CARTESIAN_POINT('',(-2.776736641019,2.130665001531));
#3572 = VECTOR('',#3573,1.);
#3573 = DIRECTION('',(0.6593458151,0.751839807479));
#3574 = ( GEOMETRIC_REPRESENTATION_CONTEXT(2) 
PARAMETRIC_REPRESENTATION_CONTEXT() REPRESENTATION_CONTEXT('2D SPACE',''
  ) );
#3575 = PCURVE('',#3576,#3581);
#3576 = PLANE('',#3577);
#3577 = AXIS2_PLACEMENT_3D('',#3578,#3579,#3580);
#3578 = CARTESIAN_POINT('',(-2.130665001531,2.776736691019,-4.5));
#3579 = DIRECTION('',(0.6593458151,-0.751839807479,0.));
#3580 = DIRECTION('',(-0.751839807479,-0.6593458151,0.));
#3581 = DEFINITIONAL_REPRESENTATION('',(#3582),#3586);
#3582 = LINE('',#3583,#3584);
#3583 = CARTESIAN_POINT('',(0.,0.));
#3584 = VECTOR('',#3585,1.);
#3585 = DIRECTION('',(1.,0.));
#3586 = ( GEOMETRIC_REPRESENTATION_CONTEXT(2) 
PARAMETRIC_REPRESENTATION_CONTEXT() REPRESENTATION_CONTEXT('2D SPACE',''
  ) );
#3587 = ORIENTED_EDGE('',*,*,#3588,.F.);
#3588 = EDGE_CURVE('',#3589,#3561,#3591,.T.);
#3589 = VERTEX_POINT('',#3590);
#3590 = CARTESIAN_POINT('',(-1.2125,2.100111604177,-4.5));
#3591 = SURFACE_CURVE('',#3592,(#3596,#3603),.PCURVE_S1.);
#3592 = LINE('',#3593,#3594);
#3593 = CARTESIAN_POINT('',(-1.2125,2.100111604177,-4.5));
#3594 = VECTOR('',#3595,1.);
#3595 = DIRECTION('',(-0.805021311639,0.593245891522,0.));
#3596 = PCURVE('',#156,#3597);
#3597 = DEFINITIONAL_REPRESENTATION('',(#3598),#3602);
#3598 = LINE('',#3599,#3600);
#3599 = CARTESIAN_POINT('',(-2.100111554177,1.2125));
#3600 = VECTOR('',#3601,1.);
#3601 = DIRECTION('',(-0.593245891522,0.805021311639));
#3602 = ( GEOMETRIC_REPRESENTATION_CONTEXT(2) 
PARAMETRIC_REPRESENTATION_CONTEXT() REPRESENTATION_CONTEXT('2D SPACE',''
  ) );
#3603 = PCURVE('',#3604,#3609);
#3604 = PLANE('',#3605);
#3605 = AXIS2_PLACEMENT_3D('',#3606,#3607,#3608);
#3606 = CARTESIAN_POINT('',(-1.2125,2.100111604177,-4.5));
#3607 = DIRECTION('',(-0.593245891522,-0.805021311639,0.));
#3608 = DIRECTION('',(-0.805021311639,0.593245891522,0.));
#3609 = DEFINITIONAL_REPRESENTATION('',(#3610),#3614);
#3610 = LINE('',#3611,#3612);
#3611 = CARTESIAN_POINT('',(0.,0.));
#3612 = VECTOR('',#3613,1.);
#3613 = DIRECTION('',(1.,0.));
#3614 = ( GEOMETRIC_REPRESENTATION_CONTEXT(2) 
PARAMETRIC_REPRESENTATION_CONTEXT() REPRESENTATION_CONTEXT('2D SPACE',''
  ) );
#3615 = ORIENTED_EDGE('',*,*,#3616,.F.);
#3616 = EDGE_CURVE('',#3617,#3589,#3619,.T.);
#3617 = VERTEX_POINT('',#3618);
#3618 = CARTESIAN_POINT('',(-1.200354505248,2.106101099362,-4.5000001757
    ));
#3619 = SURFACE_CURVE('',#3620,(#3624,#3631),.PCURVE_S1.);
#3620 = LINE('',#3621,#3622);
#3621 = CARTESIAN_POINT('',(-0.928007323485,2.24040786634,-4.5));
#3622 = VECTOR('',#3623,1.);
#3623 = DIRECTION('',(-0.896872741533,-0.442288690219,0.));
#3624 = PCURVE('',#156,#3625);
#3625 = DEFINITIONAL_REPRESENTATION('',(#3626),#3630);
#3626 = LINE('',#3627,#3628);
#3627 = CARTESIAN_POINT('',(-2.24040781634,0.928007323485));
#3628 = VECTOR('',#3629,1.);
#3629 = DIRECTION('',(0.442288690219,0.896872741533));
#3630 = ( GEOMETRIC_REPRESENTATION_CONTEXT(2) 
PARAMETRIC_REPRESENTATION_CONTEXT() REPRESENTATION_CONTEXT('2D SPACE',''
  ) );
#3631 = PCURVE('',#3632,#3637);
#3632 = PLANE('',#3633);
#3633 = AXIS2_PLACEMENT_3D('',#3634,#3635,#3636);
#3634 = CARTESIAN_POINT('',(-0.928007323485,2.24040786634,-4.5));
#3635 = DIRECTION('',(0.442288690219,-0.896872741533,0.));
#3636 = DIRECTION('',(-0.896872741533,-0.442288690219,0.));
#3637 = DEFINITIONAL_REPRESENTATION('',(#3638),#3642);
#3638 = LINE('',#3639,#3640);
#3639 = CARTESIAN_POINT('',(0.,0.));
#3640 = VECTOR('',#3641,1.);
#3641 = DIRECTION('',(1.,0.));
#3642 = ( GEOMETRIC_REPRESENTATION_CONTEXT(2) 
PARAMETRIC_REPRESENTATION_CONTEXT() REPRESENTATION_CONTEXT('2D SPACE',''
  ) );
#3643 = ORIENTED_EDGE('',*,*,#3644,.T.);
#3644 = EDGE_CURVE('',#3617,#3645,#3647,.T.);
#3645 = VERTEX_POINT('',#3646);
#3646 = CARTESIAN_POINT('',(-1.215240639215,2.742843499569,-4.5000003514
    ));
#3647 = SURFACE_CURVE('',#3648,(#3776,#3907),.PCURVE_S1.);
#3648 = B_SPLINE_CURVE_WITH_KNOTS('',3,(#3649,#3650,#3651,#3652,#3653,
    #3654,#3655,#3656,#3657,#3658,#3659,#3660,#3661,#3662,#3663,#3664,
    #3665,#3666,#3667,#3668,#3669,#3670,#3671,#3672,#3673,#3674,#3675,
    #3676,#3677,#3678,#3679,#3680,#3681,#3682,#3683,#3684,#3685,#3686,
    #3687,#3688,#3689,#3690,#3691,#3692,#3693,#3694,#3695,#3696,#3697,
    #3698,#3699,#3700,#3701,#3702,#3703,#3704,#3705,#3706,#3707,#3708,
    #3709,#3710,#3711,#3712,#3713,#3714,#3715,#3716,#3717,#3718,#3719,
    #3720,#3721,#3722,#3723,#3724,#3725,#3726,#3727,#3728,#3729,#3730,
    #3731,#3732,#3733,#3734,#3735,#3736,#3737,#3738,#3739,#3740,#3741,
    #3742,#3743,#3744,#3745,#3746,#3747,#3748,#3749,#3750,#3751,#3752,
    #3753,#3754,#3755,#3756,#3757,#3758,#3759,#3760,#3761,#3762,#3763,
    #3764,#3765,#3766,#3767,#3768,#3769,#3770,#3771,#3772,#3773,#3774,
    #3775),.UNSPECIFIED.,.F.,.F.,(4,1,1,1,1,1,1,1,1,1,1,1,1,1,1,1,1,1,1,
    1,1,1,1,1,1,1,1,1,1,1,1,1,1,1,1,1,1,1,1,1,1,1,1,1,1,1,1,1,1,1,1,1,1,
    1,1,1,1,1,1,1,1,1,1,1,1,1,1,1,1,1,1,1,1,1,1,1,1,1,1,1,1,1,1,1,1,1,1,
    1,1,1,1,1,1,1,1,1,1,1,1,1,1,1,1,1,1,1,1,1,1,1,1,1,1,1,1,1,1,1,1,1,1,
    1,1,1,4),(0.,3.825348486101E-02,5.430853348674E-02,
    6.675617629157E-02,7.735884378815E-02,8.679755798888E-02,
    9.542083346997E-02,0.103435317105,0.110975441185,0.118134466631,
    0.124980232214,0.131563916605,0.137925263337,0.144095870271,
    0.150101352936,0.155962819326,0.16169790603,0.167321525098,
    0.172846414439,0.178283551377,0.18364246875,0.188931500289,
    0.194157973749,0.199328364902,0.20444842177,0.209523265982,
    0.214557476318,0.219555158251,0.224520002363,0.229455333832,
    0.234364154694,0.239249180184,0.244112870201,0.248957456702,
    0.253784967687,0.258597248282,0.263395979354,0.268182693996,
    0.272958792175,0.27772555377,0.282484150212,0.287235654883,
    0.291981052431,0.296721247119,0.301457070315,0.306189287223,
    0.310919293077,0.315655371856,0.320399980632,0.32515309033,
    0.329914691623,0.33468478033,0.339463354215,0.344250411941,
    0.349045952647,0.353849975744,0.358662480811,0.363483467539,
    0.368312935692,0.373150885086,0.377997315577,0.382852227048,
    0.387715619403,0.392587492562,0.397467846459,0.402356681039,
    0.407253996253,0.41215979206,0.417074068425,0.421996825315,
    0.426928062704,0.431867780568,0.436815978885,0.441772657636,
    0.446737816804,0.451711456374,0.456693576332,0.461684176666,
    0.466683257364,0.471690818415,0.476706859811,0.481731381543,
    0.486764383603,0.491805865984,0.496855828678,0.50191427168,
    0.506981194984,0.512056598584,0.517140482477,0.522232846656,
    0.527333691118,0.532443015859,0.537560820874,0.542687106161,
    0.547821871717,0.552965117537,0.55811684362,0.563277049962,
    0.56844573656,0.573622903413,0.578808550518,0.584002677873,
    0.589205285476,0.594416373325,0.599635941417,0.604863989752,
    0.610100518327,0.615345527141,0.620599016193,0.62586098548,
    0.631131435002,0.636410364758,0.641697774745,0.646993664963,
    0.652298035411,0.657610886087,0.66293221699,0.668262028121,
    0.673600319476,0.678947091057,0.684302342861,0.689666074887,
    0.695038287136,0.700418979606,0.700983298373),.UNSPECIFIED.);
#3649 = CARTESIAN_POINT('',(-1.233364268863,2.080373773707,-4.5000003514
    ));
#3650 = CARTESIAN_POINT('',(-1.222333520682,2.086895592381,-4.5000003514
    ));
#3651 = CARTESIAN_POINT('',(-1.207839282606,2.097981389922,-4.5000003514
    ));
#3652 = CARTESIAN_POINT('',(-1.1925551298,2.114197614336,-4.5000003514)
  );
#3653 = CARTESIAN_POINT('',(-1.18444631563,2.124418937907,-4.5000003514)
  );
#3654 = CARTESIAN_POINT('',(-1.178305128726,2.133347442104,-4.5000003514
    ));
#3655 = CARTESIAN_POINT('',(-1.173359396696,2.141528387153,-4.5000003514
    ));
#3656 = CARTESIAN_POINT('',(-1.16925678799,2.149195492997,-4.5000003514)
  );
#3657 = CARTESIAN_POINT('',(-1.165797092429,2.156477532099,-4.5000003514
    ));
#3658 = CARTESIAN_POINT('',(-1.162852446252,2.163455133805,-4.5000003514
    ));
#3659 = CARTESIAN_POINT('',(-1.160334853272,2.170183066223,-4.5000003514
    ));
#3660 = CARTESIAN_POINT('',(-1.158180470368,2.176700681884,-4.5000003514
    ));
#3661 = CARTESIAN_POINT('',(-1.156341107044,2.183037463972,-4.5000003514
    ));
#3662 = CARTESIAN_POINT('',(-1.154779242469,2.189216227319,-4.5000003514
    ));
#3663 = CARTESIAN_POINT('',(-1.153464922253,2.195255089927,-4.5000003514
    ));
#3664 = CARTESIAN_POINT('',(-1.152373731452,2.20116874918,-4.5000003514)
  );
#3665 = CARTESIAN_POINT('',(-1.151485418588,2.206969342113,-4.5000003514
    ));
#3666 = CARTESIAN_POINT('',(-1.150782931445,2.212667044799,-4.5000003514
    ));
#3667 = CARTESIAN_POINT('',(-1.150251723125,2.218270501748,-4.5000003514
    ));
#3668 = CARTESIAN_POINT('',(-1.149879241212,2.223787140839,-4.5000003514
    ));
#3669 = CARTESIAN_POINT('',(-1.14965454433,2.229223409005,-4.5000003514)
  );
#3670 = CARTESIAN_POINT('',(-1.149568009469,2.234584951742,-4.5000003514
    ));
#3671 = CARTESIAN_POINT('',(-1.149611105251,2.239876751906,-4.5000003514
    ));
#3672 = CARTESIAN_POINT('',(-1.14977621402,2.245103238517,-4.5000003514)
  );
#3673 = CARTESIAN_POINT('',(-1.150056490604,2.250268373063,-4.5000003514
    ));
#3674 = CARTESIAN_POINT('',(-1.150445749012,2.255375718715,-4.5000003514
    ));
#3675 = CARTESIAN_POINT('',(-1.150938370662,2.260428496382,-4.5000003514
    ));
#3676 = CARTESIAN_POINT('',(-1.151529229383,2.265429630536,-4.5000003514
    ));
#3677 = CARTESIAN_POINT('',(-1.1522136296,2.270381786998,-4.5000003514)
  );
#3678 = CARTESIAN_POINT('',(-1.152987254952,2.275287404352,-4.5000003514
    ));
#3679 = CARTESIAN_POINT('',(-1.153846125254,2.280148720273,-4.5000003514
    ));
#3680 = CARTESIAN_POINT('',(-1.154786560146,2.284967793773,-4.5000003514
    ));
#3681 = CARTESIAN_POINT('',(-1.155805148156,2.289746524125,-4.5000003514
    ));
#3682 = CARTESIAN_POINT('',(-1.156898720165,2.294486667094,-4.5000003514
    ));
#3683 = CARTESIAN_POINT('',(-1.158064326474,2.29918984896,-4.5000003514)
  );
#3684 = CARTESIAN_POINT('',(-1.159299216844,2.303857578697,-4.5000003514
    ));
#3685 = CARTESIAN_POINT('',(-1.160600822969,2.308491258663,-4.5000003514
    ));
#3686 = CARTESIAN_POINT('',(-1.161966743131,2.31309219395,-4.5000003514)
  );
#3687 = CARTESIAN_POINT('',(-1.163394728085,2.317661600885,-4.5000003514
    ));
#3688 = CARTESIAN_POINT('',(-1.164882670319,2.322200613786,-4.5000003514
    ));
#3689 = CARTESIAN_POINT('',(-1.166428587411,2.326710294053,-4.5000003514
    ));
#3690 = CARTESIAN_POINT('',(-1.168030633156,2.331191627014,-4.5000003514
    ));
#3691 = CARTESIAN_POINT('',(-1.169687010233,2.33564556123,-4.5000003514)
  );
#3692 = CARTESIAN_POINT('',(-1.171396253859,2.340072887041,-4.5000003514
    ));
#3693 = CARTESIAN_POINT('',(-1.173156137312,2.344474711562,-4.5000003514
    ));
#3694 = CARTESIAN_POINT('',(-1.174967715608,2.348850709299,-4.5000003514
    ));
#3695 = CARTESIAN_POINT('',(-1.176820312871,2.35320587263,-4.5000003514)
  );
#3696 = CARTESIAN_POINT('',(-1.178748759095,2.357528257456,-4.5000003514
    ));
#3697 = CARTESIAN_POINT('',(-1.180547308614,2.361911138468,-4.5000003514
    ));
#3698 = CARTESIAN_POINT('',(-1.182257685068,2.366336953014,-4.5000003514
    ));
#3699 = CARTESIAN_POINT('',(-1.183893731833,2.370799853839,-4.5000003514
    ));
#3700 = CARTESIAN_POINT('',(-1.185465412886,2.375294752275,-4.5000003514
    ));
#3701 = CARTESIAN_POINT('',(-1.186979030607,2.379818463872,-4.5000003514
    ));
#3702 = CARTESIAN_POINT('',(-1.188439376602,2.384368542519,-4.5000003514
    ));
#3703 = CARTESIAN_POINT('',(-1.189850120394,2.388943108408,-4.5000003514
    ));
#3704 = CARTESIAN_POINT('',(-1.191214217358,2.39354063763,-4.5000003514)
  );
#3705 = CARTESIAN_POINT('',(-1.192534099476,2.398159868385,-4.5000003514
    ));
#3706 = CARTESIAN_POINT('',(-1.193811813354,2.402799731483,-4.5000003514
    ));
#3707 = CARTESIAN_POINT('',(-1.195049109106,2.407459306013,-4.5000003514
    ));
#3708 = CARTESIAN_POINT('',(-1.196247503989,2.412137787476,-4.5000003514
    ));
#3709 = CARTESIAN_POINT('',(-1.197408328239,2.416834464875,-4.5000003514
    ));
#3710 = CARTESIAN_POINT('',(-1.198532759328,2.421548703577,-4.5000003514
    ));
#3711 = CARTESIAN_POINT('',(-1.19962184805,2.426279932269,-4.5000003514)
  );
#3712 = CARTESIAN_POINT('',(-1.200676538814,2.431027632813,-4.5000003514
    ));
#3713 = CARTESIAN_POINT('',(-1.201697685674,2.435791332222,-4.5000003514
    ));
#3714 = CARTESIAN_POINT('',(-1.202686065199,2.440570596233,-4.5000003514
    ));
#3715 = CARTESIAN_POINT('',(-1.203642386921,2.445365024076,-4.5000003514
    ));
#3716 = CARTESIAN_POINT('',(-1.204567301937,2.450174244175,-4.5000003514
    ));
#3717 = CARTESIAN_POINT('',(-1.205461410041,2.454997910583,-4.5000003514
    ));
#3718 = CARTESIAN_POINT('',(-1.206325265712,2.459835699984,-4.5000003514
    ));
#3719 = CARTESIAN_POINT('',(-1.207159383173,2.464687309167,-4.5000003514
    ));
#3720 = CARTESIAN_POINT('',(-1.207964240697,2.469552452871,-4.5000003514
    ));
#3721 = CARTESIAN_POINT('',(-1.208740284306,2.474430861938,-4.5000003514
    ));
#3722 = CARTESIAN_POINT('',(-1.209487930958,2.479322281713,-4.5000003514
    ));
#3723 = CARTESIAN_POINT('',(-1.210207571324,2.484226470665,-4.5000003514
    ));
#3724 = CARTESIAN_POINT('',(-1.210899572198,2.489143199174,-4.5000003514
    ));
#3725 = CARTESIAN_POINT('',(-1.211564278625,2.49407224847,-4.5000003514)
  );
#3726 = CARTESIAN_POINT('',(-1.212202015769,2.499013409702,-4.5000003514
    ));
#3727 = CARTESIAN_POINT('',(-1.212813090569,2.503966483105,-4.5000003514
    ));
#3728 = CARTESIAN_POINT('',(-1.213397793211,2.508931277268,-4.5000003514
    ));
#3729 = CARTESIAN_POINT('',(-1.21395639844,2.513907608475,-4.5000003514)
  );
#3730 = CARTESIAN_POINT('',(-1.214489166736,2.51889530012,-4.5000003514)
  );
#3731 = CARTESIAN_POINT('',(-1.214996345372,2.523894182179,-4.5000003514
    ));
#3732 = CARTESIAN_POINT('',(-1.215478169361,2.52890409073,-4.5000003514)
  );
#3733 = CARTESIAN_POINT('',(-1.215934862322,2.533924867528,-4.5000003514
    ));
#3734 = CARTESIAN_POINT('',(-1.216366637256,2.538956359615,-4.5000003514
    ));
#3735 = CARTESIAN_POINT('',(-1.216773697253,2.543998418964,-4.5000003514
    ));
#3736 = CARTESIAN_POINT('',(-1.217156236144,2.549050902155,-4.5000003514
    ));
#3737 = CARTESIAN_POINT('',(-1.21751443908,2.554113670086,-4.5000003514)
  );
#3738 = CARTESIAN_POINT('',(-1.217848483083,2.559186587699,-4.5000003514
    ));
#3739 = CARTESIAN_POINT('',(-1.21815853753,2.564269523734,-4.5000003514)
  );
#3740 = CARTESIAN_POINT('',(-1.218444764615,2.569362350502,-4.5000003514
    ));
#3741 = CARTESIAN_POINT('',(-1.218707319764,2.574464943677,-4.5000003514
    ));
#3742 = CARTESIAN_POINT('',(-1.218946352021,2.579577182101,-4.5000003514
    ));
#3743 = CARTESIAN_POINT('',(-1.219162004409,2.584698947609,-4.5000003514
    ));
#3744 = CARTESIAN_POINT('',(-1.219354414253,2.589830124861,-4.5000003514
    ));
#3745 = CARTESIAN_POINT('',(-1.219523713493,2.594970601189,-4.5000003514
    ));
#3746 = CARTESIAN_POINT('',(-1.219670028967,2.600120266458,-4.5000003514
    ));
#3747 = CARTESIAN_POINT('',(-1.219793482671,2.605279012931,-4.5000003514
    ));
#3748 = CARTESIAN_POINT('',(-1.219894192013,2.610446735149,-4.5000003514
    ));
#3749 = CARTESIAN_POINT('',(-1.219972270035,2.615623329811,-4.5000003514
    ));
#3750 = CARTESIAN_POINT('',(-1.220027825634,2.620808695675,-4.5000003514
    ));
#3751 = CARTESIAN_POINT('',(-1.220060963758,2.626002733449,-4.5000003514
    ));
#3752 = CARTESIAN_POINT('',(-1.220071785598,2.631205345704,-4.5000003514
    ));
#3753 = CARTESIAN_POINT('',(-1.220060388759,2.636416436785,-4.5000003514
    ));
#3754 = CARTESIAN_POINT('',(-1.220026867431,2.641635912724,-4.5000003514
    ));
#3755 = CARTESIAN_POINT('',(-1.219971312539,2.646863681168,-4.5000003514
    ));
#3756 = CARTESIAN_POINT('',(-1.219893811894,2.652099651306,-4.5000003514
    ));
#3757 = CARTESIAN_POINT('',(-1.219794450325,2.657343733795,-4.5000003514
    ));
#3758 = CARTESIAN_POINT('',(-1.219673309813,2.662595840703,-4.5000003514
    ));
#3759 = CARTESIAN_POINT('',(-1.219530469611,2.667855885442,-4.5000003514
    ));
#3760 = CARTESIAN_POINT('',(-1.219366006361,2.673123782715,-4.5000003514
    ));
#3761 = CARTESIAN_POINT('',(-1.2191799942,2.678399448457,-4.5000003514)
  );
#3762 = CARTESIAN_POINT('',(-1.218972504866,2.68368279979,-4.5000003514)
  );
#3763 = CARTESIAN_POINT('',(-1.218743607793,2.688973754969,-4.5000003514
    ));
#3764 = CARTESIAN_POINT('',(-1.218493370206,2.694272233338,-4.5000003514
    ));
#3765 = CARTESIAN_POINT('',(-1.218221857207,2.699578155286,-4.5000003514
    ));
#3766 = CARTESIAN_POINT('',(-1.217929131862,2.704891442209,-4.5000003514
    ));
#3767 = CARTESIAN_POINT('',(-1.217615255265,2.710212016465,-4.5000003514
    ));
#3768 = CARTESIAN_POINT('',(-1.217280286642,2.71553980134,-4.5000003514)
  );
#3769 = CARTESIAN_POINT('',(-1.21692428339,2.720874721013,-4.5000003514)
  );
#3770 = CARTESIAN_POINT('',(-1.216547301167,2.726216700523,-4.5000003514
    ));
#3771 = CARTESIAN_POINT('',(-1.216149393947,2.731565665731,-4.5000003514
    ));
#3772 = CARTESIAN_POINT('',(-1.215730614085,2.736921543299,-4.5000003514
    ));
#3773 = CARTESIAN_POINT('',(-1.215422408971,2.740681348759,-4.5000003514
    ));
#3774 = CARTESIAN_POINT('',(-1.215256431047,2.742656057261,-4.5000003514
    ));
#3775 = CARTESIAN_POINT('',(-1.215240639215,2.742843499569,-4.5000003514
    ));
#3776 = PCURVE('',#156,#3777);
#3777 = DEFINITIONAL_REPRESENTATION('',(#3778),#3906);
#3778 = B_SPLINE_CURVE_WITH_KNOTS('',3,(#3779,#3780,#3781,#3782,#3783,
    #3784,#3785,#3786,#3787,#3788,#3789,#3790,#3791,#3792,#3793,#3794,
    #3795,#3796,#3797,#3798,#3799,#3800,#3801,#3802,#3803,#3804,#3805,
    #3806,#3807,#3808,#3809,#3810,#3811,#3812,#3813,#3814,#3815,#3816,
    #3817,#3818,#3819,#3820,#3821,#3822,#3823,#3824,#3825,#3826,#3827,
    #3828,#3829,#3830,#3831,#3832,#3833,#3834,#3835,#3836,#3837,#3838,
    #3839,#3840,#3841,#3842,#3843,#3844,#3845,#3846,#3847,#3848,#3849,
    #3850,#3851,#3852,#3853,#3854,#3855,#3856,#3857,#3858,#3859,#3860,
    #3861,#3862,#3863,#3864,#3865,#3866,#3867,#3868,#3869,#3870,#3871,
    #3872,#3873,#3874,#3875,#3876,#3877,#3878,#3879,#3880,#3881,#3882,
    #3883,#3884,#3885,#3886,#3887,#3888,#3889,#3890,#3891,#3892,#3893,
    #3894,#3895,#3896,#3897,#3898,#3899,#3900,#3901,#3902,#3903,#3904,
    #3905),.UNSPECIFIED.,.F.,.F.,(4,1,1,1,1,1,1,1,1,1,1,1,1,1,1,1,1,1,1,
    1,1,1,1,1,1,1,1,1,1,1,1,1,1,1,1,1,1,1,1,1,1,1,1,1,1,1,1,1,1,1,1,1,1,
    1,1,1,1,1,1,1,1,1,1,1,1,1,1,1,1,1,1,1,1,1,1,1,1,1,1,1,1,1,1,1,1,1,1,
    1,1,1,1,1,1,1,1,1,1,1,1,1,1,1,1,1,1,1,1,1,1,1,1,1,1,1,1,1,1,1,1,1,1,
    1,1,1,4),(0.,3.825348486101E-02,5.430853348674E-02,
    6.675617629157E-02,7.735884378815E-02,8.679755798888E-02,
    9.542083346997E-02,0.103435317105,0.110975441185,0.118134466631,
    0.124980232214,0.131563916605,0.137925263337,0.144095870271,
    0.150101352936,0.155962819326,0.16169790603,0.167321525098,
    0.172846414439,0.178283551377,0.18364246875,0.188931500289,
    0.194157973749,0.199328364902,0.20444842177,0.209523265982,
    0.214557476318,0.219555158251,0.224520002363,0.229455333832,
    0.234364154694,0.239249180184,0.244112870201,0.248957456702,
    0.253784967687,0.258597248282,0.263395979354,0.268182693996,
    0.272958792175,0.27772555377,0.282484150212,0.287235654883,
    0.291981052431,0.296721247119,0.301457070315,0.306189287223,
    0.310919293077,0.315655371856,0.320399980632,0.32515309033,
    0.329914691623,0.33468478033,0.339463354215,0.344250411941,
    0.349045952647,0.353849975744,0.358662480811,0.363483467539,
    0.368312935692,0.373150885086,0.377997315577,0.382852227048,
    0.387715619403,0.392587492562,0.397467846459,0.402356681039,
    0.407253996253,0.41215979206,0.417074068425,0.421996825315,
    0.426928062704,0.431867780568,0.436815978885,0.441772657636,
    0.446737816804,0.451711456374,0.456693576332,0.461684176666,
    0.466683257364,0.471690818415,0.476706859811,0.481731381543,
    0.486764383603,0.491805865984,0.496855828678,0.50191427168,
    0.506981194984,0.512056598584,0.517140482477,0.522232846656,
    0.527333691118,0.532443015859,0.537560820874,0.542687106161,
    0.547821871717,0.552965117537,0.55811684362,0.563277049962,
    0.56844573656,0.573622903413,0.578808550518,0.584002677873,
    0.589205285476,0.594416373325,0.599635941417,0.604863989752,
    0.610100518327,0.615345527141,0.620599016193,0.62586098548,
    0.631131435002,0.636410364758,0.641697774745,0.646993664963,
    0.652298035411,0.657610886087,0.66293221699,0.668262028121,
    0.673600319476,0.678947091057,0.684302342861,0.689666074887,
    0.695038287136,0.700418979606,0.700983298373),.UNSPECIFIED.);
#3779 = CARTESIAN_POINT('',(-2.080373723707,1.233364268863));
#3780 = CARTESIAN_POINT('',(-2.086895542381,1.222333520682));
#3781 = CARTESIAN_POINT('',(-2.097981339922,1.207839282606));
#3782 = CARTESIAN_POINT('',(-2.114197564336,1.1925551298));
#3783 = CARTESIAN_POINT('',(-2.124418887907,1.18444631563));
#3784 = CARTESIAN_POINT('',(-2.133347392104,1.178305128726));
#3785 = CARTESIAN_POINT('',(-2.141528337153,1.173359396696));
#3786 = CARTESIAN_POINT('',(-2.149195442997,1.16925678799));
#3787 = CARTESIAN_POINT('',(-2.156477482099,1.165797092429));
#3788 = CARTESIAN_POINT('',(-2.163455083805,1.162852446252));
#3789 = CARTESIAN_POINT('',(-2.170183016223,1.160334853272));
#3790 = CARTESIAN_POINT('',(-2.176700631884,1.158180470368));
#3791 = CARTESIAN_POINT('',(-2.183037413972,1.156341107044));
#3792 = CARTESIAN_POINT('',(-2.189216177319,1.154779242469));
#3793 = CARTESIAN_POINT('',(-2.195255039927,1.153464922253));
#3794 = CARTESIAN_POINT('',(-2.20116869918,1.152373731452));
#3795 = CARTESIAN_POINT('',(-2.206969292113,1.151485418588));
#3796 = CARTESIAN_POINT('',(-2.212666994799,1.150782931445));
#3797 = CARTESIAN_POINT('',(-2.218270451748,1.150251723125));
#3798 = CARTESIAN_POINT('',(-2.223787090839,1.149879241212));
#3799 = CARTESIAN_POINT('',(-2.229223359005,1.14965454433));
#3800 = CARTESIAN_POINT('',(-2.234584901742,1.149568009469));
#3801 = CARTESIAN_POINT('',(-2.239876701906,1.149611105251));
#3802 = CARTESIAN_POINT('',(-2.245103188517,1.14977621402));
#3803 = CARTESIAN_POINT('',(-2.250268323063,1.150056490604));
#3804 = CARTESIAN_POINT('',(-2.255375668715,1.150445749012));
#3805 = CARTESIAN_POINT('',(-2.260428446382,1.150938370662));
#3806 = CARTESIAN_POINT('',(-2.265429580536,1.151529229383));
#3807 = CARTESIAN_POINT('',(-2.270381736998,1.1522136296));
#3808 = CARTESIAN_POINT('',(-2.275287354352,1.152987254952));
#3809 = CARTESIAN_POINT('',(-2.280148670273,1.153846125254));
#3810 = CARTESIAN_POINT('',(-2.284967743773,1.154786560146));
#3811 = CARTESIAN_POINT('',(-2.289746474125,1.155805148156));
#3812 = CARTESIAN_POINT('',(-2.294486617094,1.156898720165));
#3813 = CARTESIAN_POINT('',(-2.29918979896,1.158064326474));
#3814 = CARTESIAN_POINT('',(-2.303857528697,1.159299216844));
#3815 = CARTESIAN_POINT('',(-2.308491208663,1.160600822969));
#3816 = CARTESIAN_POINT('',(-2.31309214395,1.161966743131));
#3817 = CARTESIAN_POINT('',(-2.317661550885,1.163394728085));
#3818 = CARTESIAN_POINT('',(-2.322200563786,1.164882670319));
#3819 = CARTESIAN_POINT('',(-2.326710244053,1.166428587411));
#3820 = CARTESIAN_POINT('',(-2.331191577014,1.168030633156));
#3821 = CARTESIAN_POINT('',(-2.33564551123,1.169687010233));
#3822 = CARTESIAN_POINT('',(-2.340072837041,1.171396253859));
#3823 = CARTESIAN_POINT('',(-2.344474661562,1.173156137312));
#3824 = CARTESIAN_POINT('',(-2.348850659299,1.174967715608));
#3825 = CARTESIAN_POINT('',(-2.35320582263,1.176820312871));
#3826 = CARTESIAN_POINT('',(-2.357528207456,1.178748759095));
#3827 = CARTESIAN_POINT('',(-2.361911088468,1.180547308614));
#3828 = CARTESIAN_POINT('',(-2.366336903014,1.182257685068));
#3829 = CARTESIAN_POINT('',(-2.370799803839,1.183893731833));
#3830 = CARTESIAN_POINT('',(-2.375294702275,1.185465412886));
#3831 = CARTESIAN_POINT('',(-2.379818413872,1.186979030607));
#3832 = CARTESIAN_POINT('',(-2.384368492519,1.188439376602));
#3833 = CARTESIAN_POINT('',(-2.388943058408,1.189850120394));
#3834 = CARTESIAN_POINT('',(-2.39354058763,1.191214217358));
#3835 = CARTESIAN_POINT('',(-2.398159818385,1.192534099476));
#3836 = CARTESIAN_POINT('',(-2.402799681483,1.193811813354));
#3837 = CARTESIAN_POINT('',(-2.407459256013,1.195049109106));
#3838 = CARTESIAN_POINT('',(-2.412137737476,1.196247503989));
#3839 = CARTESIAN_POINT('',(-2.416834414875,1.197408328239));
#3840 = CARTESIAN_POINT('',(-2.421548653577,1.198532759328));
#3841 = CARTESIAN_POINT('',(-2.426279882269,1.19962184805));
#3842 = CARTESIAN_POINT('',(-2.431027582813,1.200676538814));
#3843 = CARTESIAN_POINT('',(-2.435791282222,1.201697685674));
#3844 = CARTESIAN_POINT('',(-2.440570546233,1.202686065199));
#3845 = CARTESIAN_POINT('',(-2.445364974076,1.203642386921));
#3846 = CARTESIAN_POINT('',(-2.450174194175,1.204567301937));
#3847 = CARTESIAN_POINT('',(-2.454997860583,1.205461410041));
#3848 = CARTESIAN_POINT('',(-2.459835649984,1.206325265712));
#3849 = CARTESIAN_POINT('',(-2.464687259167,1.207159383173));
#3850 = CARTESIAN_POINT('',(-2.469552402871,1.207964240697));
#3851 = CARTESIAN_POINT('',(-2.474430811938,1.208740284306));
#3852 = CARTESIAN_POINT('',(-2.479322231713,1.209487930958));
#3853 = CARTESIAN_POINT('',(-2.484226420665,1.210207571324));
#3854 = CARTESIAN_POINT('',(-2.489143149174,1.210899572198));
#3855 = CARTESIAN_POINT('',(-2.49407219847,1.211564278625));
#3856 = CARTESIAN_POINT('',(-2.499013359702,1.212202015769));
#3857 = CARTESIAN_POINT('',(-2.503966433105,1.212813090569));
#3858 = CARTESIAN_POINT('',(-2.508931227268,1.213397793211));
#3859 = CARTESIAN_POINT('',(-2.513907558475,1.21395639844));
#3860 = CARTESIAN_POINT('',(-2.51889525012,1.214489166736));
#3861 = CARTESIAN_POINT('',(-2.523894132179,1.214996345372));
#3862 = CARTESIAN_POINT('',(-2.52890404073,1.215478169361));
#3863 = CARTESIAN_POINT('',(-2.533924817528,1.215934862322));
#3864 = CARTESIAN_POINT('',(-2.538956309615,1.216366637256));
#3865 = CARTESIAN_POINT('',(-2.543998368964,1.216773697253));
#3866 = CARTESIAN_POINT('',(-2.549050852155,1.217156236144));
#3867 = CARTESIAN_POINT('',(-2.554113620086,1.21751443908));
#3868 = CARTESIAN_POINT('',(-2.559186537699,1.217848483083));
#3869 = CARTESIAN_POINT('',(-2.564269473734,1.21815853753));
#3870 = CARTESIAN_POINT('',(-2.569362300502,1.218444764615));
#3871 = CARTESIAN_POINT('',(-2.574464893677,1.218707319764));
#3872 = CARTESIAN_POINT('',(-2.579577132101,1.218946352021));
#3873 = CARTESIAN_POINT('',(-2.584698897609,1.219162004409));
#3874 = CARTESIAN_POINT('',(-2.589830074861,1.219354414253));
#3875 = CARTESIAN_POINT('',(-2.594970551189,1.219523713493));
#3876 = CARTESIAN_POINT('',(-2.600120216458,1.219670028967));
#3877 = CARTESIAN_POINT('',(-2.605278962931,1.219793482671));
#3878 = CARTESIAN_POINT('',(-2.610446685149,1.219894192013));
#3879 = CARTESIAN_POINT('',(-2.615623279811,1.219972270035));
#3880 = CARTESIAN_POINT('',(-2.620808645675,1.220027825634));
#3881 = CARTESIAN_POINT('',(-2.626002683449,1.220060963758));
#3882 = CARTESIAN_POINT('',(-2.631205295704,1.220071785598));
#3883 = CARTESIAN_POINT('',(-2.636416386785,1.220060388759));
#3884 = CARTESIAN_POINT('',(-2.641635862724,1.220026867431));
#3885 = CARTESIAN_POINT('',(-2.646863631168,1.219971312539));
#3886 = CARTESIAN_POINT('',(-2.652099601306,1.219893811894));
#3887 = CARTESIAN_POINT('',(-2.657343683795,1.219794450325));
#3888 = CARTESIAN_POINT('',(-2.662595790703,1.219673309813));
#3889 = CARTESIAN_POINT('',(-2.667855835442,1.219530469611));
#3890 = CARTESIAN_POINT('',(-2.673123732715,1.219366006361));
#3891 = CARTESIAN_POINT('',(-2.678399398457,1.2191799942));
#3892 = CARTESIAN_POINT('',(-2.68368274979,1.218972504866));
#3893 = CARTESIAN_POINT('',(-2.688973704969,1.218743607793));
#3894 = CARTESIAN_POINT('',(-2.694272183338,1.218493370206));
#3895 = CARTESIAN_POINT('',(-2.699578105286,1.218221857207));
#3896 = CARTESIAN_POINT('',(-2.704891392209,1.217929131862));
#3897 = CARTESIAN_POINT('',(-2.710211966465,1.217615255265));
#3898 = CARTESIAN_POINT('',(-2.71553975134,1.217280286642));
#3899 = CARTESIAN_POINT('',(-2.720874671013,1.21692428339));
#3900 = CARTESIAN_POINT('',(-2.726216650523,1.216547301167));
#3901 = CARTESIAN_POINT('',(-2.731565615731,1.216149393947));
#3902 = CARTESIAN_POINT('',(-2.736921493299,1.215730614085));
#3903 = CARTESIAN_POINT('',(-2.740681298759,1.215422408971));
#3904 = CARTESIAN_POINT('',(-2.742656007261,1.215256431047));
#3905 = CARTESIAN_POINT('',(-2.74284344957,1.215240639215));
#3906 = ( GEOMETRIC_REPRESENTATION_CONTEXT(2) 
PARAMETRIC_REPRESENTATION_CONTEXT() REPRESENTATION_CONTEXT('2D SPACE',''
  ) );
#3907 = PCURVE('',#3908,#3913);
#3908 = PLANE('',#3909);
#3909 = AXIS2_PLACEMENT_3D('',#3910,#3911,#3912);
#3910 = CARTESIAN_POINT('',(-10.,-10.,-4.5));
#3911 = DIRECTION('',(0.,0.,1.));
#3912 = DIRECTION('',(1.,0.,-0.));
#3913 = DEFINITIONAL_REPRESENTATION('',(#3914),#4042);
#3914 = B_SPLINE_CURVE_WITH_KNOTS('',3,(#3915,#3916,#3917,#3918,#3919,
    #3920,#3921,#3922,#3923,#3924,#3925,#3926,#3927,#3928,#3929,#3930,
    #3931,#3932,#3933,#3934,#3935,#3936,#3937,#3938,#3939,#3940,#3941,
    #3942,#3943,#3944,#3945,#3946,#3947,#3948,#3949,#3950,#3951,#3952,
    #3953,#3954,#3955,#3956,#3957,#3958,#3959,#3960,#3961,#3962,#3963,
    #3964,#3965,#3966,#3967,#3968,#3969,#3970,#3971,#3972,#3973,#3974,
    #3975,#3976,#3977,#3978,#3979,#3980,#3981,#3982,#3983,#3984,#3985,
    #3986,#3987,#3988,#3989,#3990,#3991,#3992,#3993,#3994,#3995,#3996,
    #3997,#3998,#3999,#4000,#4001,#4002,#4003,#4004,#4005,#4006,#4007,
    #4008,#4009,#4010,#4011,#4012,#4013,#4014,#4015,#4016,#4017,#4018,
    #4019,#4020,#4021,#4022,#4023,#4024,#4025,#4026,#4027,#4028,#4029,
    #4030,#4031,#4032,#4033,#4034,#4035,#4036,#4037,#4038,#4039,#4040,
    #4041),.UNSPECIFIED.,.F.,.F.,(4,1,1,1,1,1,1,1,1,1,1,1,1,1,1,1,1,1,1,
    1,1,1,1,1,1,1,1,1,1,1,1,1,1,1,1,1,1,1,1,1,1,1,1,1,1,1,1,1,1,1,1,1,1,
    1,1,1,1,1,1,1,1,1,1,1,1,1,1,1,1,1,1,1,1,1,1,1,1,1,1,1,1,1,1,1,1,1,1,
    1,1,1,1,1,1,1,1,1,1,1,1,1,1,1,1,1,1,1,1,1,1,1,1,1,1,1,1,1,1,1,1,1,1,
    1,1,1,4),(0.,3.825348486101E-02,5.430853348674E-02,
    6.675617629157E-02,7.735884378815E-02,8.679755798888E-02,
    9.542083346997E-02,0.103435317105,0.110975441185,0.118134466631,
    0.124980232214,0.131563916605,0.137925263337,0.144095870271,
    0.150101352936,0.155962819326,0.16169790603,0.167321525098,
    0.172846414439,0.178283551377,0.18364246875,0.188931500289,
    0.194157973749,0.199328364902,0.20444842177,0.209523265982,
    0.214557476318,0.219555158251,0.224520002363,0.229455333832,
    0.234364154694,0.239249180184,0.244112870201,0.248957456702,
    0.253784967687,0.258597248282,0.263395979354,0.268182693996,
    0.272958792175,0.27772555377,0.282484150212,0.287235654883,
    0.291981052431,0.296721247119,0.301457070315,0.306189287223,
    0.310919293077,0.315655371856,0.320399980632,0.32515309033,
    0.329914691623,0.33468478033,0.339463354215,0.344250411941,
    0.349045952647,0.353849975744,0.358662480811,0.363483467539,
    0.368312935692,0.373150885086,0.377997315577,0.382852227048,
    0.387715619403,0.392587492562,0.397467846459,0.402356681039,
    0.407253996253,0.41215979206,0.417074068425,0.421996825315,
    0.426928062704,0.431867780568,0.436815978885,0.441772657636,
    0.446737816804,0.451711456374,0.456693576332,0.461684176666,
    0.466683257364,0.471690818415,0.476706859811,0.481731381543,
    0.486764383603,0.491805865984,0.496855828678,0.50191427168,
    0.506981194984,0.512056598584,0.517140482477,0.522232846656,
    0.527333691118,0.532443015859,0.537560820874,0.542687106161,
    0.547821871717,0.552965117537,0.55811684362,0.563277049962,
    0.56844573656,0.573622903413,0.578808550518,0.584002677873,
    0.589205285476,0.594416373325,0.599635941417,0.604863989752,
    0.610100518327,0.615345527141,0.620599016193,0.62586098548,
    0.631131435002,0.636410364758,0.641697774745,0.646993664963,
    0.652298035411,0.657610886087,0.66293221699,0.668262028121,
    0.673600319476,0.678947091057,0.684302342861,0.689666074887,
    0.695038287136,0.700418979606,0.700983298373),.UNSPECIFIED.);
#3915 = CARTESIAN_POINT('',(8.766635731137,12.080373773707));
#3916 = CARTESIAN_POINT('',(8.777666479318,12.086895592381));
#3917 = CARTESIAN_POINT('',(8.792160717394,12.097981389922));
#3918 = CARTESIAN_POINT('',(8.8074448702,12.114197614336));
#3919 = CARTESIAN_POINT('',(8.81555368437,12.124418937907));
#3920 = CARTESIAN_POINT('',(8.821694871274,12.133347442104));
#3921 = CARTESIAN_POINT('',(8.826640603304,12.141528387153));
#3922 = CARTESIAN_POINT('',(8.83074321201,12.149195492997));
#3923 = CARTESIAN_POINT('',(8.834202907571,12.156477532099));
#3924 = CARTESIAN_POINT('',(8.837147553748,12.163455133805));
#3925 = CARTESIAN_POINT('',(8.839665146728,12.170183066223));
#3926 = CARTESIAN_POINT('',(8.841819529632,12.176700681884));
#3927 = CARTESIAN_POINT('',(8.843658892956,12.183037463972));
#3928 = CARTESIAN_POINT('',(8.845220757531,12.189216227319));
#3929 = CARTESIAN_POINT('',(8.846535077747,12.195255089927));
#3930 = CARTESIAN_POINT('',(8.847626268548,12.20116874918));
#3931 = CARTESIAN_POINT('',(8.848514581412,12.206969342113));
#3932 = CARTESIAN_POINT('',(8.849217068555,12.212667044799));
#3933 = CARTESIAN_POINT('',(8.849748276875,12.218270501748));
#3934 = CARTESIAN_POINT('',(8.850120758788,12.223787140839));
#3935 = CARTESIAN_POINT('',(8.85034545567,12.229223409005));
#3936 = CARTESIAN_POINT('',(8.850431990531,12.234584951742));
#3937 = CARTESIAN_POINT('',(8.850388894749,12.239876751906));
#3938 = CARTESIAN_POINT('',(8.85022378598,12.245103238517));
#3939 = CARTESIAN_POINT('',(8.849943509396,12.250268373063));
#3940 = CARTESIAN_POINT('',(8.849554250988,12.255375718715));
#3941 = CARTESIAN_POINT('',(8.849061629338,12.260428496382));
#3942 = CARTESIAN_POINT('',(8.848470770617,12.265429630536));
#3943 = CARTESIAN_POINT('',(8.8477863704,12.270381786998));
#3944 = CARTESIAN_POINT('',(8.847012745048,12.275287404352));
#3945 = CARTESIAN_POINT('',(8.846153874746,12.280148720273));
#3946 = CARTESIAN_POINT('',(8.845213439854,12.284967793773));
#3947 = CARTESIAN_POINT('',(8.844194851844,12.289746524125));
#3948 = CARTESIAN_POINT('',(8.843101279835,12.294486667094));
#3949 = CARTESIAN_POINT('',(8.841935673526,12.29918984896));
#3950 = CARTESIAN_POINT('',(8.840700783156,12.303857578697));
#3951 = CARTESIAN_POINT('',(8.839399177031,12.308491258663));
#3952 = CARTESIAN_POINT('',(8.838033256869,12.31309219395));
#3953 = CARTESIAN_POINT('',(8.836605271915,12.317661600885));
#3954 = CARTESIAN_POINT('',(8.835117329681,12.322200613786));
#3955 = CARTESIAN_POINT('',(8.833571412589,12.326710294053));
#3956 = CARTESIAN_POINT('',(8.831969366844,12.331191627014));
#3957 = CARTESIAN_POINT('',(8.830312989767,12.33564556123));
#3958 = CARTESIAN_POINT('',(8.828603746141,12.340072887041));
#3959 = CARTESIAN_POINT('',(8.826843862688,12.344474711562));
#3960 = CARTESIAN_POINT('',(8.825032284392,12.348850709299));
#3961 = CARTESIAN_POINT('',(8.823179687129,12.35320587263));
#3962 = CARTESIAN_POINT('',(8.821251240905,12.357528257456));
#3963 = CARTESIAN_POINT('',(8.819452691386,12.361911138468));
#3964 = CARTESIAN_POINT('',(8.817742314932,12.366336953014));
#3965 = CARTESIAN_POINT('',(8.816106268167,12.370799853839));
#3966 = CARTESIAN_POINT('',(8.814534587114,12.375294752275));
#3967 = CARTESIAN_POINT('',(8.813020969393,12.379818463872));
#3968 = CARTESIAN_POINT('',(8.811560623398,12.384368542519));
#3969 = CARTESIAN_POINT('',(8.810149879606,12.388943108408));
#3970 = CARTESIAN_POINT('',(8.808785782642,12.39354063763));
#3971 = CARTESIAN_POINT('',(8.807465900524,12.398159868385));
#3972 = CARTESIAN_POINT('',(8.806188186646,12.402799731483));
#3973 = CARTESIAN_POINT('',(8.804950890894,12.407459306013));
#3974 = CARTESIAN_POINT('',(8.803752496011,12.412137787476));
#3975 = CARTESIAN_POINT('',(8.802591671761,12.416834464875));
#3976 = CARTESIAN_POINT('',(8.801467240672,12.421548703577));
#3977 = CARTESIAN_POINT('',(8.80037815195,12.426279932269));
#3978 = CARTESIAN_POINT('',(8.799323461186,12.431027632813));
#3979 = CARTESIAN_POINT('',(8.798302314326,12.435791332222));
#3980 = CARTESIAN_POINT('',(8.797313934801,12.440570596233));
#3981 = CARTESIAN_POINT('',(8.796357613079,12.445365024076));
#3982 = CARTESIAN_POINT('',(8.795432698063,12.450174244175));
#3983 = CARTESIAN_POINT('',(8.794538589959,12.454997910583));
#3984 = CARTESIAN_POINT('',(8.793674734288,12.459835699984));
#3985 = CARTESIAN_POINT('',(8.792840616827,12.464687309167));
#3986 = CARTESIAN_POINT('',(8.792035759303,12.469552452871));
#3987 = CARTESIAN_POINT('',(8.791259715694,12.474430861938));
#3988 = CARTESIAN_POINT('',(8.790512069042,12.479322281713));
#3989 = CARTESIAN_POINT('',(8.789792428676,12.484226470665));
#3990 = CARTESIAN_POINT('',(8.789100427802,12.489143199174));
#3991 = CARTESIAN_POINT('',(8.788435721375,12.49407224847));
#3992 = CARTESIAN_POINT('',(8.787797984231,12.499013409702));
#3993 = CARTESIAN_POINT('',(8.787186909431,12.503966483105));
#3994 = CARTESIAN_POINT('',(8.786602206789,12.508931277268));
#3995 = CARTESIAN_POINT('',(8.78604360156,12.513907608475));
#3996 = CARTESIAN_POINT('',(8.785510833264,12.51889530012));
#3997 = CARTESIAN_POINT('',(8.785003654628,12.523894182179));
#3998 = CARTESIAN_POINT('',(8.784521830639,12.52890409073));
#3999 = CARTESIAN_POINT('',(8.784065137678,12.533924867528));
#4000 = CARTESIAN_POINT('',(8.783633362744,12.538956359615));
#4001 = CARTESIAN_POINT('',(8.783226302747,12.543998418964));
#4002 = CARTESIAN_POINT('',(8.782843763856,12.549050902155));
#4003 = CARTESIAN_POINT('',(8.78248556092,12.554113670086));
#4004 = CARTESIAN_POINT('',(8.782151516917,12.559186587699));
#4005 = CARTESIAN_POINT('',(8.78184146247,12.564269523734));
#4006 = CARTESIAN_POINT('',(8.781555235385,12.569362350502));
#4007 = CARTESIAN_POINT('',(8.781292680236,12.574464943677));
#4008 = CARTESIAN_POINT('',(8.781053647979,12.579577182101));
#4009 = CARTESIAN_POINT('',(8.780837995591,12.584698947609));
#4010 = CARTESIAN_POINT('',(8.780645585747,12.589830124861));
#4011 = CARTESIAN_POINT('',(8.780476286507,12.594970601189));
#4012 = CARTESIAN_POINT('',(8.780329971033,12.600120266458));
#4013 = CARTESIAN_POINT('',(8.780206517329,12.605279012931));
#4014 = CARTESIAN_POINT('',(8.780105807987,12.610446735149));
#4015 = CARTESIAN_POINT('',(8.780027729965,12.615623329811));
#4016 = CARTESIAN_POINT('',(8.779972174366,12.620808695675));
#4017 = CARTESIAN_POINT('',(8.779939036242,12.626002733449));
#4018 = CARTESIAN_POINT('',(8.779928214402,12.631205345704));
#4019 = CARTESIAN_POINT('',(8.779939611241,12.636416436785));
#4020 = CARTESIAN_POINT('',(8.779973132569,12.641635912724));
#4021 = CARTESIAN_POINT('',(8.780028687461,12.646863681168));
#4022 = CARTESIAN_POINT('',(8.780106188106,12.652099651306));
#4023 = CARTESIAN_POINT('',(8.780205549675,12.657343733795));
#4024 = CARTESIAN_POINT('',(8.780326690187,12.662595840703));
#4025 = CARTESIAN_POINT('',(8.780469530389,12.667855885442));
#4026 = CARTESIAN_POINT('',(8.780633993639,12.673123782715));
#4027 = CARTESIAN_POINT('',(8.7808200058,12.678399448457));
#4028 = CARTESIAN_POINT('',(8.781027495134,12.68368279979));
#4029 = CARTESIAN_POINT('',(8.781256392207,12.688973754969));
#4030 = CARTESIAN_POINT('',(8.781506629794,12.694272233338));
#4031 = CARTESIAN_POINT('',(8.781778142793,12.699578155286));
#4032 = CARTESIAN_POINT('',(8.782070868138,12.704891442209));
#4033 = CARTESIAN_POINT('',(8.782384744735,12.710212016465));
#4034 = CARTESIAN_POINT('',(8.782719713358,12.71553980134));
#4035 = CARTESIAN_POINT('',(8.78307571661,12.720874721013));
#4036 = CARTESIAN_POINT('',(8.783452698833,12.726216700523));
#4037 = CARTESIAN_POINT('',(8.783850606053,12.731565665731));
#4038 = CARTESIAN_POINT('',(8.784269385915,12.736921543299));
#4039 = CARTESIAN_POINT('',(8.784577591029,12.740681348759));
#4040 = CARTESIAN_POINT('',(8.784743568953,12.742656057261));
#4041 = CARTESIAN_POINT('',(8.784759360785,12.742843499569));
#4042 = ( GEOMETRIC_REPRESENTATION_CONTEXT(2) 
PARAMETRIC_REPRESENTATION_CONTEXT() REPRESENTATION_CONTEXT('2D SPACE',''
  ) );
#4043 = ORIENTED_EDGE('',*,*,#4044,.T.);
#4044 = EDGE_CURVE('',#3645,#4045,#4047,.T.);
#4045 = VERTEX_POINT('',#4046);
#4046 = CARTESIAN_POINT('',(-0.916040955396,2.856723517197,-4.5000001757
    ));
#4047 = SURFACE_CURVE('',#4048,(#4053,#4060),.PCURVE_S1.);
#4048 = CIRCLE('',#4049,3.);
#4049 = AXIS2_PLACEMENT_3D('',#4050,#4051,#4052);
#4050 = CARTESIAN_POINT('',(9.037215420449E-14,4.99999084913E-08,
    -4.5000003514));
#4051 = DIRECTION('',(3.431321225571E-15,-9.104279154523E-17,-1.));
#4052 = DIRECTION('',(4.996003610813E-16,-1.,9.104279154523E-17));
#4053 = PCURVE('',#156,#4054);
#4054 = DEFINITIONAL_REPRESENTATION('',(#4055),#4059);
#4055 = CIRCLE('',#4056,3.);
#4056 = AXIS2_PLACEMENT_2D('',#4057,#4058);
#4057 = CARTESIAN_POINT('',(1.110223024625E-15,7.216449660064E-16));
#4058 = DIRECTION('',(1.,-1.657422360651E-32));
#4059 = ( GEOMETRIC_REPRESENTATION_CONTEXT(2) 
PARAMETRIC_REPRESENTATION_CONTEXT() REPRESENTATION_CONTEXT('2D SPACE',''
  ) );
#4060 = PCURVE('',#3908,#4061);
#4061 = DEFINITIONAL_REPRESENTATION('',(#4062),#4070);
#4062 = ( BOUNDED_CURVE() B_SPLINE_CURVE(2,(#4063,#4064,#4065,#4066,
#4067,#4068,#4069),.UNSPECIFIED.,.T.,.F.) B_SPLINE_CURVE_WITH_KNOTS((1,2
    ,2,2,2,1),(-2.094395102393,0.,2.094395102393,4.188790204786,
6.28318530718,8.377580409573),.UNSPECIFIED.) CURVE() 
GEOMETRIC_REPRESENTATION_ITEM() RATIONAL_B_SPLINE_CURVE((1.,0.5,1.,0.5,
1.,0.5,1.)) REPRESENTATION_ITEM('') );
#4063 = CARTESIAN_POINT('',(10.,7.00000005));
#4064 = CARTESIAN_POINT('',(4.803847577293,7.00000005));
#4065 = CARTESIAN_POINT('',(7.401923788647,11.50000005));
#4066 = CARTESIAN_POINT('',(10.,16.00000005));
#4067 = CARTESIAN_POINT('',(12.598076211353,11.50000005));
#4068 = CARTESIAN_POINT('',(15.196152422707,7.00000005));
#4069 = CARTESIAN_POINT('',(10.,7.00000005));
#4070 = ( GEOMETRIC_REPRESENTATION_CONTEXT(2) 
PARAMETRIC_REPRESENTATION_CONTEXT() REPRESENTATION_CONTEXT('2D SPACE',''
  ) );
#4071 = ORIENTED_EDGE('',*,*,#4072,.F.);
#4072 = EDGE_CURVE('',#4073,#4045,#4075,.T.);
#4073 = VERTEX_POINT('',#4074);
#4074 = CARTESIAN_POINT('',(-0.905866657859,3.380740392012,-4.5));
#4075 = SURFACE_CURVE('',#4076,(#4080,#4087),.PCURVE_S1.);
#4076 = LINE('',#4077,#4078);
#4077 = CARTESIAN_POINT('',(-0.905866657859,3.380740392012,-4.5));
#4078 = VECTOR('',#4079,1.);
#4079 = DIRECTION('',(-1.941231440264E-02,-0.999811563271,0.));
#4080 = PCURVE('',#156,#4081);
#4081 = DEFINITIONAL_REPRESENTATION('',(#4082),#4086);
#4082 = LINE('',#4083,#4084);
#4083 = CARTESIAN_POINT('',(-3.380740342012,0.905866657859));
#4084 = VECTOR('',#4085,1.);
#4085 = DIRECTION('',(0.999811563271,1.941231440264E-02));
#4086 = ( GEOMETRIC_REPRESENTATION_CONTEXT(2) 
PARAMETRIC_REPRESENTATION_CONTEXT() REPRESENTATION_CONTEXT('2D SPACE',''
  ) );
#4087 = PCURVE('',#4088,#4093);
#4088 = PLANE('',#4089);
#4089 = AXIS2_PLACEMENT_3D('',#4090,#4091,#4092);
#4090 = CARTESIAN_POINT('',(-0.905866657859,3.380740392012,-4.5));
#4091 = DIRECTION('',(0.999811563271,-1.941231440264E-02,0.));
#4092 = DIRECTION('',(-1.941231440264E-02,-0.999811563271,0.));
#4093 = DEFINITIONAL_REPRESENTATION('',(#4094),#4098);
#4094 = LINE('',#4095,#4096);
#4095 = CARTESIAN_POINT('',(0.,0.));
#4096 = VECTOR('',#4097,1.);
#4097 = DIRECTION('',(1.,0.));
#4098 = ( GEOMETRIC_REPRESENTATION_CONTEXT(2) 
PARAMETRIC_REPRESENTATION_CONTEXT() REPRESENTATION_CONTEXT('2D SPACE',''
  ) );
#4099 = ORIENTED_EDGE('',*,*,#4100,.F.);
#4100 = EDGE_CURVE('',#4101,#4073,#4103,.T.);
#4101 = VERTEX_POINT('',#4102);
#4102 = CARTESIAN_POINT('',(-0.45684167277,3.470057014808,-4.5));
#4103 = SURFACE_CURVE('',#4104,(#4108,#4115),.PCURVE_S1.);
#4104 = LINE('',#4105,#4106);
#4105 = CARTESIAN_POINT('',(-0.45684167277,3.470057014808,-4.5));
#4106 = VECTOR('',#4107,1.);
#4107 = DIRECTION('',(-0.980785280403,-0.195090322016,0.));
#4108 = PCURVE('',#156,#4109);
#4109 = DEFINITIONAL_REPRESENTATION('',(#4110),#4114);
#4110 = LINE('',#4111,#4112);
#4111 = CARTESIAN_POINT('',(-3.470056964808,0.45684167277));
#4112 = VECTOR('',#4113,1.);
#4113 = DIRECTION('',(0.195090322016,0.980785280403));
#4114 = ( GEOMETRIC_REPRESENTATION_CONTEXT(2) 
PARAMETRIC_REPRESENTATION_CONTEXT() REPRESENTATION_CONTEXT('2D SPACE',''
  ) );
#4115 = PCURVE('',#4116,#4121);
#4116 = PLANE('',#4117);
#4117 = AXIS2_PLACEMENT_3D('',#4118,#4119,#4120);
#4118 = CARTESIAN_POINT('',(-0.45684167277,3.470057014808,-4.5));
#4119 = DIRECTION('',(0.195090322016,-0.980785280403,0.));
#4120 = DIRECTION('',(-0.980785280403,-0.195090322016,0.));
#4121 = DEFINITIONAL_REPRESENTATION('',(#4122),#4126);
#4122 = LINE('',#4123,#4124);
#4123 = CARTESIAN_POINT('',(0.,0.));
#4124 = VECTOR('',#4125,1.);
#4125 = DIRECTION('',(1.,0.));
#4126 = ( GEOMETRIC_REPRESENTATION_CONTEXT(2) 
PARAMETRIC_REPRESENTATION_CONTEXT() REPRESENTATION_CONTEXT('2D SPACE',''
  ) );
#4127 = ORIENTED_EDGE('',*,*,#4128,.F.);
#4128 = EDGE_CURVE('',#4129,#4101,#4131,.T.);
#4129 = VERTEX_POINT('',#4130);
#4130 = CARTESIAN_POINT('',(-5.288547419731E-02,2.545979190572,
    -4.5000001757));
#4131 = SURFACE_CURVE('',#4132,(#4136,#4143),.PCURVE_S1.);
#4132 = LINE('',#4133,#4134);
#4133 = CARTESIAN_POINT('',(1.484884243966E-16,2.425,-4.5));
#4134 = VECTOR('',#4135,1.);
#4135 = DIRECTION('',(-0.400545960706,0.916276668568,0.));
#4136 = PCURVE('',#156,#4137);
#4137 = DEFINITIONAL_REPRESENTATION('',(#4138),#4142);
#4138 = LINE('',#4139,#4140);
#4139 = CARTESIAN_POINT('',(-2.42499995,8.973377868969E-14));
#4140 = VECTOR('',#4141,1.);
#4141 = DIRECTION('',(-0.916276668568,0.400545960706));
#4142 = ( GEOMETRIC_REPRESENTATION_CONTEXT(2) 
PARAMETRIC_REPRESENTATION_CONTEXT() REPRESENTATION_CONTEXT('2D SPACE',''
  ) );
#4143 = PCURVE('',#4144,#4149);
#4144 = PLANE('',#4145);
#4145 = AXIS2_PLACEMENT_3D('',#4146,#4147,#4148);
#4146 = CARTESIAN_POINT('',(1.484884243966E-16,2.425,-4.5));
#4147 = DIRECTION('',(-0.916276668568,-0.400545960706,0.));
#4148 = DIRECTION('',(-0.400545960706,0.916276668568,0.));
#4149 = DEFINITIONAL_REPRESENTATION('',(#4150),#4154);
#4150 = LINE('',#4151,#4152);
#4151 = CARTESIAN_POINT('',(0.,0.));
#4152 = VECTOR('',#4153,1.);
#4153 = DIRECTION('',(1.,0.));
#4154 = ( GEOMETRIC_REPRESENTATION_CONTEXT(2) 
PARAMETRIC_REPRESENTATION_CONTEXT() REPRESENTATION_CONTEXT('2D SPACE',''
  ) );
#4155 = ORIENTED_EDGE('',*,*,#4156,.T.);
#4156 = EDGE_CURVE('',#4129,#4157,#4159,.T.);
#4157 = VERTEX_POINT('',#4158);
#4158 = CARTESIAN_POINT('',(9.51811887706E-02,2.998489760063,
    -4.5000003514));
#4159 = SURFACE_CURVE('',#4160,(#4288,#4419),.PCURVE_S1.);
#4160 = B_SPLINE_CURVE_WITH_KNOTS('',3,(#4161,#4162,#4163,#4164,#4165,
    #4166,#4167,#4168,#4169,#4170,#4171,#4172,#4173,#4174,#4175,#4176,
    #4177,#4178,#4179,#4180,#4181,#4182,#4183,#4184,#4185,#4186,#4187,
    #4188,#4189,#4190,#4191,#4192,#4193,#4194,#4195,#4196,#4197,#4198,
    #4199,#4200,#4201,#4202,#4203,#4204,#4205,#4206,#4207,#4208,#4209,
    #4210,#4211,#4212,#4213,#4214,#4215,#4216,#4217,#4218,#4219,#4220,
    #4221,#4222,#4223,#4224,#4225,#4226,#4227,#4228,#4229,#4230,#4231,
    #4232,#4233,#4234,#4235,#4236,#4237,#4238,#4239,#4240,#4241,#4242,
    #4243,#4244,#4245,#4246,#4247,#4248,#4249,#4250,#4251,#4252,#4253,
    #4254,#4255,#4256,#4257,#4258,#4259,#4260,#4261,#4262,#4263,#4264,
    #4265,#4266,#4267,#4268,#4269,#4270,#4271,#4272,#4273,#4274,#4275,
    #4276,#4277,#4278,#4279,#4280,#4281,#4282,#4283,#4284,#4285,#4286,
    #4287),.UNSPECIFIED.,.F.,.F.,(4,1,1,1,1,1,1,1,1,1,1,1,1,1,1,1,1,1,1,
    1,1,1,1,1,1,1,1,1,1,1,1,1,1,1,1,1,1,1,1,1,1,1,1,1,1,1,1,1,1,1,1,1,1,
    1,1,1,1,1,1,1,1,1,1,1,1,1,1,1,1,1,1,1,1,1,1,1,1,1,1,1,1,1,1,1,1,1,1,
    1,1,1,1,1,1,1,1,1,1,1,1,1,1,1,1,1,1,1,1,1,1,1,1,1,1,1,1,1,1,1,1,1,1,
    1,1,1,4),(0.,3.825348486101E-02,5.430853348674E-02,
    6.675617629157E-02,7.735884378815E-02,8.679755798888E-02,
    9.542083346997E-02,0.103435317105,0.110975441185,0.118134466631,
    0.124980232214,0.131563916605,0.137925263337,0.144095870271,
    0.150101352936,0.155962819326,0.16169790603,0.167321525098,
    0.172846414439,0.178283551377,0.18364246875,0.188931500289,
    0.194157973749,0.199328364902,0.20444842177,0.209523265982,
    0.214557476318,0.219555158251,0.224520002363,0.229455333832,
    0.234364154694,0.239249180184,0.244112870201,0.248957456702,
    0.253784967687,0.258597248282,0.263395979354,0.268182693996,
    0.272958792175,0.27772555377,0.282484150212,0.287235654883,
    0.291981052431,0.296721247119,0.301457070315,0.306189287223,
    0.310919293077,0.315655371856,0.320399980632,0.32515309033,
    0.329914691623,0.33468478033,0.339463354215,0.344250411941,
    0.349045952647,0.353849975744,0.358662480811,0.363483467539,
    0.368312935692,0.373150885086,0.377997315577,0.382852227048,
    0.387715619403,0.392587492562,0.397467846459,0.402356681039,
    0.407253996253,0.41215979206,0.417074068425,0.421996825315,
    0.426928062704,0.431867780568,0.436815978885,0.441772657636,
    0.446737816804,0.451711456374,0.456693576332,0.461684176666,
    0.466683257364,0.471690818415,0.476706859811,0.481731381543,
    0.486764383603,0.491805865984,0.496855828678,0.50191427168,
    0.506981194984,0.512056598584,0.517140482477,0.522232846656,
    0.527333691118,0.532443015859,0.537560820874,0.542687106161,
    0.547821871717,0.552965117537,0.55811684362,0.563277049962,
    0.56844573656,0.573622903413,0.578808550518,0.584002677873,
    0.589205285476,0.594416373325,0.599635941417,0.604863989752,
    0.610100518327,0.615345527141,0.620599016193,0.62586098548,
    0.631131435002,0.636410364758,0.641697774745,0.646993664963,
    0.652298035411,0.657610886087,0.66293221699,0.668262028121,
    0.673600319476,0.678947091057,0.684302342861,0.689666074887,
    0.695038287136,0.700418979606,0.700983298372),.UNSPECIFIED.);
#4161 = CARTESIAN_POINT('',(-0.208582479025,2.409488709331,-4.5000003514
    ));
#4162 = CARTESIAN_POINT('',(-0.195814407252,2.410578602652,-4.5000003514
    ));
#4163 = CARTESIAN_POINT('',(-0.177945602693,2.4142777469,-4.5000003514)
  );
#4164 = CARTESIAN_POINT('',(-0.15713910076,2.422256514883,-4.5000003514)
  );
#4165 = CARTESIAN_POINT('',(-0.145398445547,2.427947326597,-4.5000003514
    ));
#4166 = CARTESIAN_POINT('',(-0.135991494549,2.43332706978,-4.5000003514)
  );
#4167 = CARTESIAN_POINT('',(-0.127985964934,2.438551973872,-4.5000003514
    ));
#4168 = CARTESIAN_POINT('',(-0.12096300966,2.443679742339,-4.5000003514)
  );
#4169 = CARTESIAN_POINT('',(-0.114686373314,2.44873952722,-4.5000003514)
  );
#4170 = CARTESIAN_POINT('',(-0.109005870863,2.453748495035,-4.5000003514
    ));
#4171 = CARTESIAN_POINT('',(-0.103818457492,2.458717810033,-4.5000003514
    ));
#4172 = CARTESIAN_POINT('',(-9.904953811245E-02,2.463655227127,
    -4.5000003514));
#4173 = CARTESIAN_POINT('',(-9.464290231508E-02,2.468566400675,
    -4.5000003514));
#4174 = CARTESIAN_POINT('',(-9.055484601238E-02,2.473455606451,
    -4.5000003514));
#4175 = CARTESIAN_POINT('',(-8.675052012727E-02,2.478326171488,
    -4.5000003514));
#4176 = CARTESIAN_POINT('',(-8.320155059756E-02,2.483180744426,
    -4.5000003514));
#4177 = CARTESIAN_POINT('',(-7.98844254119E-02,2.488021473566,
    -4.5000003514));
#4178 = CARTESIAN_POINT('',(-7.677936581991E-02,2.492850128557,
    -4.5000003514));
#4179 = CARTESIAN_POINT('',(-7.386951480781E-02,2.497668186169,
    -4.5000003514));
#4180 = CARTESIAN_POINT('',(-7.114034020509E-02,2.5024768924,
    -4.5000003514));
#4181 = CARTESIAN_POINT('',(-6.857918695025E-02,2.507277308452,
    -4.5000003514));
#4182 = CARTESIAN_POINT('',(-6.617493552465E-02,2.512070345472,
    -4.5000003514));
#4183 = CARTESIAN_POINT('',(-6.39177374405E-02,2.516856791234,
    -4.5000003514));
#4184 = CARTESIAN_POINT('',(-6.179880774788E-02,2.521637330969,
    -4.5000003514));
#4185 = CARTESIAN_POINT('',(-5.981026033512E-02,2.526412563847,
    -4.5000003514));
#4186 = CARTESIAN_POINT('',(-5.794497581386E-02,2.53118301617,
    -4.5000003514));
#4187 = CARTESIAN_POINT('',(-5.619649451689E-02,2.535949152068,
    -4.5000003514));
#4188 = CARTESIAN_POINT('',(-5.455892904342E-02,2.540711382236,
    -4.5000003514));
#4189 = CARTESIAN_POINT('',(-5.302689216905E-02,2.545470071163,
    -4.5000003514));
#4190 = CARTESIAN_POINT('',(-5.159543692653E-02,2.550225543136,
    -4.5000003514));
#4191 = CARTESIAN_POINT('',(-5.026000640108E-02,2.554978087297,
    -4.5000003514));
#4192 = CARTESIAN_POINT('',(-4.90163913318E-02,2.5597279619,
    -4.5000003514));
#4193 = CARTESIAN_POINT('',(-4.786069402499E-02,2.564475397949,
    -4.5000003514));
#4194 = CARTESIAN_POINT('',(-4.678929740481E-02,2.569220602306,
    -4.5000003514));
#4195 = CARTESIAN_POINT('',(-4.579883826791E-02,2.573963760371,
    -4.5000003514));
#4196 = CARTESIAN_POINT('',(-4.488618401546E-02,2.578705038399,
    -4.5000003514));
#4197 = CARTESIAN_POINT('',(-4.404841222171E-02,2.583444585525,
    -4.5000003514));
#4198 = CARTESIAN_POINT('',(-4.328279275856E-02,2.588182535529,
    -4.5000003514));
#4199 = CARTESIAN_POINT('',(-4.258677137924E-02,2.592919008372,
    -4.5000003514));
#4200 = CARTESIAN_POINT('',(-4.195795711999E-02,2.597654111628,
    -4.5000003514));
#4201 = CARTESIAN_POINT('',(-4.139410335535E-02,2.602387941441,
    -4.5000003514));
#4202 = CARTESIAN_POINT('',(-4.08931191958E-02,2.607120584524,
    -4.5000003514));
#4203 = CARTESIAN_POINT('',(-4.045297374411E-02,2.611852115671,
    -4.5000003514));
#4204 = CARTESIAN_POINT('',(-4.007200436166E-02,2.61658261141,
    -4.5000003514));
#4205 = CARTESIAN_POINT('',(-3.974772448133E-02,2.621312103079,
    -4.5000003514));
#4206 = CARTESIAN_POINT('',(-3.948122586782E-02,2.626040755171,
    -4.5000003514));
#4207 = CARTESIAN_POINT('',(-3.926072377599E-02,2.630768433574,
    -4.5000003514));
#4208 = CARTESIAN_POINT('',(-3.912278129709E-02,2.635499489196,
    -4.5000003514));
#4209 = CARTESIAN_POINT('',(-3.884155761965E-02,2.64022868993,
    -4.5000003514));
#4210 = CARTESIAN_POINT('',(-3.8462264593E-02,2.644958315582,
    -4.5000003514));
#4211 = CARTESIAN_POINT('',(-3.79999116974E-02,2.649689104374,
    -4.5000003514));
#4212 = CARTESIAN_POINT('',(-3.746568405647E-02,2.654420794781,
    -4.5000003514));
#4213 = CARTESIAN_POINT('',(-3.686664159784E-02,2.659153252214,
    -4.5000003514));
#4214 = CARTESIAN_POINT('',(-3.620816273991E-02,2.663886351801,
    -4.5000003514));
#4215 = CARTESIAN_POINT('',(-3.549436922381E-02,2.668619992043,
    -4.5000003514));
#4216 = CARTESIAN_POINT('',(-3.472858495135E-02,2.673354082233,
    -4.5000003514));
#4217 = CARTESIAN_POINT('',(-3.391354853781E-02,2.678088540725,
    -4.5000003514));
#4218 = CARTESIAN_POINT('',(-3.305156781363E-02,2.682823292203,
    -4.5000003514));
#4219 = CARTESIAN_POINT('',(-3.214461914725E-02,2.687558266299,
    -4.5000003514));
#4220 = CARTESIAN_POINT('',(-3.119441859748E-02,2.692293396499,
    -4.5000003514));
#4221 = CARTESIAN_POINT('',(-3.020247315668E-02,2.697028619384,
    -4.5000003514));
#4222 = CARTESIAN_POINT('',(-2.917011904633E-02,2.701763874056,
    -4.5000003514));
#4223 = CARTESIAN_POINT('',(-2.80985508839E-02,2.706499101702,
    -4.5000003514));
#4224 = CARTESIAN_POINT('',(-2.698884436346E-02,2.711234245258,
    -4.5000003514));
#4225 = CARTESIAN_POINT('',(-2.584197418251E-02,2.71596924914,
    -4.5000003514));
#4226 = CARTESIAN_POINT('',(-2.465882842418E-02,2.720704059029,
    -4.5000003514));
#4227 = CARTESIAN_POINT('',(-2.344022024424E-02,2.725438621699,
    -4.5000003514));
#4228 = CARTESIAN_POINT('',(-2.218689747978E-02,2.730172884873,
    -4.5000003514));
#4229 = CARTESIAN_POINT('',(-2.089955062896E-02,2.734906797103,
    -4.5000003514));
#4230 = CARTESIAN_POINT('',(-1.957881954133E-02,2.739640307671,
    -4.5000003514));
#4231 = CARTESIAN_POINT('',(-1.822529907281E-02,2.744373366507,
    -4.5000003514));
#4232 = CARTESIAN_POINT('',(-1.683954390315E-02,2.749105924115,
    -4.5000003514));
#4233 = CARTESIAN_POINT('',(-1.542207266774E-02,2.753837931511,
    -4.5000003514));
#4234 = CARTESIAN_POINT('',(-1.397337152419E-02,2.758569340174,
    -4.5000003514));
#4235 = CARTESIAN_POINT('',(-1.249389724963E-02,2.763300101994,
    -4.5000003514));
#4236 = CARTESIAN_POINT('',(-1.098407994395E-02,2.768030169239,
    -4.5000003514));
#4237 = CARTESIAN_POINT('',(-9.444325401882E-03,2.772759494514,
    -4.5000003514));
#4238 = CARTESIAN_POINT('',(-7.875017203818E-03,2.777488030732,
    -4.5000003514));
#4239 = CARTESIAN_POINT('',(-6.276518566658E-03,2.782215731087,
    -4.5000003514));
#4240 = CARTESIAN_POINT('',(-4.649173988878E-03,2.786942549032,
    -4.5000003514));
#4241 = CARTESIAN_POINT('',(-2.993310718343E-03,2.791668438251,
    -4.5000003514));
#4242 = CARTESIAN_POINT('',(-1.309240066414E-03,2.796393352647,
    -4.5000003514));
#4243 = CARTESIAN_POINT('',(4.027414114836E-04,2.801117246319,
    -4.5000003514));
#4244 = CARTESIAN_POINT('',(2.142350852055E-03,2.805840073548,
    -4.5000003514));
#4245 = CARTESIAN_POINT('',(3.909318122623E-03,2.810561788786,
    -4.5000003514));
#4246 = CARTESIAN_POINT('',(5.70338494975E-03,2.815282346638,
    -4.5000003514));
#4247 = CARTESIAN_POINT('',(7.524304127348E-03,2.820001701855,
    -4.5000003514));
#4248 = CARTESIAN_POINT('',(9.37183879537E-03,2.82471980932,
    -4.5000003514));
#4249 = CARTESIAN_POINT('',(1.124576178109E-02,2.829436624041,
    -4.5000003514));
#4250 = CARTESIAN_POINT('',(1.31458549963E-02,2.834152101141,
    -4.5000003514));
#4251 = CARTESIAN_POINT('',(1.507190888445E-02,2.838866195848,
    -4.5000003514));
#4252 = CARTESIAN_POINT('',(1.702372191257E-02,2.843578863494,
    -4.5000003514));
#4253 = CARTESIAN_POINT('',(1.900110010342E-02,2.8482900595,
    -4.5000003514));
#4254 = CARTESIAN_POINT('',(2.100385660388E-02,2.852999739375,
    -4.5000003514));
#4255 = CARTESIAN_POINT('',(2.303181128624E-02,2.857707858711,
    -4.5000003514));
#4256 = CARTESIAN_POINT('',(2.508479037884E-02,2.862414373172,
    -4.5000003514));
#4257 = CARTESIAN_POINT('',(2.716262612386E-02,2.867119238498,
    -4.5000003514));
#4258 = CARTESIAN_POINT('',(2.926515645945E-02,2.87182241049,
    -4.5000003514));
#4259 = CARTESIAN_POINT('',(3.139222472399E-02,2.876523845015,
    -4.5000003514));
#4260 = CARTESIAN_POINT('',(3.354367938085E-02,2.881223497996,
    -4.5000003514));
#4261 = CARTESIAN_POINT('',(3.571937376157E-02,2.885921325413,
    -4.5000003514));
#4262 = CARTESIAN_POINT('',(3.791916582599E-02,2.890617283296,
    -4.5000003514));
#4263 = CARTESIAN_POINT('',(4.014291793818E-02,2.895311327722,
    -4.5000003514));
#4264 = CARTESIAN_POINT('',(4.239049665633E-02,2.900003414817,
    -4.5000003514));
#4265 = CARTESIAN_POINT('',(4.466177253603E-02,2.904693500745,
    -4.5000003514));
#4266 = CARTESIAN_POINT('',(4.695661994598E-02,2.909381541713,
    -4.5000003514));
#4267 = CARTESIAN_POINT('',(4.927491689369E-02,2.914067493966,
    -4.5000003514));
#4268 = CARTESIAN_POINT('',(5.161654486386E-02,2.918751313783,
    -4.5000003514));
#4269 = CARTESIAN_POINT('',(5.398138866292E-02,2.923432957478,
    -4.5000003514));
#4270 = CARTESIAN_POINT('',(5.636933627611E-02,2.928112381395,
    -4.5000003514));
#4271 = CARTESIAN_POINT('',(5.878027873002E-02,2.932789541908,
    -4.5000003514));
#4272 = CARTESIAN_POINT('',(6.121410996411E-02,2.93746439542,
    -4.5000003514));
#4273 = CARTESIAN_POINT('',(6.367072670897E-02,2.942136898359,
    -4.5000003514));
#4274 = CARTESIAN_POINT('',(6.615002837115E-02,2.94680700718,
    -4.5000003514));
#4275 = CARTESIAN_POINT('',(6.865191692438E-02,2.95147467836,
    -4.5000003514));
#4276 = CARTESIAN_POINT('',(7.117629680569E-02,2.956139868398,
    -4.5000003514));
#4277 = CARTESIAN_POINT('',(7.372307481977E-02,2.960802533813,
    -4.5000003514));
#4278 = CARTESIAN_POINT('',(7.629216003919E-02,2.96546263115,
    -4.5000003514));
#4279 = CARTESIAN_POINT('',(7.888346373371E-02,2.970120116962,
    -4.5000003514));
#4280 = CARTESIAN_POINT('',(8.149689925821E-02,2.974774947831,
    -4.5000003514));
#4281 = CARTESIAN_POINT('',(8.413238200062E-02,2.979427080348,
    -4.5000003514));
#4282 = CARTESIAN_POINT('',(8.678982929137E-02,2.984076471122,
    -4.5000003514));
#4283 = CARTESIAN_POINT('',(8.946916033375E-02,2.988723076778,
    -4.5000003514));
#4284 = CARTESIAN_POINT('',(9.21702961375E-02,2.993366853955,
    -4.5000003514));
#4285 = CARTESIAN_POINT('',(9.407929780185E-02,2.996620596437,
    -4.5000003514));
#4286 = CARTESIAN_POINT('',(9.508563265216E-02,2.998327732197,
    -4.5000003514));
#4287 = CARTESIAN_POINT('',(9.51811887706E-02,2.998489760063,
    -4.5000003514));
#4288 = PCURVE('',#156,#4289);
#4289 = DEFINITIONAL_REPRESENTATION('',(#4290),#4418);
#4290 = B_SPLINE_CURVE_WITH_KNOTS('',3,(#4291,#4292,#4293,#4294,#4295,
    #4296,#4297,#4298,#4299,#4300,#4301,#4302,#4303,#4304,#4305,#4306,
    #4307,#4308,#4309,#4310,#4311,#4312,#4313,#4314,#4315,#4316,#4317,
    #4318,#4319,#4320,#4321,#4322,#4323,#4324,#4325,#4326,#4327,#4328,
    #4329,#4330,#4331,#4332,#4333,#4334,#4335,#4336,#4337,#4338,#4339,
    #4340,#4341,#4342,#4343,#4344,#4345,#4346,#4347,#4348,#4349,#4350,
    #4351,#4352,#4353,#4354,#4355,#4356,#4357,#4358,#4359,#4360,#4361,
    #4362,#4363,#4364,#4365,#4366,#4367,#4368,#4369,#4370,#4371,#4372,
    #4373,#4374,#4375,#4376,#4377,#4378,#4379,#4380,#4381,#4382,#4383,
    #4384,#4385,#4386,#4387,#4388,#4389,#4390,#4391,#4392,#4393,#4394,
    #4395,#4396,#4397,#4398,#4399,#4400,#4401,#4402,#4403,#4404,#4405,
    #4406,#4407,#4408,#4409,#4410,#4411,#4412,#4413,#4414,#4415,#4416,
    #4417),.UNSPECIFIED.,.F.,.F.,(4,1,1,1,1,1,1,1,1,1,1,1,1,1,1,1,1,1,1,
    1,1,1,1,1,1,1,1,1,1,1,1,1,1,1,1,1,1,1,1,1,1,1,1,1,1,1,1,1,1,1,1,1,1,
    1,1,1,1,1,1,1,1,1,1,1,1,1,1,1,1,1,1,1,1,1,1,1,1,1,1,1,1,1,1,1,1,1,1,
    1,1,1,1,1,1,1,1,1,1,1,1,1,1,1,1,1,1,1,1,1,1,1,1,1,1,1,1,1,1,1,1,1,1,
    1,1,1,4),(0.,3.825348486101E-02,5.430853348674E-02,
    6.675617629157E-02,7.735884378815E-02,8.679755798888E-02,
    9.542083346997E-02,0.103435317105,0.110975441185,0.118134466631,
    0.124980232214,0.131563916605,0.137925263337,0.144095870271,
    0.150101352936,0.155962819326,0.16169790603,0.167321525098,
    0.172846414439,0.178283551377,0.18364246875,0.188931500289,
    0.194157973749,0.199328364902,0.20444842177,0.209523265982,
    0.214557476318,0.219555158251,0.224520002363,0.229455333832,
    0.234364154694,0.239249180184,0.244112870201,0.248957456702,
    0.253784967687,0.258597248282,0.263395979354,0.268182693996,
    0.272958792175,0.27772555377,0.282484150212,0.287235654883,
    0.291981052431,0.296721247119,0.301457070315,0.306189287223,
    0.310919293077,0.315655371856,0.320399980632,0.32515309033,
    0.329914691623,0.33468478033,0.339463354215,0.344250411941,
    0.349045952647,0.353849975744,0.358662480811,0.363483467539,
    0.368312935692,0.373150885086,0.377997315577,0.382852227048,
    0.387715619403,0.392587492562,0.397467846459,0.402356681039,
    0.407253996253,0.41215979206,0.417074068425,0.421996825315,
    0.426928062704,0.431867780568,0.436815978885,0.441772657636,
    0.446737816804,0.451711456374,0.456693576332,0.461684176666,
    0.466683257364,0.471690818415,0.476706859811,0.481731381543,
    0.486764383603,0.491805865984,0.496855828678,0.50191427168,
    0.506981194984,0.512056598584,0.517140482477,0.522232846656,
    0.527333691118,0.532443015859,0.537560820874,0.542687106161,
    0.547821871717,0.552965117537,0.55811684362,0.563277049962,
    0.56844573656,0.573622903413,0.578808550518,0.584002677873,
    0.589205285476,0.594416373325,0.599635941417,0.604863989752,
    0.610100518327,0.615345527141,0.620599016193,0.62586098548,
    0.631131435002,0.636410364758,0.641697774745,0.646993664963,
    0.652298035411,0.657610886087,0.66293221699,0.668262028121,
    0.673600319476,0.678947091057,0.684302342861,0.689666074887,
    0.695038287136,0.700418979606,0.700983298372),.UNSPECIFIED.);
#4291 = CARTESIAN_POINT('',(-2.409488659331,0.208582479025));
#4292 = CARTESIAN_POINT('',(-2.410578552652,0.195814407252));
#4293 = CARTESIAN_POINT('',(-2.4142776969,0.177945602693));
#4294 = CARTESIAN_POINT('',(-2.422256464883,0.15713910076));
#4295 = CARTESIAN_POINT('',(-2.427947276597,0.145398445547));
#4296 = CARTESIAN_POINT('',(-2.43332701978,0.135991494549));
#4297 = CARTESIAN_POINT('',(-2.438551923872,0.127985964934));
#4298 = CARTESIAN_POINT('',(-2.443679692339,0.12096300966));
#4299 = CARTESIAN_POINT('',(-2.44873947722,0.114686373314));
#4300 = CARTESIAN_POINT('',(-2.453748445035,0.109005870863));
#4301 = CARTESIAN_POINT('',(-2.458717760033,0.103818457492));
#4302 = CARTESIAN_POINT('',(-2.463655177127,9.904953811254E-02));
#4303 = CARTESIAN_POINT('',(-2.468566350675,9.464290231517E-02));
#4304 = CARTESIAN_POINT('',(-2.473455556451,9.055484601247E-02));
#4305 = CARTESIAN_POINT('',(-2.478326121488,8.675052012736E-02));
#4306 = CARTESIAN_POINT('',(-2.483180694426,8.320155059765E-02));
#4307 = CARTESIAN_POINT('',(-2.488021423566,7.988442541199E-02));
#4308 = CARTESIAN_POINT('',(-2.492850078557,7.677936582E-02));
#4309 = CARTESIAN_POINT('',(-2.497668136169,7.38695148079E-02));
#4310 = CARTESIAN_POINT('',(-2.5024768424,7.114034020518E-02));
#4311 = CARTESIAN_POINT('',(-2.507277258452,6.857918695034E-02));
#4312 = CARTESIAN_POINT('',(-2.512070295472,6.617493552474E-02));
#4313 = CARTESIAN_POINT('',(-2.516856741234,6.391773744059E-02));
#4314 = CARTESIAN_POINT('',(-2.521637280969,6.179880774797E-02));
#4315 = CARTESIAN_POINT('',(-2.526412513847,5.981026033521E-02));
#4316 = CARTESIAN_POINT('',(-2.53118296617,5.794497581395E-02));
#4317 = CARTESIAN_POINT('',(-2.535949102068,5.619649451698E-02));
#4318 = CARTESIAN_POINT('',(-2.540711332236,5.455892904351E-02));
#4319 = CARTESIAN_POINT('',(-2.545470021163,5.302689216914E-02));
#4320 = CARTESIAN_POINT('',(-2.550225493136,5.159543692662E-02));
#4321 = CARTESIAN_POINT('',(-2.554978037297,5.026000640117E-02));
#4322 = CARTESIAN_POINT('',(-2.5597279119,4.901639133189E-02));
#4323 = CARTESIAN_POINT('',(-2.564475347949,4.786069402508E-02));
#4324 = CARTESIAN_POINT('',(-2.569220552306,4.67892974049E-02));
#4325 = CARTESIAN_POINT('',(-2.573963710371,4.5798838268E-02));
#4326 = CARTESIAN_POINT('',(-2.578704988399,4.488618401555E-02));
#4327 = CARTESIAN_POINT('',(-2.583444535525,4.40484122218E-02));
#4328 = CARTESIAN_POINT('',(-2.588182485529,4.328279275865E-02));
#4329 = CARTESIAN_POINT('',(-2.592918958372,4.258677137933E-02));
#4330 = CARTESIAN_POINT('',(-2.597654061628,4.195795712008E-02));
#4331 = CARTESIAN_POINT('',(-2.602387891441,4.139410335544E-02));
#4332 = CARTESIAN_POINT('',(-2.607120534524,4.089311919589E-02));
#4333 = CARTESIAN_POINT('',(-2.611852065671,4.04529737442E-02));
#4334 = CARTESIAN_POINT('',(-2.61658256141,4.007200436175E-02));
#4335 = CARTESIAN_POINT('',(-2.621312053079,3.974772448142E-02));
#4336 = CARTESIAN_POINT('',(-2.626040705171,3.948122586791E-02));
#4337 = CARTESIAN_POINT('',(-2.630768383574,3.926072377608E-02));
#4338 = CARTESIAN_POINT('',(-2.635499439196,3.912278129718E-02));
#4339 = CARTESIAN_POINT('',(-2.64022863993,3.884155761974E-02));
#4340 = CARTESIAN_POINT('',(-2.644958265582,3.846226459309E-02));
#4341 = CARTESIAN_POINT('',(-2.649689054374,3.799991169749E-02));
#4342 = CARTESIAN_POINT('',(-2.654420744781,3.746568405656E-02));
#4343 = CARTESIAN_POINT('',(-2.659153202214,3.686664159793E-02));
#4344 = CARTESIAN_POINT('',(-2.663886301801,3.620816274E-02));
#4345 = CARTESIAN_POINT('',(-2.668619942043,3.54943692239E-02));
#4346 = CARTESIAN_POINT('',(-2.673354032233,3.472858495144E-02));
#4347 = CARTESIAN_POINT('',(-2.678088490725,3.39135485379E-02));
#4348 = CARTESIAN_POINT('',(-2.682823242203,3.305156781372E-02));
#4349 = CARTESIAN_POINT('',(-2.687558216299,3.214461914734E-02));
#4350 = CARTESIAN_POINT('',(-2.692293346499,3.119441859757E-02));
#4351 = CARTESIAN_POINT('',(-2.697028569384,3.020247315677E-02));
#4352 = CARTESIAN_POINT('',(-2.701763824056,2.917011904642E-02));
#4353 = CARTESIAN_POINT('',(-2.706499051702,2.809855088399E-02));
#4354 = CARTESIAN_POINT('',(-2.711234195258,2.698884436355E-02));
#4355 = CARTESIAN_POINT('',(-2.71596919914,2.58419741826E-02));
#4356 = CARTESIAN_POINT('',(-2.720704009029,2.465882842427E-02));
#4357 = CARTESIAN_POINT('',(-2.725438571699,2.344022024433E-02));
#4358 = CARTESIAN_POINT('',(-2.730172834873,2.218689747987E-02));
#4359 = CARTESIAN_POINT('',(-2.734906747103,2.089955062905E-02));
#4360 = CARTESIAN_POINT('',(-2.739640257671,1.957881954142E-02));
#4361 = CARTESIAN_POINT('',(-2.744373316507,1.82252990729E-02));
#4362 = CARTESIAN_POINT('',(-2.749105874115,1.683954390324E-02));
#4363 = CARTESIAN_POINT('',(-2.753837881511,1.542207266783E-02));
#4364 = CARTESIAN_POINT('',(-2.758569290174,1.397337152428E-02));
#4365 = CARTESIAN_POINT('',(-2.763300051994,1.249389724972E-02));
#4366 = CARTESIAN_POINT('',(-2.768030119239,1.098407994404E-02));
#4367 = CARTESIAN_POINT('',(-2.772759444514,9.444325401972E-03));
#4368 = CARTESIAN_POINT('',(-2.777487980732,7.875017203908E-03));
#4369 = CARTESIAN_POINT('',(-2.782215681087,6.276518566748E-03));
#4370 = CARTESIAN_POINT('',(-2.786942499032,4.649173988968E-03));
#4371 = CARTESIAN_POINT('',(-2.791668388251,2.993310718433E-03));
#4372 = CARTESIAN_POINT('',(-2.796393302647,1.309240066504E-03));
#4373 = CARTESIAN_POINT('',(-2.801117196319,-4.027414113939E-04));
#4374 = CARTESIAN_POINT('',(-2.805840023548,-2.142350851965E-03));
#4375 = CARTESIAN_POINT('',(-2.810561738786,-3.909318122533E-03));
#4376 = CARTESIAN_POINT('',(-2.815282296638,-5.70338494966E-03));
#4377 = CARTESIAN_POINT('',(-2.820001651855,-7.524304127258E-03));
#4378 = CARTESIAN_POINT('',(-2.82471975932,-9.37183879528E-03));
#4379 = CARTESIAN_POINT('',(-2.829436574041,-1.1245761781E-02));
#4380 = CARTESIAN_POINT('',(-2.834152051141,-1.314585499621E-02));
#4381 = CARTESIAN_POINT('',(-2.838866145848,-1.507190888436E-02));
#4382 = CARTESIAN_POINT('',(-2.843578813494,-1.702372191248E-02));
#4383 = CARTESIAN_POINT('',(-2.8482900095,-1.900110010333E-02));
#4384 = CARTESIAN_POINT('',(-2.852999689375,-2.100385660379E-02));
#4385 = CARTESIAN_POINT('',(-2.857707808711,-2.303181128615E-02));
#4386 = CARTESIAN_POINT('',(-2.862414323172,-2.508479037875E-02));
#4387 = CARTESIAN_POINT('',(-2.867119188498,-2.716262612377E-02));
#4388 = CARTESIAN_POINT('',(-2.87182236049,-2.926515645936E-02));
#4389 = CARTESIAN_POINT('',(-2.876523795015,-3.13922247239E-02));
#4390 = CARTESIAN_POINT('',(-2.881223447996,-3.354367938076E-02));
#4391 = CARTESIAN_POINT('',(-2.885921275413,-3.571937376148E-02));
#4392 = CARTESIAN_POINT('',(-2.890617233296,-3.79191658259E-02));
#4393 = CARTESIAN_POINT('',(-2.895311277722,-4.014291793809E-02));
#4394 = CARTESIAN_POINT('',(-2.900003364817,-4.239049665624E-02));
#4395 = CARTESIAN_POINT('',(-2.904693450745,-4.466177253594E-02));
#4396 = CARTESIAN_POINT('',(-2.909381491713,-4.695661994589E-02));
#4397 = CARTESIAN_POINT('',(-2.914067443966,-4.92749168936E-02));
#4398 = CARTESIAN_POINT('',(-2.918751263783,-5.161654486377E-02));
#4399 = CARTESIAN_POINT('',(-2.923432907478,-5.398138866283E-02));
#4400 = CARTESIAN_POINT('',(-2.928112331395,-5.636933627602E-02));
#4401 = CARTESIAN_POINT('',(-2.932789491908,-5.878027872993E-02));
#4402 = CARTESIAN_POINT('',(-2.93746434542,-6.121410996402E-02));
#4403 = CARTESIAN_POINT('',(-2.942136848359,-6.367072670888E-02));
#4404 = CARTESIAN_POINT('',(-2.94680695718,-6.615002837106E-02));
#4405 = CARTESIAN_POINT('',(-2.95147462836,-6.865191692429E-02));
#4406 = CARTESIAN_POINT('',(-2.956139818398,-7.11762968056E-02));
#4407 = CARTESIAN_POINT('',(-2.960802483813,-7.372307481968E-02));
#4408 = CARTESIAN_POINT('',(-2.96546258115,-7.62921600391E-02));
#4409 = CARTESIAN_POINT('',(-2.970120066962,-7.888346373362E-02));
#4410 = CARTESIAN_POINT('',(-2.974774897831,-8.149689925812E-02));
#4411 = CARTESIAN_POINT('',(-2.979427030348,-8.413238200053E-02));
#4412 = CARTESIAN_POINT('',(-2.984076421122,-8.678982929128E-02));
#4413 = CARTESIAN_POINT('',(-2.988723026778,-8.946916033366E-02));
#4414 = CARTESIAN_POINT('',(-2.993366803955,-9.217029613741E-02));
#4415 = CARTESIAN_POINT('',(-2.996620546437,-9.407929780176E-02));
#4416 = CARTESIAN_POINT('',(-2.998327682197,-9.508563265207E-02));
#4417 = CARTESIAN_POINT('',(-2.998489710063,-9.518118877051E-02));
#4418 = ( GEOMETRIC_REPRESENTATION_CONTEXT(2) 
PARAMETRIC_REPRESENTATION_CONTEXT() REPRESENTATION_CONTEXT('2D SPACE',''
  ) );
#4419 = PCURVE('',#4420,#4425);
#4420 = PLANE('',#4421);
#4421 = AXIS2_PLACEMENT_3D('',#4422,#4423,#4424);
#4422 = CARTESIAN_POINT('',(-10.,-10.,-4.5));
#4423 = DIRECTION('',(0.,0.,1.));
#4424 = DIRECTION('',(1.,0.,-0.));
#4425 = DEFINITIONAL_REPRESENTATION('',(#4426),#4554);
#4426 = B_SPLINE_CURVE_WITH_KNOTS('',3,(#4427,#4428,#4429,#4430,#4431,
    #4432,#4433,#4434,#4435,#4436,#4437,#4438,#4439,#4440,#4441,#4442,
    #4443,#4444,#4445,#4446,#4447,#4448,#4449,#4450,#4451,#4452,#4453,
    #4454,#4455,#4456,#4457,#4458,#4459,#4460,#4461,#4462,#4463,#4464,
    #4465,#4466,#4467,#4468,#4469,#4470,#4471,#4472,#4473,#4474,#4475,
    #4476,#4477,#4478,#4479,#4480,#4481,#4482,#4483,#4484,#4485,#4486,
    #4487,#4488,#4489,#4490,#4491,#4492,#4493,#4494,#4495,#4496,#4497,
    #4498,#4499,#4500,#4501,#4502,#4503,#4504,#4505,#4506,#4507,#4508,
    #4509,#4510,#4511,#4512,#4513,#4514,#4515,#4516,#4517,#4518,#4519,
    #4520,#4521,#4522,#4523,#4524,#4525,#4526,#4527,#4528,#4529,#4530,
    #4531,#4532,#4533,#4534,#4535,#4536,#4537,#4538,#4539,#4540,#4541,
    #4542,#4543,#4544,#4545,#4546,#4547,#4548,#4549,#4550,#4551,#4552,
    #4553),.UNSPECIFIED.,.F.,.F.,(4,1,1,1,1,1,1,1,1,1,1,1,1,1,1,1,1,1,1,
    1,1,1,1,1,1,1,1,1,1,1,1,1,1,1,1,1,1,1,1,1,1,1,1,1,1,1,1,1,1,1,1,1,1,
    1,1,1,1,1,1,1,1,1,1,1,1,1,1,1,1,1,1,1,1,1,1,1,1,1,1,1,1,1,1,1,1,1,1,
    1,1,1,1,1,1,1,1,1,1,1,1,1,1,1,1,1,1,1,1,1,1,1,1,1,1,1,1,1,1,1,1,1,1,
    1,1,1,4),(0.,3.825348486101E-02,5.430853348674E-02,
    6.675617629157E-02,7.735884378815E-02,8.679755798888E-02,
    9.542083346997E-02,0.103435317105,0.110975441185,0.118134466631,
    0.124980232214,0.131563916605,0.137925263337,0.144095870271,
    0.150101352936,0.155962819326,0.16169790603,0.167321525098,
    0.172846414439,0.178283551377,0.18364246875,0.188931500289,
    0.194157973749,0.199328364902,0.20444842177,0.209523265982,
    0.214557476318,0.219555158251,0.224520002363,0.229455333832,
    0.234364154694,0.239249180184,0.244112870201,0.248957456702,
    0.253784967687,0.258597248282,0.263395979354,0.268182693996,
    0.272958792175,0.27772555377,0.282484150212,0.287235654883,
    0.291981052431,0.296721247119,0.301457070315,0.306189287223,
    0.310919293077,0.315655371856,0.320399980632,0.32515309033,
    0.329914691623,0.33468478033,0.339463354215,0.344250411941,
    0.349045952647,0.353849975744,0.358662480811,0.363483467539,
    0.368312935692,0.373150885086,0.377997315577,0.382852227048,
    0.387715619403,0.392587492562,0.397467846459,0.402356681039,
    0.407253996253,0.41215979206,0.417074068425,0.421996825315,
    0.426928062704,0.431867780568,0.436815978885,0.441772657636,
    0.446737816804,0.451711456374,0.456693576332,0.461684176666,
    0.466683257364,0.471690818415,0.476706859811,0.481731381543,
    0.486764383603,0.491805865984,0.496855828678,0.50191427168,
    0.506981194984,0.512056598584,0.517140482477,0.522232846656,
    0.527333691118,0.532443015859,0.537560820874,0.542687106161,
    0.547821871717,0.552965117537,0.55811684362,0.563277049962,
    0.56844573656,0.573622903413,0.578808550518,0.584002677873,
    0.589205285476,0.594416373325,0.599635941417,0.604863989752,
    0.610100518327,0.615345527141,0.620599016193,0.62586098548,
    0.631131435002,0.636410364758,0.641697774745,0.646993664963,
    0.652298035411,0.657610886087,0.66293221699,0.668262028121,
    0.673600319476,0.678947091057,0.684302342861,0.689666074887,
    0.695038287136,0.700418979606,0.700983298372),.UNSPECIFIED.);
#4427 = CARTESIAN_POINT('',(9.791417520975,12.409488709331));
#4428 = CARTESIAN_POINT('',(9.804185592748,12.410578602652));
#4429 = CARTESIAN_POINT('',(9.822054397307,12.4142777469));
#4430 = CARTESIAN_POINT('',(9.84286089924,12.422256514883));
#4431 = CARTESIAN_POINT('',(9.854601554453,12.427947326597));
#4432 = CARTESIAN_POINT('',(9.864008505451,12.43332706978));
#4433 = CARTESIAN_POINT('',(9.872014035066,12.438551973872));
#4434 = CARTESIAN_POINT('',(9.87903699034,12.443679742339));
#4435 = CARTESIAN_POINT('',(9.885313626686,12.44873952722));
#4436 = CARTESIAN_POINT('',(9.890994129137,12.453748495035));
#4437 = CARTESIAN_POINT('',(9.896181542508,12.458717810033));
#4438 = CARTESIAN_POINT('',(9.900950461888,12.463655227127));
#4439 = CARTESIAN_POINT('',(9.905357097685,12.468566400675));
#4440 = CARTESIAN_POINT('',(9.909445153988,12.473455606451));
#4441 = CARTESIAN_POINT('',(9.913249479873,12.478326171488));
#4442 = CARTESIAN_POINT('',(9.916798449402,12.483180744426));
#4443 = CARTESIAN_POINT('',(9.920115574588,12.488021473566));
#4444 = CARTESIAN_POINT('',(9.92322063418,12.492850128557));
#4445 = CARTESIAN_POINT('',(9.926130485192,12.497668186169));
#4446 = CARTESIAN_POINT('',(9.928859659795,12.5024768924));
#4447 = CARTESIAN_POINT('',(9.93142081305,12.507277308452));
#4448 = CARTESIAN_POINT('',(9.933825064475,12.512070345472));
#4449 = CARTESIAN_POINT('',(9.936082262559,12.516856791234));
#4450 = CARTESIAN_POINT('',(9.938201192252,12.521637330969));
#4451 = CARTESIAN_POINT('',(9.940189739665,12.526412563847));
#4452 = CARTESIAN_POINT('',(9.942055024186,12.53118301617));
#4453 = CARTESIAN_POINT('',(9.943803505483,12.535949152068));
#4454 = CARTESIAN_POINT('',(9.945441070957,12.540711382236));
#4455 = CARTESIAN_POINT('',(9.946973107831,12.545470071163));
#4456 = CARTESIAN_POINT('',(9.948404563073,12.550225543136));
#4457 = CARTESIAN_POINT('',(9.949739993599,12.554978087297));
#4458 = CARTESIAN_POINT('',(9.950983608668,12.5597279619));
#4459 = CARTESIAN_POINT('',(9.952139305975,12.564475397949));
#4460 = CARTESIAN_POINT('',(9.953210702595,12.569220602306));
#4461 = CARTESIAN_POINT('',(9.954201161732,12.573963760371));
#4462 = CARTESIAN_POINT('',(9.955113815985,12.578705038399));
#4463 = CARTESIAN_POINT('',(9.955951587778,12.583444585525));
#4464 = CARTESIAN_POINT('',(9.956717207241,12.588182535529));
#4465 = CARTESIAN_POINT('',(9.957413228621,12.592919008372));
#4466 = CARTESIAN_POINT('',(9.95804204288,12.597654111628));
#4467 = CARTESIAN_POINT('',(9.958605896645,12.602387941441));
#4468 = CARTESIAN_POINT('',(9.959106880804,12.607120584524));
#4469 = CARTESIAN_POINT('',(9.959547026256,12.611852115671));
#4470 = CARTESIAN_POINT('',(9.959927995638,12.61658261141));
#4471 = CARTESIAN_POINT('',(9.960252275519,12.621312103079));
#4472 = CARTESIAN_POINT('',(9.960518774132,12.626040755171));
#4473 = CARTESIAN_POINT('',(9.960739276224,12.630768433574));
#4474 = CARTESIAN_POINT('',(9.960877218703,12.635499489196));
#4475 = CARTESIAN_POINT('',(9.96115844238,12.64022868993));
#4476 = CARTESIAN_POINT('',(9.961537735407,12.644958315582));
#4477 = CARTESIAN_POINT('',(9.962000088303,12.649689104374));
#4478 = CARTESIAN_POINT('',(9.962534315944,12.654420794781));
#4479 = CARTESIAN_POINT('',(9.963133358402,12.659153252214));
#4480 = CARTESIAN_POINT('',(9.96379183726,12.663886351801));
#4481 = CARTESIAN_POINT('',(9.964505630776,12.668619992043));
#4482 = CARTESIAN_POINT('',(9.965271415049,12.673354082233));
#4483 = CARTESIAN_POINT('',(9.966086451462,12.678088540725));
#4484 = CARTESIAN_POINT('',(9.966948432186,12.682823292203));
#4485 = CARTESIAN_POINT('',(9.967855380853,12.687558266299));
#4486 = CARTESIAN_POINT('',(9.968805581403,12.692293396499));
#4487 = CARTESIAN_POINT('',(9.969797526843,12.697028619384));
#4488 = CARTESIAN_POINT('',(9.970829880954,12.701763874056));
#4489 = CARTESIAN_POINT('',(9.971901449116,12.706499101702));
#4490 = CARTESIAN_POINT('',(9.973011155637,12.711234245258));
#4491 = CARTESIAN_POINT('',(9.974158025817,12.71596924914));
#4492 = CARTESIAN_POINT('',(9.975341171576,12.720704059029));
#4493 = CARTESIAN_POINT('',(9.976559779756,12.725438621699));
#4494 = CARTESIAN_POINT('',(9.97781310252,12.730172884873));
#4495 = CARTESIAN_POINT('',(9.979100449371,12.734906797103));
#4496 = CARTESIAN_POINT('',(9.980421180459,12.739640307671));
#4497 = CARTESIAN_POINT('',(9.981774700927,12.744373366507));
#4498 = CARTESIAN_POINT('',(9.983160456097,12.749105924115));
#4499 = CARTESIAN_POINT('',(9.984577927332,12.753837931511));
#4500 = CARTESIAN_POINT('',(9.986026628476,12.758569340174));
#4501 = CARTESIAN_POINT('',(9.98750610275,12.763300101994));
#4502 = CARTESIAN_POINT('',(9.989015920056,12.768030169239));
#4503 = CARTESIAN_POINT('',(9.990555674598,12.772759494514));
#4504 = CARTESIAN_POINT('',(9.992124982796,12.777488030732));
#4505 = CARTESIAN_POINT('',(9.993723481433,12.782215731087));
#4506 = CARTESIAN_POINT('',(9.995350826011,12.786942549032));
#4507 = CARTESIAN_POINT('',(9.997006689282,12.791668438251));
#4508 = CARTESIAN_POINT('',(9.998690759934,12.796393352647));
#4509 = CARTESIAN_POINT('',(10.000402741411,12.801117246319));
#4510 = CARTESIAN_POINT('',(10.002142350852,12.805840073548));
#4511 = CARTESIAN_POINT('',(10.003909318123,12.810561788786));
#4512 = CARTESIAN_POINT('',(10.00570338495,12.815282346638));
#4513 = CARTESIAN_POINT('',(10.007524304127,12.820001701855));
#4514 = CARTESIAN_POINT('',(10.009371838795,12.82471980932));
#4515 = CARTESIAN_POINT('',(10.011245761781,12.829436624041));
#4516 = CARTESIAN_POINT('',(10.013145854996,12.834152101141));
#4517 = CARTESIAN_POINT('',(10.015071908884,12.838866195848));
#4518 = CARTESIAN_POINT('',(10.017023721913,12.843578863494));
#4519 = CARTESIAN_POINT('',(10.019001100103,12.8482900595));
#4520 = CARTESIAN_POINT('',(10.021003856604,12.852999739375));
#4521 = CARTESIAN_POINT('',(10.023031811286,12.857707858711));
#4522 = CARTESIAN_POINT('',(10.025084790379,12.862414373172));
#4523 = CARTESIAN_POINT('',(10.027162626124,12.867119238498));
#4524 = CARTESIAN_POINT('',(10.029265156459,12.87182241049));
#4525 = CARTESIAN_POINT('',(10.031392224724,12.876523845015));
#4526 = CARTESIAN_POINT('',(10.033543679381,12.881223497996));
#4527 = CARTESIAN_POINT('',(10.035719373762,12.885921325413));
#4528 = CARTESIAN_POINT('',(10.037919165826,12.890617283296));
#4529 = CARTESIAN_POINT('',(10.040142917938,12.895311327722));
#4530 = CARTESIAN_POINT('',(10.042390496656,12.900003414817));
#4531 = CARTESIAN_POINT('',(10.044661772536,12.904693500745));
#4532 = CARTESIAN_POINT('',(10.046956619946,12.909381541713));
#4533 = CARTESIAN_POINT('',(10.049274916894,12.914067493966));
#4534 = CARTESIAN_POINT('',(10.051616544864,12.918751313783));
#4535 = CARTESIAN_POINT('',(10.053981388663,12.923432957478));
#4536 = CARTESIAN_POINT('',(10.056369336276,12.928112381395));
#4537 = CARTESIAN_POINT('',(10.05878027873,12.932789541908));
#4538 = CARTESIAN_POINT('',(10.061214109964,12.93746439542));
#4539 = CARTESIAN_POINT('',(10.063670726709,12.942136898359));
#4540 = CARTESIAN_POINT('',(10.066150028371,12.94680700718));
#4541 = CARTESIAN_POINT('',(10.068651916924,12.95147467836));
#4542 = CARTESIAN_POINT('',(10.071176296806,12.956139868398));
#4543 = CARTESIAN_POINT('',(10.07372307482,12.960802533813));
#4544 = CARTESIAN_POINT('',(10.076292160039,12.96546263115));
#4545 = CARTESIAN_POINT('',(10.078883463734,12.970120116962));
#4546 = CARTESIAN_POINT('',(10.081496899258,12.974774947831));
#4547 = CARTESIAN_POINT('',(10.084132382001,12.979427080348));
#4548 = CARTESIAN_POINT('',(10.086789829291,12.984076471122));
#4549 = CARTESIAN_POINT('',(10.089469160334,12.988723076778));
#4550 = CARTESIAN_POINT('',(10.092170296137,12.993366853955));
#4551 = CARTESIAN_POINT('',(10.094079297802,12.996620596437));
#4552 = CARTESIAN_POINT('',(10.095085632652,12.998327732197));
#4553 = CARTESIAN_POINT('',(10.095181188771,12.998489760063));
#4554 = ( GEOMETRIC_REPRESENTATION_CONTEXT(2) 
PARAMETRIC_REPRESENTATION_CONTEXT() REPRESENTATION_CONTEXT('2D SPACE',''
  ) );
#4555 = ORIENTED_EDGE('',*,*,#4556,.T.);
#4556 = EDGE_CURVE('',#4157,#4557,#4559,.T.);
#4557 = VERTEX_POINT('',#4558);
#4558 = CARTESIAN_POINT('',(0.635047021004,2.932015616315,-4.5000001757)
  );
#4559 = SURFACE_CURVE('',#4560,(#4565,#4572),.PCURVE_S1.);
#4560 = CIRCLE('',#4561,3.);
#4561 = AXIS2_PLACEMENT_3D('',#4562,#4563,#4564);
#4562 = CARTESIAN_POINT('',(9.037215420449E-14,4.99999084913E-08,
    -4.5000003514));
#4563 = DIRECTION('',(3.431321225571E-15,-9.104279154523E-17,-1.));
#4564 = DIRECTION('',(4.996003610813E-16,-1.,9.104279154523E-17));
#4565 = PCURVE('',#156,#4566);
#4566 = DEFINITIONAL_REPRESENTATION('',(#4567),#4571);
#4567 = CIRCLE('',#4568,3.);
#4568 = AXIS2_PLACEMENT_2D('',#4569,#4570);
#4569 = CARTESIAN_POINT('',(1.110223024625E-15,7.216449660064E-16));
#4570 = DIRECTION('',(1.,-1.657422360651E-32));
#4571 = ( GEOMETRIC_REPRESENTATION_CONTEXT(2) 
PARAMETRIC_REPRESENTATION_CONTEXT() REPRESENTATION_CONTEXT('2D SPACE',''
  ) );
#4572 = PCURVE('',#4420,#4573);
#4573 = DEFINITIONAL_REPRESENTATION('',(#4574),#4582);
#4574 = ( BOUNDED_CURVE() B_SPLINE_CURVE(2,(#4575,#4576,#4577,#4578,
#4579,#4580,#4581),.UNSPECIFIED.,.T.,.F.) B_SPLINE_CURVE_WITH_KNOTS((1,2
    ,2,2,2,1),(-2.094395102393,0.,2.094395102393,4.188790204786,
6.28318530718,8.377580409573),.UNSPECIFIED.) CURVE() 
GEOMETRIC_REPRESENTATION_ITEM() RATIONAL_B_SPLINE_CURVE((1.,0.5,1.,0.5,
1.,0.5,1.)) REPRESENTATION_ITEM('') );
#4575 = CARTESIAN_POINT('',(10.,7.00000005));
#4576 = CARTESIAN_POINT('',(4.803847577293,7.00000005));
#4577 = CARTESIAN_POINT('',(7.401923788647,11.50000005));
#4578 = CARTESIAN_POINT('',(10.,16.00000005));
#4579 = CARTESIAN_POINT('',(12.598076211353,11.50000005));
#4580 = CARTESIAN_POINT('',(15.196152422707,7.00000005));
#4581 = CARTESIAN_POINT('',(10.,7.00000005));
#4582 = ( GEOMETRIC_REPRESENTATION_CONTEXT(2) 
PARAMETRIC_REPRESENTATION_CONTEXT() REPRESENTATION_CONTEXT('2D SPACE',''
  ) );
#4583 = ORIENTED_EDGE('',*,*,#4584,.F.);
#4584 = EDGE_CURVE('',#4585,#4557,#4587,.T.);
#4585 = VERTEX_POINT('',#4586);
#4586 = CARTESIAN_POINT('',(0.905866657859,3.380740392012,-4.5));
#4587 = SURFACE_CURVE('',#4588,(#4592,#4599),.PCURVE_S1.);
#4588 = LINE('',#4589,#4590);
#4589 = CARTESIAN_POINT('',(0.905866657859,3.380740392012,-4.5));
#4590 = VECTOR('',#4591,1.);
#4591 = DIRECTION('',(-0.516717339054,-0.856156055588,0.));
#4592 = PCURVE('',#156,#4593);
#4593 = DEFINITIONAL_REPRESENTATION('',(#4594),#4598);
#4594 = LINE('',#4595,#4596);
#4595 = CARTESIAN_POINT('',(-3.380740342012,-0.905866657859));
#4596 = VECTOR('',#4597,1.);
#4597 = DIRECTION('',(0.856156055588,0.516717339054));
#4598 = ( GEOMETRIC_REPRESENTATION_CONTEXT(2) 
PARAMETRIC_REPRESENTATION_CONTEXT() REPRESENTATION_CONTEXT('2D SPACE',''
  ) );
#4599 = PCURVE('',#4600,#4605);
#4600 = PLANE('',#4601);
#4601 = AXIS2_PLACEMENT_3D('',#4602,#4603,#4604);
#4602 = CARTESIAN_POINT('',(0.905866657859,3.380740392012,-4.5));
#4603 = DIRECTION('',(0.856156055588,-0.516717339054,0.));
#4604 = DIRECTION('',(-0.516717339054,-0.856156055588,0.));
#4605 = DEFINITIONAL_REPRESENTATION('',(#4606),#4610);
#4606 = LINE('',#4607,#4608);
#4607 = CARTESIAN_POINT('',(0.,0.));
#4608 = VECTOR('',#4609,1.);
#4609 = DIRECTION('',(1.,0.));
#4610 = ( GEOMETRIC_REPRESENTATION_CONTEXT(2) 
PARAMETRIC_REPRESENTATION_CONTEXT() REPRESENTATION_CONTEXT('2D SPACE',''
  ) );
#4611 = ORIENTED_EDGE('',*,*,#4612,.F.);
#4612 = EDGE_CURVE('',#4613,#4585,#4615,.T.);
#4613 = VERTEX_POINT('',#4614);
#4614 = CARTESIAN_POINT('',(1.339392013278,3.23357836379,-4.5));
#4615 = SURFACE_CURVE('',#4616,(#4620,#4627),.PCURVE_S1.);
#4616 = LINE('',#4617,#4618);
#4617 = CARTESIAN_POINT('',(1.339392013278,3.23357836379,-4.5));
#4618 = VECTOR('',#4619,1.);
#4619 = DIRECTION('',(-0.946930129495,0.321439465303,0.));
#4620 = PCURVE('',#156,#4621);
#4621 = DEFINITIONAL_REPRESENTATION('',(#4622),#4626);
#4622 = LINE('',#4623,#4624);
#4623 = CARTESIAN_POINT('',(-3.23357831379,-1.339392013278));
#4624 = VECTOR('',#4625,1.);
#4625 = DIRECTION('',(-0.321439465303,0.946930129495));
#4626 = ( GEOMETRIC_REPRESENTATION_CONTEXT(2) 
PARAMETRIC_REPRESENTATION_CONTEXT() REPRESENTATION_CONTEXT('2D SPACE',''
  ) );
#4627 = PCURVE('',#4628,#4633);
#4628 = PLANE('',#4629);
#4629 = AXIS2_PLACEMENT_3D('',#4630,#4631,#4632);
#4630 = CARTESIAN_POINT('',(1.339392013278,3.23357836379,-4.5));
#4631 = DIRECTION('',(-0.321439465303,-0.946930129495,0.));
#4632 = DIRECTION('',(-0.946930129495,0.321439465303,0.));
#4633 = DEFINITIONAL_REPRESENTATION('',(#4634),#4638);
#4634 = LINE('',#4635,#4636);
#4635 = CARTESIAN_POINT('',(0.,0.));
#4636 = VECTOR('',#4637,1.);
#4637 = DIRECTION('',(1.,0.));
#4638 = ( GEOMETRIC_REPRESENTATION_CONTEXT(2) 
PARAMETRIC_REPRESENTATION_CONTEXT() REPRESENTATION_CONTEXT('2D SPACE',''
  ) );
#4639 = ORIENTED_EDGE('',*,*,#4640,.F.);
#4640 = EDGE_CURVE('',#4641,#4613,#4643,.T.);
#4641 = VERTEX_POINT('',#4642);
#4642 = CARTESIAN_POINT('',(1.26492178326,2.56837077408,-4.5000001757));
#4643 = SURFACE_CURVE('',#4644,(#4648,#4655),.PCURVE_S1.);
#4644 = LINE('',#4645,#4646);
#4645 = CARTESIAN_POINT('',(1.2125,2.100111604177,-4.5));
#4646 = VECTOR('',#4647,1.);
#4647 = DIRECTION('',(0.111255356929,0.993791852228,0.));
#4648 = PCURVE('',#156,#4649);
#4649 = DEFINITIONAL_REPRESENTATION('',(#4650),#4654);
#4650 = LINE('',#4651,#4652);
#4651 = CARTESIAN_POINT('',(-2.100111554177,-1.2125));
#4652 = VECTOR('',#4653,1.);
#4653 = DIRECTION('',(-0.993791852228,-0.111255356929));
#4654 = ( GEOMETRIC_REPRESENTATION_CONTEXT(2) 
PARAMETRIC_REPRESENTATION_CONTEXT() REPRESENTATION_CONTEXT('2D SPACE',''
  ) );
#4655 = PCURVE('',#4656,#4661);
#4656 = PLANE('',#4657);
#4657 = AXIS2_PLACEMENT_3D('',#4658,#4659,#4660);
#4658 = CARTESIAN_POINT('',(1.2125,2.100111604177,-4.5));
#4659 = DIRECTION('',(-0.993791852228,0.111255356929,0.));
#4660 = DIRECTION('',(0.111255356929,0.993791852228,0.));
#4661 = DEFINITIONAL_REPRESENTATION('',(#4662),#4666);
#4662 = LINE('',#4663,#4664);
#4663 = CARTESIAN_POINT('',(0.,0.));
#4664 = VECTOR('',#4665,1.);
#4665 = DIRECTION('',(1.,0.));
#4666 = ( GEOMETRIC_REPRESENTATION_CONTEXT(2) 
PARAMETRIC_REPRESENTATION_CONTEXT() REPRESENTATION_CONTEXT('2D SPACE',''
  ) );
#4667 = ORIENTED_EDGE('',*,*,#4668,.T.);
#4668 = EDGE_CURVE('',#4641,#4669,#4671,.T.);
#4669 = VERTEX_POINT('',#4670);
#4670 = CARTESIAN_POINT('',(1.386751215,2.660248359415,-4.5000003514));
#4671 = SURFACE_CURVE('',#4672,(#4800,#4931),.PCURVE_S1.);
#4672 = B_SPLINE_CURVE_WITH_KNOTS('',3,(#4673,#4674,#4675,#4676,#4677,
    #4678,#4679,#4680,#4681,#4682,#4683,#4684,#4685,#4686,#4687,#4688,
    #4689,#4690,#4691,#4692,#4693,#4694,#4695,#4696,#4697,#4698,#4699,
    #4700,#4701,#4702,#4703,#4704,#4705,#4706,#4707,#4708,#4709,#4710,
    #4711,#4712,#4713,#4714,#4715,#4716,#4717,#4718,#4719,#4720,#4721,
    #4722,#4723,#4724,#4725,#4726,#4727,#4728,#4729,#4730,#4731,#4732,
    #4733,#4734,#4735,#4736,#4737,#4738,#4739,#4740,#4741,#4742,#4743,
    #4744,#4745,#4746,#4747,#4748,#4749,#4750,#4751,#4752,#4753,#4754,
    #4755,#4756,#4757,#4758,#4759,#4760,#4761,#4762,#4763,#4764,#4765,
    #4766,#4767,#4768,#4769,#4770,#4771,#4772,#4773,#4774,#4775,#4776,
    #4777,#4778,#4779,#4780,#4781,#4782,#4783,#4784,#4785,#4786,#4787,
    #4788,#4789,#4790,#4791,#4792,#4793,#4794,#4795,#4796,#4797,#4798,
    #4799),.UNSPECIFIED.,.F.,.F.,(4,1,1,1,1,1,1,1,1,1,1,1,1,1,1,1,1,1,1,
    1,1,1,1,1,1,1,1,1,1,1,1,1,1,1,1,1,1,1,1,1,1,1,1,1,1,1,1,1,1,1,1,1,1,
    1,1,1,1,1,1,1,1,1,1,1,1,1,1,1,1,1,1,1,1,1,1,1,1,1,1,1,1,1,1,1,1,1,1,
    1,1,1,1,1,1,1,1,1,1,1,1,1,1,1,1,1,1,1,1,1,1,1,1,1,1,1,1,1,1,1,1,1,1,
    1,1,1,4),(0.,3.825348486101E-02,5.430853348674E-02,
    6.675617629157E-02,7.735884378815E-02,8.679755798888E-02,
    9.542083346997E-02,0.103435317105,0.110975441185,0.118134466631,
    0.124980232214,0.131563916605,0.137925263337,0.144095870271,
    0.150101352936,0.155962819326,0.16169790603,0.167321525098,
    0.172846414439,0.178283551377,0.18364246875,0.188931500289,
    0.194157973749,0.199328364902,0.20444842177,0.209523265982,
    0.214557476318,0.219555158251,0.224520002363,0.229455333832,
    0.234364154694,0.239249180184,0.244112870201,0.248957456702,
    0.253784967687,0.258597248282,0.263395979354,0.268182693996,
    0.272958792175,0.27772555377,0.282484150212,0.287235654883,
    0.291981052431,0.296721247119,0.301457070315,0.306189287223,
    0.310919293077,0.315655371856,0.320399980632,0.32515309033,
    0.329914691623,0.33468478033,0.339463354215,0.344250411941,
    0.349045952647,0.353849975744,0.358662480811,0.363483467539,
    0.368312935692,0.373150885086,0.377997315577,0.382852227048,
    0.387715619403,0.392587492562,0.397467846459,0.402356681039,
    0.407253996253,0.41215979206,0.417074068425,0.421996825315,
    0.426928062704,0.431867780568,0.436815978885,0.441772657636,
    0.446737816804,0.451711456374,0.456693576332,0.461684176666,
    0.466683257364,0.471690818415,0.476706859811,0.481731381543,
    0.486764383603,0.491805865984,0.496855828678,0.50191427168,
    0.506981194984,0.512056598584,0.517140482477,0.522232846656,
    0.527333691118,0.532443015859,0.537560820874,0.542687106161,
    0.547821871717,0.552965117537,0.55811684362,0.563277049962,
    0.56844573656,0.573622903413,0.578808550518,0.584002677873,
    0.589205285476,0.594416373325,0.599635941417,0.604863989752,
    0.610100518327,0.615345527141,0.620599016193,0.62586098548,
    0.631131435002,0.636410364758,0.641697774745,0.646993664963,
    0.652298035411,0.657610886087,0.66293221699,0.668262028121,
    0.673600319476,0.678947091057,0.684302342861,0.689666074887,
    0.695038287136,0.700418979606,0.700983298372),.UNSPECIFIED.);
#4673 = CARTESIAN_POINT('',(0.85751162888,2.261374865535,-4.5000003514)
  );
#4674 = CARTESIAN_POINT('',(0.869488151041,2.256816966764,-4.5000003514)
  );
#4675 = CARTESIAN_POINT('',(0.887192386193,2.252396796834,-4.5000003514)
  );
#4676 = CARTESIAN_POINT('',(0.90940025437,2.250557815534,-4.5000003514)
  );
#4677 = CARTESIAN_POINT('',(0.922447369871,2.250590980338,-4.5000003514)
  );
#4678 = CARTESIAN_POINT('',(0.933256922949,2.251356438391,-4.5000003514)
  );
#4679 = CARTESIAN_POINT('',(0.942736656828,2.252590445192,-4.5000003514)
  );
#4680 = CARTESIAN_POINT('',(0.951288976246,2.25416325885,-4.5000003514)
  );
#4681 = CARTESIAN_POINT('',(0.959139388572,2.255998637058,-4.5000003514)
  );
#4682 = CARTESIAN_POINT('',(0.966430654119,2.258046883476,-4.5000003514)
  );
#4683 = CARTESIAN_POINT('',(0.973260457044,2.260273347275,-4.5000003514)
  );
#4684 = CARTESIAN_POINT('',(0.979699369929,2.262652649792,-4.5000003514)
  );
#4685 = CARTESIAN_POINT('',(0.985800489937,2.265165496647,-4.5000003514)
  );
#4686 = CARTESIAN_POINT('',(0.991605048279,2.267796777686,-4.5000003514)
  );
#4687 = CARTESIAN_POINT('',(0.997145886435,2.270534370013,-4.5000003514)
  );
#4688 = CARTESIAN_POINT('',(1.002449717752,2.273368348927,-4.5000003514)
  );
#4689 = CARTESIAN_POINT('',(1.007538657935,2.276290448503,-4.5000003514)
  );
#4690 = CARTESIAN_POINT('',(1.012431294843,2.279293681457,-4.5000003514)
  );
#4691 = CARTESIAN_POINT('',(1.017143456867,2.282372064332,-4.5000003514)
  );
#4692 = CARTESIAN_POINT('',(1.021688777659,2.285520414459,-4.5000003514)
  );
#4693 = CARTESIAN_POINT('',(1.026079119473,2.288734197124,-4.5000003514)
  );
#4694 = CARTESIAN_POINT('',(1.030324895982,2.292009408664,-4.5000003514)
  );
#4695 = CARTESIAN_POINT('',(1.034435322169,2.295342485739,-4.5000003514)
  );
#4696 = CARTESIAN_POINT('',(1.038418610311,2.298730234074,-4.5000003514)
  );
#4697 = CARTESIAN_POINT('',(1.042282125518,2.302169771847,-4.5000003514)
  );
#4698 = CARTESIAN_POINT('',(1.046032510493,2.305658484254,-4.5000003514)
  );
#4699 = CARTESIAN_POINT('',(1.049675786572,2.309193986715,-4.5000003514)
  );
#4700 = CARTESIAN_POINT('',(1.053217436315,2.312774094808,-4.5000003514)
  );
#4701 = CARTESIAN_POINT('',(1.056662471588,2.316396799495,-4.5000003514)
  );
#4702 = CARTESIAN_POINT('',(1.060015490158,2.320060246542,-4.5000003514)
  );
#4703 = CARTESIAN_POINT('',(1.063280723117,2.323762719284,-4.5000003514)
  );
#4704 = CARTESIAN_POINT('',(1.066462074932,2.327502624072,-4.5000003514)
  );
#4705 = CARTESIAN_POINT('',(1.06956315753,2.331278477886,-4.5000003514)
  );
#4706 = CARTESIAN_POINT('',(1.07258731954,2.335088897712,-4.5000003514)
  );
#4707 = CARTESIAN_POINT('',(1.075537671543,2.338932591349,-4.5000003514)
  );
#4708 = CARTESIAN_POINT('',(1.078417108051,2.342808349407,-4.5000003514)
  );
#4709 = CARTESIAN_POINT('',(1.081228326784,2.346715038257,-4.5000003514)
  );
#4710 = CARTESIAN_POINT('',(1.083973845548,2.350651593873,-4.5000003514)
  );
#4711 = CARTESIAN_POINT('',(1.08665601769,2.354617016091,-4.5000003514)
  );
#4712 = CARTESIAN_POINT('',(1.089277044067,2.358610364428,-4.5000003514)
  );
#4713 = CARTESIAN_POINT('',(1.091838990535,2.362630750736,-4.5000003514)
  );
#4714 = CARTESIAN_POINT('',(1.094343778542,2.366677345936,-4.5000003514)
  );
#4715 = CARTESIAN_POINT('',(1.096793270318,2.370749336243,-4.5000003514)
  );
#4716 = CARTESIAN_POINT('',(1.09918899705,2.374846069213,-4.5000003514)
  );
#4717 = CARTESIAN_POINT('',(1.101533212656,2.378966494201,-4.5000003514)
  );
#4718 = CARTESIAN_POINT('',(1.103825004861,2.383111233108,-4.5000003514)
  );
#4719 = CARTESIAN_POINT('',(1.106074933164,2.387275051895,-4.5000003514)
  );
#4720 = CARTESIAN_POINT('',(1.108251943146,2.391477734724,-4.5000003514)
  );
#4721 = CARTESIAN_POINT('',(1.110557240222,2.395616578975,-4.5000003514)
  );
#4722 = CARTESIAN_POINT('',(1.112951079093,2.399713255367,-4.5000003514)
  );
#4723 = CARTESIAN_POINT('',(1.115420256988,2.403774941386,-4.5000003514)
  );
#4724 = CARTESIAN_POINT('',(1.117954582987,2.407806254449,-4.5000003514)
  );
#4725 = CARTESIAN_POINT('',(1.120547637919,2.411810136483,-4.5000003514)
  );
#4726 = CARTESIAN_POINT('',(1.123194521817,2.415788808591,-4.5000003514)
  );
#4727 = CARTESIAN_POINT('',(1.125891477081,2.419743967681,-4.5000003514)
  );
#4728 = CARTESIAN_POINT('',(1.128635469623,2.423676974216,-4.5000003514)
  );
#4729 = CARTESIAN_POINT('',(1.131423996611,2.427588942877,-4.5000003514)
  );
#4730 = CARTESIAN_POINT('',(1.134254946083,2.431480807137,-4.5000003514)
  );
#4731 = CARTESIAN_POINT('',(1.137126506862,2.435353361109,-4.5000003514)
  );
#4732 = CARTESIAN_POINT('',(1.140037103972,2.439207289437,-4.5000003514)
  );
#4733 = CARTESIAN_POINT('',(1.142985352143,2.443043188842,-4.5000003514)
  );
#4734 = CARTESIAN_POINT('',(1.14597002106,2.446861584222,-4.5000003514)
  );
#4735 = CARTESIAN_POINT('',(1.148990008891,2.450662940912,-4.5000003514)
  );
#4736 = CARTESIAN_POINT('',(1.15204432171,2.454447674227,-4.5000003514)
  );
#4737 = CARTESIAN_POINT('',(1.155132057227,2.458216156991,-4.5000003514)
  );
#4738 = CARTESIAN_POINT('',(1.15825239174,2.461968725591,-4.5000003514)
  );
#4739 = CARTESIAN_POINT('',(1.161404569527,2.465705684887,-4.5000003514)
  );
#4740 = CARTESIAN_POINT('',(1.164587894127,2.469427312251,-4.5000003514)
  );
#4741 = CARTESIAN_POINT('',(1.167801721101,2.473133860929,-4.5000003514)
  );
#4742 = CARTESIAN_POINT('',(1.171045451958,2.476825562844,-4.5000003514)
  );
#4743 = CARTESIAN_POINT('',(1.174318529028,2.480502630983,-4.5000003514)
  );
#4744 = CARTESIAN_POINT('',(1.177620431084,2.484165261419,-4.5000003514)
  );
#4745 = CARTESIAN_POINT('',(1.180950669601,2.487813635046,-4.5000003514)
  );
#4746 = CARTESIAN_POINT('',(1.184308785512,2.491447919083,-4.5000003514)
  );
#4747 = CARTESIAN_POINT('',(1.187694346402,2.495068268375,-4.5000003514)
  );
#4748 = CARTESIAN_POINT('',(1.191106944053,2.498674826528,-4.5000003514)
  );
#4749 = CARTESIAN_POINT('',(1.194546192294,2.502267726908,-4.5000003514)
  );
#4750 = CARTESIAN_POINT('',(1.198011725099,2.505847093522,-4.5000003514)
  );
#4751 = CARTESIAN_POINT('',(1.201503194914,2.509413041794,-4.5000003514)
  );
#4752 = CARTESIAN_POINT('',(1.20502027116,2.512965679256,-4.5000003514)
  );
#4753 = CARTESIAN_POINT('',(1.208562638902,2.516505106169,-4.5000003514)
  );
#4754 = CARTESIAN_POINT('',(1.212129997655,2.520031416071,-4.5000003514)
  );
#4755 = CARTESIAN_POINT('',(1.215722060319,2.52354469628,-4.5000003514)
  );
#4756 = CARTESIAN_POINT('',(1.219338552204,2.527045028333,-4.5000003514)
  );
#4757 = CARTESIAN_POINT('',(1.222979210168,2.530532488399,-4.5000003514)
  );
#4758 = CARTESIAN_POINT('',(1.226643781818,2.53400714764,-4.5000003514)
  );
#4759 = CARTESIAN_POINT('',(1.230332024796,2.537469072546,-4.5000003514)
  );
#4760 = CARTESIAN_POINT('',(1.234043706123,2.540918325238,-4.5000003514)
  );
#4761 = CARTESIAN_POINT('',(1.237778601602,2.544354963745,-4.5000003514)
  );
#4762 = CARTESIAN_POINT('',(1.24153649527,2.54777904226,-4.5000003514));
#4763 = CARTESIAN_POINT('',(1.2453171789,2.551190611369,-4.5000003514));
#4764 = CARTESIAN_POINT('',(1.249120451533,2.554589718268,-4.5000003514)
  );
#4765 = CARTESIAN_POINT('',(1.252946119062,2.557976406956,-4.5000003514)
  );
#4766 = CARTESIAN_POINT('',(1.256793993833,2.561350718423,-4.5000003514)
  );
#4767 = CARTESIAN_POINT('',(1.260663894289,2.56471269081,-4.5000003514)
  );
#4768 = CARTESIAN_POINT('',(1.264555644631,2.568062359572,-4.5000003514)
  );
#4769 = CARTESIAN_POINT('',(1.268469074509,2.571399757615,-4.5000003514)
  );
#4770 = CARTESIAN_POINT('',(1.272404018735,2.574724915437,-4.5000003514)
  );
#4771 = CARTESIAN_POINT('',(1.276360317012,2.578037861246,-4.5000003514)
  );
#4772 = CARTESIAN_POINT('',(1.280337813687,2.581338621082,-4.5000003514)
  );
#4773 = CARTESIAN_POINT('',(1.284336357515,2.584627218918,-4.5000003514)
  );
#4774 = CARTESIAN_POINT('',(1.288355801446,2.587903676769,-4.5000003514)
  );
#4775 = CARTESIAN_POINT('',(1.292396002416,2.591168014781,-4.5000003514)
  );
#4776 = CARTESIAN_POINT('',(1.296456821162,2.59442025132,-4.5000003514)
  );
#4777 = CARTESIAN_POINT('',(1.30053812204,2.597660403058,-4.5000003514)
  );
#4778 = CARTESIAN_POINT('',(1.304639772857,2.600888485047,-4.5000003514)
  );
#4779 = CARTESIAN_POINT('',(1.308761644718,2.604104510795,-4.5000003514)
  );
#4780 = CARTESIAN_POINT('',(1.312903611875,2.607308492334,-4.5000003514)
  );
#4781 = CARTESIAN_POINT('',(1.317065551587,2.610500440283,-4.5000003514)
  );
#4782 = CARTESIAN_POINT('',(1.321247343991,2.613680363913,-4.5000003514)
  );
#4783 = CARTESIAN_POINT('',(1.325448871976,2.616848271199,-4.5000003514)
  );
#4784 = CARTESIAN_POINT('',(1.329670021069,2.620004168879,-4.5000003514)
  );
#4785 = CARTESIAN_POINT('',(1.333910679323,2.623148062504,-4.5000003514)
  );
#4786 = CARTESIAN_POINT('',(1.338170737212,2.626279956485,-4.5000003514)
  );
#4787 = CARTESIAN_POINT('',(1.342450087534,2.629399854143,-4.5000003514)
  );
#4788 = CARTESIAN_POINT('',(1.346748625315,2.632507757748,-4.5000003514)
  );
#4789 = CARTESIAN_POINT('',(1.351066247724,2.635603668562,-4.5000003514)
  );
#4790 = CARTESIAN_POINT('',(1.355402853983,2.638687586883,-4.5000003514)
  );
#4791 = CARTESIAN_POINT('',(1.359758345298,2.641759512066,-4.5000003514)
  );
#4792 = CARTESIAN_POINT('',(1.364132624766,2.644819442587,-4.5000003514)
  );
#4793 = CARTESIAN_POINT('',(1.36852559732,2.647867376047,-4.5000003514)
  );
#4794 = CARTESIAN_POINT('',(1.372937169651,2.650903309222,-4.5000003514)
  );
#4795 = CARTESIAN_POINT('',(1.377367250143,2.653927238089,-4.5000003514)
  );
#4796 = CARTESIAN_POINT('',(1.381815748815,2.656939157852,-4.5000003514)
  );
#4797 = CARTESIAN_POINT('',(1.384947445838,2.659042393752,-4.5000003514)
  );
#4798 = CARTESIAN_POINT('',(1.386594820656,2.660143837598,-4.5000003514)
  );
#4799 = CARTESIAN_POINT('',(1.386751215,2.660248359415,-4.5000003514));
#4800 = PCURVE('',#156,#4801);
#4801 = DEFINITIONAL_REPRESENTATION('',(#4802),#4930);
#4802 = B_SPLINE_CURVE_WITH_KNOTS('',3,(#4803,#4804,#4805,#4806,#4807,
    #4808,#4809,#4810,#4811,#4812,#4813,#4814,#4815,#4816,#4817,#4818,
    #4819,#4820,#4821,#4822,#4823,#4824,#4825,#4826,#4827,#4828,#4829,
    #4830,#4831,#4832,#4833,#4834,#4835,#4836,#4837,#4838,#4839,#4840,
    #4841,#4842,#4843,#4844,#4845,#4846,#4847,#4848,#4849,#4850,#4851,
    #4852,#4853,#4854,#4855,#4856,#4857,#4858,#4859,#4860,#4861,#4862,
    #4863,#4864,#4865,#4866,#4867,#4868,#4869,#4870,#4871,#4872,#4873,
    #4874,#4875,#4876,#4877,#4878,#4879,#4880,#4881,#4882,#4883,#4884,
    #4885,#4886,#4887,#4888,#4889,#4890,#4891,#4892,#4893,#4894,#4895,
    #4896,#4897,#4898,#4899,#4900,#4901,#4902,#4903,#4904,#4905,#4906,
    #4907,#4908,#4909,#4910,#4911,#4912,#4913,#4914,#4915,#4916,#4917,
    #4918,#4919,#4920,#4921,#4922,#4923,#4924,#4925,#4926,#4927,#4928,
    #4929),.UNSPECIFIED.,.F.,.F.,(4,1,1,1,1,1,1,1,1,1,1,1,1,1,1,1,1,1,1,
    1,1,1,1,1,1,1,1,1,1,1,1,1,1,1,1,1,1,1,1,1,1,1,1,1,1,1,1,1,1,1,1,1,1,
    1,1,1,1,1,1,1,1,1,1,1,1,1,1,1,1,1,1,1,1,1,1,1,1,1,1,1,1,1,1,1,1,1,1,
    1,1,1,1,1,1,1,1,1,1,1,1,1,1,1,1,1,1,1,1,1,1,1,1,1,1,1,1,1,1,1,1,1,1,
    1,1,1,4),(0.,3.825348486101E-02,5.430853348674E-02,
    6.675617629157E-02,7.735884378815E-02,8.679755798888E-02,
    9.542083346997E-02,0.103435317105,0.110975441185,0.118134466631,
    0.124980232214,0.131563916605,0.137925263337,0.144095870271,
    0.150101352936,0.155962819326,0.16169790603,0.167321525098,
    0.172846414439,0.178283551377,0.18364246875,0.188931500289,
    0.194157973749,0.199328364902,0.20444842177,0.209523265982,
    0.214557476318,0.219555158251,0.224520002363,0.229455333832,
    0.234364154694,0.239249180184,0.244112870201,0.248957456702,
    0.253784967687,0.258597248282,0.263395979354,0.268182693996,
    0.272958792175,0.27772555377,0.282484150212,0.287235654883,
    0.291981052431,0.296721247119,0.301457070315,0.306189287223,
    0.310919293077,0.315655371856,0.320399980632,0.32515309033,
    0.329914691623,0.33468478033,0.339463354215,0.344250411941,
    0.349045952647,0.353849975744,0.358662480811,0.363483467539,
    0.368312935692,0.373150885086,0.377997315577,0.382852227048,
    0.387715619403,0.392587492562,0.397467846459,0.402356681039,
    0.407253996253,0.41215979206,0.417074068425,0.421996825315,
    0.426928062704,0.431867780568,0.436815978885,0.441772657636,
    0.446737816804,0.451711456374,0.456693576332,0.461684176666,
    0.466683257364,0.471690818415,0.476706859811,0.481731381543,
    0.486764383603,0.491805865984,0.496855828678,0.50191427168,
    0.506981194984,0.512056598584,0.517140482477,0.522232846656,
    0.527333691118,0.532443015859,0.537560820874,0.542687106161,
    0.547821871717,0.552965117537,0.55811684362,0.563277049962,
    0.56844573656,0.573622903413,0.578808550518,0.584002677873,
    0.589205285476,0.594416373325,0.599635941417,0.604863989752,
    0.610100518327,0.615345527141,0.620599016193,0.62586098548,
    0.631131435002,0.636410364758,0.641697774745,0.646993664963,
    0.652298035411,0.657610886087,0.66293221699,0.668262028121,
    0.673600319476,0.678947091057,0.684302342861,0.689666074887,
    0.695038287136,0.700418979606,0.700983298372),.UNSPECIFIED.);
#4803 = CARTESIAN_POINT('',(-2.261374815535,-0.85751162888));
#4804 = CARTESIAN_POINT('',(-2.256816916764,-0.869488151041));
#4805 = CARTESIAN_POINT('',(-2.252396746834,-0.887192386193));
#4806 = CARTESIAN_POINT('',(-2.250557765534,-0.90940025437));
#4807 = CARTESIAN_POINT('',(-2.250590930338,-0.922447369871));
#4808 = CARTESIAN_POINT('',(-2.251356388391,-0.933256922949));
#4809 = CARTESIAN_POINT('',(-2.252590395192,-0.942736656828));
#4810 = CARTESIAN_POINT('',(-2.25416320885,-0.951288976246));
#4811 = CARTESIAN_POINT('',(-2.255998587058,-0.959139388572));
#4812 = CARTESIAN_POINT('',(-2.258046833476,-0.966430654119));
#4813 = CARTESIAN_POINT('',(-2.260273297275,-0.973260457044));
#4814 = CARTESIAN_POINT('',(-2.262652599792,-0.979699369929));
#4815 = CARTESIAN_POINT('',(-2.265165446647,-0.985800489937));
#4816 = CARTESIAN_POINT('',(-2.267796727686,-0.991605048279));
#4817 = CARTESIAN_POINT('',(-2.270534320013,-0.997145886435));
#4818 = CARTESIAN_POINT('',(-2.273368298927,-1.002449717752));
#4819 = CARTESIAN_POINT('',(-2.276290398503,-1.007538657935));
#4820 = CARTESIAN_POINT('',(-2.279293631457,-1.012431294843));
#4821 = CARTESIAN_POINT('',(-2.282372014332,-1.017143456867));
#4822 = CARTESIAN_POINT('',(-2.285520364459,-1.021688777659));
#4823 = CARTESIAN_POINT('',(-2.288734147124,-1.026079119473));
#4824 = CARTESIAN_POINT('',(-2.292009358664,-1.030324895982));
#4825 = CARTESIAN_POINT('',(-2.295342435739,-1.034435322169));
#4826 = CARTESIAN_POINT('',(-2.298730184074,-1.038418610311));
#4827 = CARTESIAN_POINT('',(-2.302169721847,-1.042282125518));
#4828 = CARTESIAN_POINT('',(-2.305658434254,-1.046032510493));
#4829 = CARTESIAN_POINT('',(-2.309193936715,-1.049675786572));
#4830 = CARTESIAN_POINT('',(-2.312774044808,-1.053217436315));
#4831 = CARTESIAN_POINT('',(-2.316396749495,-1.056662471588));
#4832 = CARTESIAN_POINT('',(-2.320060196542,-1.060015490158));
#4833 = CARTESIAN_POINT('',(-2.323762669284,-1.063280723117));
#4834 = CARTESIAN_POINT('',(-2.327502574072,-1.066462074932));
#4835 = CARTESIAN_POINT('',(-2.331278427886,-1.06956315753));
#4836 = CARTESIAN_POINT('',(-2.335088847712,-1.07258731954));
#4837 = CARTESIAN_POINT('',(-2.338932541349,-1.075537671543));
#4838 = CARTESIAN_POINT('',(-2.342808299407,-1.078417108051));
#4839 = CARTESIAN_POINT('',(-2.346714988257,-1.081228326784));
#4840 = CARTESIAN_POINT('',(-2.350651543873,-1.083973845548));
#4841 = CARTESIAN_POINT('',(-2.354616966091,-1.08665601769));
#4842 = CARTESIAN_POINT('',(-2.358610314428,-1.089277044067));
#4843 = CARTESIAN_POINT('',(-2.362630700736,-1.091838990535));
#4844 = CARTESIAN_POINT('',(-2.366677295936,-1.094343778542));
#4845 = CARTESIAN_POINT('',(-2.370749286243,-1.096793270318));
#4846 = CARTESIAN_POINT('',(-2.374846019213,-1.09918899705));
#4847 = CARTESIAN_POINT('',(-2.378966444201,-1.101533212656));
#4848 = CARTESIAN_POINT('',(-2.383111183108,-1.103825004861));
#4849 = CARTESIAN_POINT('',(-2.387275001895,-1.106074933164));
#4850 = CARTESIAN_POINT('',(-2.391477684724,-1.108251943146));
#4851 = CARTESIAN_POINT('',(-2.395616528975,-1.110557240222));
#4852 = CARTESIAN_POINT('',(-2.399713205367,-1.112951079093));
#4853 = CARTESIAN_POINT('',(-2.403774891386,-1.115420256988));
#4854 = CARTESIAN_POINT('',(-2.407806204449,-1.117954582987));
#4855 = CARTESIAN_POINT('',(-2.411810086483,-1.120547637919));
#4856 = CARTESIAN_POINT('',(-2.415788758591,-1.123194521817));
#4857 = CARTESIAN_POINT('',(-2.419743917681,-1.125891477081));
#4858 = CARTESIAN_POINT('',(-2.423676924216,-1.128635469623));
#4859 = CARTESIAN_POINT('',(-2.427588892877,-1.131423996611));
#4860 = CARTESIAN_POINT('',(-2.431480757137,-1.134254946083));
#4861 = CARTESIAN_POINT('',(-2.435353311109,-1.137126506862));
#4862 = CARTESIAN_POINT('',(-2.439207239437,-1.140037103972));
#4863 = CARTESIAN_POINT('',(-2.443043138842,-1.142985352143));
#4864 = CARTESIAN_POINT('',(-2.446861534222,-1.14597002106));
#4865 = CARTESIAN_POINT('',(-2.450662890912,-1.148990008891));
#4866 = CARTESIAN_POINT('',(-2.454447624227,-1.15204432171));
#4867 = CARTESIAN_POINT('',(-2.458216106991,-1.155132057227));
#4868 = CARTESIAN_POINT('',(-2.461968675591,-1.15825239174));
#4869 = CARTESIAN_POINT('',(-2.465705634887,-1.161404569527));
#4870 = CARTESIAN_POINT('',(-2.469427262251,-1.164587894127));
#4871 = CARTESIAN_POINT('',(-2.473133810929,-1.167801721101));
#4872 = CARTESIAN_POINT('',(-2.476825512844,-1.171045451958));
#4873 = CARTESIAN_POINT('',(-2.480502580983,-1.174318529028));
#4874 = CARTESIAN_POINT('',(-2.484165211419,-1.177620431084));
#4875 = CARTESIAN_POINT('',(-2.487813585046,-1.180950669601));
#4876 = CARTESIAN_POINT('',(-2.491447869083,-1.184308785512));
#4877 = CARTESIAN_POINT('',(-2.495068218375,-1.187694346402));
#4878 = CARTESIAN_POINT('',(-2.498674776528,-1.191106944053));
#4879 = CARTESIAN_POINT('',(-2.502267676908,-1.194546192294));
#4880 = CARTESIAN_POINT('',(-2.505847043522,-1.198011725099));
#4881 = CARTESIAN_POINT('',(-2.509412991794,-1.201503194914));
#4882 = CARTESIAN_POINT('',(-2.512965629256,-1.20502027116));
#4883 = CARTESIAN_POINT('',(-2.516505056169,-1.208562638902));
#4884 = CARTESIAN_POINT('',(-2.520031366071,-1.212129997655));
#4885 = CARTESIAN_POINT('',(-2.52354464628,-1.215722060319));
#4886 = CARTESIAN_POINT('',(-2.527044978333,-1.219338552204));
#4887 = CARTESIAN_POINT('',(-2.530532438399,-1.222979210168));
#4888 = CARTESIAN_POINT('',(-2.53400709764,-1.226643781818));
#4889 = CARTESIAN_POINT('',(-2.537469022546,-1.230332024796));
#4890 = CARTESIAN_POINT('',(-2.540918275238,-1.234043706123));
#4891 = CARTESIAN_POINT('',(-2.544354913745,-1.237778601602));
#4892 = CARTESIAN_POINT('',(-2.54777899226,-1.24153649527));
#4893 = CARTESIAN_POINT('',(-2.551190561369,-1.2453171789));
#4894 = CARTESIAN_POINT('',(-2.554589668268,-1.249120451533));
#4895 = CARTESIAN_POINT('',(-2.557976356956,-1.252946119062));
#4896 = CARTESIAN_POINT('',(-2.561350668423,-1.256793993833));
#4897 = CARTESIAN_POINT('',(-2.56471264081,-1.260663894289));
#4898 = CARTESIAN_POINT('',(-2.568062309572,-1.264555644631));
#4899 = CARTESIAN_POINT('',(-2.571399707615,-1.268469074509));
#4900 = CARTESIAN_POINT('',(-2.574724865437,-1.272404018735));
#4901 = CARTESIAN_POINT('',(-2.578037811246,-1.276360317012));
#4902 = CARTESIAN_POINT('',(-2.581338571082,-1.280337813687));
#4903 = CARTESIAN_POINT('',(-2.584627168918,-1.284336357515));
#4904 = CARTESIAN_POINT('',(-2.587903626769,-1.288355801446));
#4905 = CARTESIAN_POINT('',(-2.591167964781,-1.292396002416));
#4906 = CARTESIAN_POINT('',(-2.59442020132,-1.296456821162));
#4907 = CARTESIAN_POINT('',(-2.597660353058,-1.30053812204));
#4908 = CARTESIAN_POINT('',(-2.600888435047,-1.304639772857));
#4909 = CARTESIAN_POINT('',(-2.604104460795,-1.308761644718));
#4910 = CARTESIAN_POINT('',(-2.607308442334,-1.312903611875));
#4911 = CARTESIAN_POINT('',(-2.610500390283,-1.317065551587));
#4912 = CARTESIAN_POINT('',(-2.613680313913,-1.321247343991));
#4913 = CARTESIAN_POINT('',(-2.616848221199,-1.325448871976));
#4914 = CARTESIAN_POINT('',(-2.620004118879,-1.329670021069));
#4915 = CARTESIAN_POINT('',(-2.623148012504,-1.333910679323));
#4916 = CARTESIAN_POINT('',(-2.626279906485,-1.338170737212));
#4917 = CARTESIAN_POINT('',(-2.629399804143,-1.342450087534));
#4918 = CARTESIAN_POINT('',(-2.632507707748,-1.346748625315));
#4919 = CARTESIAN_POINT('',(-2.635603618562,-1.351066247724));
#4920 = CARTESIAN_POINT('',(-2.638687536883,-1.355402853983));
#4921 = CARTESIAN_POINT('',(-2.641759462066,-1.359758345298));
#4922 = CARTESIAN_POINT('',(-2.644819392587,-1.364132624766));
#4923 = CARTESIAN_POINT('',(-2.647867326047,-1.36852559732));
#4924 = CARTESIAN_POINT('',(-2.650903259222,-1.372937169651));
#4925 = CARTESIAN_POINT('',(-2.653927188089,-1.377367250143));
#4926 = CARTESIAN_POINT('',(-2.656939107852,-1.381815748815));
#4927 = CARTESIAN_POINT('',(-2.659042343752,-1.384947445838));
#4928 = CARTESIAN_POINT('',(-2.660143787598,-1.386594820656));
#4929 = CARTESIAN_POINT('',(-2.660248309415,-1.386751215));
#4930 = ( GEOMETRIC_REPRESENTATION_CONTEXT(2) 
PARAMETRIC_REPRESENTATION_CONTEXT() REPRESENTATION_CONTEXT('2D SPACE',''
  ) );
#4931 = PCURVE('',#4932,#4937);
#4932 = PLANE('',#4933);
#4933 = AXIS2_PLACEMENT_3D('',#4934,#4935,#4936);
#4934 = CARTESIAN_POINT('',(-10.,-10.,-4.5));
#4935 = DIRECTION('',(0.,0.,1.));
#4936 = DIRECTION('',(1.,0.,-0.));
#4937 = DEFINITIONAL_REPRESENTATION('',(#4938),#5066);
#4938 = B_SPLINE_CURVE_WITH_KNOTS('',3,(#4939,#4940,#4941,#4942,#4943,
    #4944,#4945,#4946,#4947,#4948,#4949,#4950,#4951,#4952,#4953,#4954,
    #4955,#4956,#4957,#4958,#4959,#4960,#4961,#4962,#4963,#4964,#4965,
    #4966,#4967,#4968,#4969,#4970,#4971,#4972,#4973,#4974,#4975,#4976,
    #4977,#4978,#4979,#4980,#4981,#4982,#4983,#4984,#4985,#4986,#4987,
    #4988,#4989,#4990,#4991,#4992,#4993,#4994,#4995,#4996,#4997,#4998,
    #4999,#5000,#5001,#5002,#5003,#5004,#5005,#5006,#5007,#5008,#5009,
    #5010,#5011,#5012,#5013,#5014,#5015,#5016,#5017,#5018,#5019,#5020,
    #5021,#5022,#5023,#5024,#5025,#5026,#5027,#5028,#5029,#5030,#5031,
    #5032,#5033,#5034,#5035,#5036,#5037,#5038,#5039,#5040,#5041,#5042,
    #5043,#5044,#5045,#5046,#5047,#5048,#5049,#5050,#5051,#5052,#5053,
    #5054,#5055,#5056,#5057,#5058,#5059,#5060,#5061,#5062,#5063,#5064,
    #5065),.UNSPECIFIED.,.F.,.F.,(4,1,1,1,1,1,1,1,1,1,1,1,1,1,1,1,1,1,1,
    1,1,1,1,1,1,1,1,1,1,1,1,1,1,1,1,1,1,1,1,1,1,1,1,1,1,1,1,1,1,1,1,1,1,
    1,1,1,1,1,1,1,1,1,1,1,1,1,1,1,1,1,1,1,1,1,1,1,1,1,1,1,1,1,1,1,1,1,1,
    1,1,1,1,1,1,1,1,1,1,1,1,1,1,1,1,1,1,1,1,1,1,1,1,1,1,1,1,1,1,1,1,1,1,
    1,1,1,4),(0.,3.825348486101E-02,5.430853348674E-02,
    6.675617629157E-02,7.735884378815E-02,8.679755798888E-02,
    9.542083346997E-02,0.103435317105,0.110975441185,0.118134466631,
    0.124980232214,0.131563916605,0.137925263337,0.144095870271,
    0.150101352936,0.155962819326,0.16169790603,0.167321525098,
    0.172846414439,0.178283551377,0.18364246875,0.188931500289,
    0.194157973749,0.199328364902,0.20444842177,0.209523265982,
    0.214557476318,0.219555158251,0.224520002363,0.229455333832,
    0.234364154694,0.239249180184,0.244112870201,0.248957456702,
    0.253784967687,0.258597248282,0.263395979354,0.268182693996,
    0.272958792175,0.27772555377,0.282484150212,0.287235654883,
    0.291981052431,0.296721247119,0.301457070315,0.306189287223,
    0.310919293077,0.315655371856,0.320399980632,0.32515309033,
    0.329914691623,0.33468478033,0.339463354215,0.344250411941,
    0.349045952647,0.353849975744,0.358662480811,0.363483467539,
    0.368312935692,0.373150885086,0.377997315577,0.382852227048,
    0.387715619403,0.392587492562,0.397467846459,0.402356681039,
    0.407253996253,0.41215979206,0.417074068425,0.421996825315,
    0.426928062704,0.431867780568,0.436815978885,0.441772657636,
    0.446737816804,0.451711456374,0.456693576332,0.461684176666,
    0.466683257364,0.471690818415,0.476706859811,0.481731381543,
    0.486764383603,0.491805865984,0.496855828678,0.50191427168,
    0.506981194984,0.512056598584,0.517140482477,0.522232846656,
    0.527333691118,0.532443015859,0.537560820874,0.542687106161,
    0.547821871717,0.552965117537,0.55811684362,0.563277049962,
    0.56844573656,0.573622903413,0.578808550518,0.584002677873,
    0.589205285476,0.594416373325,0.599635941417,0.604863989752,
    0.610100518327,0.615345527141,0.620599016193,0.62586098548,
    0.631131435002,0.636410364758,0.641697774745,0.646993664963,
    0.652298035411,0.657610886087,0.66293221699,0.668262028121,
    0.673600319476,0.678947091057,0.684302342861,0.689666074887,
    0.695038287136,0.700418979606,0.700983298372),.UNSPECIFIED.);
#4939 = CARTESIAN_POINT('',(10.85751162888,12.261374865535));
#4940 = CARTESIAN_POINT('',(10.869488151041,12.256816966764));
#4941 = CARTESIAN_POINT('',(10.887192386193,12.252396796834));
#4942 = CARTESIAN_POINT('',(10.90940025437,12.250557815534));
#4943 = CARTESIAN_POINT('',(10.922447369871,12.250590980338));
#4944 = CARTESIAN_POINT('',(10.933256922949,12.251356438391));
#4945 = CARTESIAN_POINT('',(10.942736656828,12.252590445192));
#4946 = CARTESIAN_POINT('',(10.951288976246,12.25416325885));
#4947 = CARTESIAN_POINT('',(10.959139388572,12.255998637058));
#4948 = CARTESIAN_POINT('',(10.966430654119,12.258046883476));
#4949 = CARTESIAN_POINT('',(10.973260457044,12.260273347275));
#4950 = CARTESIAN_POINT('',(10.979699369929,12.262652649792));
#4951 = CARTESIAN_POINT('',(10.985800489937,12.265165496647));
#4952 = CARTESIAN_POINT('',(10.991605048279,12.267796777686));
#4953 = CARTESIAN_POINT('',(10.997145886435,12.270534370013));
#4954 = CARTESIAN_POINT('',(11.002449717752,12.273368348927));
#4955 = CARTESIAN_POINT('',(11.007538657935,12.276290448503));
#4956 = CARTESIAN_POINT('',(11.012431294843,12.279293681457));
#4957 = CARTESIAN_POINT('',(11.017143456867,12.282372064332));
#4958 = CARTESIAN_POINT('',(11.021688777659,12.285520414459));
#4959 = CARTESIAN_POINT('',(11.026079119473,12.288734197124));
#4960 = CARTESIAN_POINT('',(11.030324895982,12.292009408664));
#4961 = CARTESIAN_POINT('',(11.034435322169,12.295342485739));
#4962 = CARTESIAN_POINT('',(11.038418610311,12.298730234074));
#4963 = CARTESIAN_POINT('',(11.042282125518,12.302169771847));
#4964 = CARTESIAN_POINT('',(11.046032510493,12.305658484254));
#4965 = CARTESIAN_POINT('',(11.049675786572,12.309193986715));
#4966 = CARTESIAN_POINT('',(11.053217436315,12.312774094808));
#4967 = CARTESIAN_POINT('',(11.056662471588,12.316396799495));
#4968 = CARTESIAN_POINT('',(11.060015490158,12.320060246542));
#4969 = CARTESIAN_POINT('',(11.063280723117,12.323762719284));
#4970 = CARTESIAN_POINT('',(11.066462074932,12.327502624072));
#4971 = CARTESIAN_POINT('',(11.06956315753,12.331278477886));
#4972 = CARTESIAN_POINT('',(11.07258731954,12.335088897712));
#4973 = CARTESIAN_POINT('',(11.075537671543,12.338932591349));
#4974 = CARTESIAN_POINT('',(11.078417108051,12.342808349407));
#4975 = CARTESIAN_POINT('',(11.081228326784,12.346715038257));
#4976 = CARTESIAN_POINT('',(11.083973845548,12.350651593873));
#4977 = CARTESIAN_POINT('',(11.08665601769,12.354617016091));
#4978 = CARTESIAN_POINT('',(11.089277044067,12.358610364428));
#4979 = CARTESIAN_POINT('',(11.091838990535,12.362630750736));
#4980 = CARTESIAN_POINT('',(11.094343778542,12.366677345936));
#4981 = CARTESIAN_POINT('',(11.096793270318,12.370749336243));
#4982 = CARTESIAN_POINT('',(11.09918899705,12.374846069213));
#4983 = CARTESIAN_POINT('',(11.101533212656,12.378966494201));
#4984 = CARTESIAN_POINT('',(11.103825004861,12.383111233108));
#4985 = CARTESIAN_POINT('',(11.106074933164,12.387275051895));
#4986 = CARTESIAN_POINT('',(11.108251943146,12.391477734724));
#4987 = CARTESIAN_POINT('',(11.110557240222,12.395616578975));
#4988 = CARTESIAN_POINT('',(11.112951079093,12.399713255367));
#4989 = CARTESIAN_POINT('',(11.115420256988,12.403774941386));
#4990 = CARTESIAN_POINT('',(11.117954582987,12.407806254449));
#4991 = CARTESIAN_POINT('',(11.120547637919,12.411810136483));
#4992 = CARTESIAN_POINT('',(11.123194521817,12.415788808591));
#4993 = CARTESIAN_POINT('',(11.125891477081,12.419743967681));
#4994 = CARTESIAN_POINT('',(11.128635469623,12.423676974216));
#4995 = CARTESIAN_POINT('',(11.131423996611,12.427588942877));
#4996 = CARTESIAN_POINT('',(11.134254946083,12.431480807137));
#4997 = CARTESIAN_POINT('',(11.137126506862,12.435353361109));
#4998 = CARTESIAN_POINT('',(11.140037103972,12.439207289437));
#4999 = CARTESIAN_POINT('',(11.142985352143,12.443043188842));
#5000 = CARTESIAN_POINT('',(11.14597002106,12.446861584222));
#5001 = CARTESIAN_POINT('',(11.148990008891,12.450662940912));
#5002 = CARTESIAN_POINT('',(11.15204432171,12.454447674227));
#5003 = CARTESIAN_POINT('',(11.155132057227,12.458216156991));
#5004 = CARTESIAN_POINT('',(11.15825239174,12.461968725591));
#5005 = CARTESIAN_POINT('',(11.161404569527,12.465705684887));
#5006 = CARTESIAN_POINT('',(11.164587894127,12.469427312251));
#5007 = CARTESIAN_POINT('',(11.167801721101,12.473133860929));
#5008 = CARTESIAN_POINT('',(11.171045451958,12.476825562844));
#5009 = CARTESIAN_POINT('',(11.174318529028,12.480502630983));
#5010 = CARTESIAN_POINT('',(11.177620431084,12.484165261419));
#5011 = CARTESIAN_POINT('',(11.180950669601,12.487813635046));
#5012 = CARTESIAN_POINT('',(11.184308785512,12.491447919083));
#5013 = CARTESIAN_POINT('',(11.187694346402,12.495068268375));
#5014 = CARTESIAN_POINT('',(11.191106944053,12.498674826528));
#5015 = CARTESIAN_POINT('',(11.194546192294,12.502267726908));
#5016 = CARTESIAN_POINT('',(11.198011725099,12.505847093522));
#5017 = CARTESIAN_POINT('',(11.201503194914,12.509413041794));
#5018 = CARTESIAN_POINT('',(11.20502027116,12.512965679256));
#5019 = CARTESIAN_POINT('',(11.208562638902,12.516505106169));
#5020 = CARTESIAN_POINT('',(11.212129997655,12.520031416071));
#5021 = CARTESIAN_POINT('',(11.215722060319,12.52354469628));
#5022 = CARTESIAN_POINT('',(11.219338552204,12.527045028333));
#5023 = CARTESIAN_POINT('',(11.222979210168,12.530532488399));
#5024 = CARTESIAN_POINT('',(11.226643781818,12.53400714764));
#5025 = CARTESIAN_POINT('',(11.230332024796,12.537469072546));
#5026 = CARTESIAN_POINT('',(11.234043706123,12.540918325238));
#5027 = CARTESIAN_POINT('',(11.237778601602,12.544354963745));
#5028 = CARTESIAN_POINT('',(11.24153649527,12.54777904226));
#5029 = CARTESIAN_POINT('',(11.2453171789,12.551190611369));
#5030 = CARTESIAN_POINT('',(11.249120451533,12.554589718268));
#5031 = CARTESIAN_POINT('',(11.252946119062,12.557976406956));
#5032 = CARTESIAN_POINT('',(11.256793993833,12.561350718423));
#5033 = CARTESIAN_POINT('',(11.260663894289,12.56471269081));
#5034 = CARTESIAN_POINT('',(11.264555644631,12.568062359572));
#5035 = CARTESIAN_POINT('',(11.268469074509,12.571399757615));
#5036 = CARTESIAN_POINT('',(11.272404018735,12.574724915437));
#5037 = CARTESIAN_POINT('',(11.276360317012,12.578037861246));
#5038 = CARTESIAN_POINT('',(11.280337813687,12.581338621082));
#5039 = CARTESIAN_POINT('',(11.284336357515,12.584627218918));
#5040 = CARTESIAN_POINT('',(11.288355801446,12.587903676769));
#5041 = CARTESIAN_POINT('',(11.292396002416,12.591168014781));
#5042 = CARTESIAN_POINT('',(11.296456821162,12.59442025132));
#5043 = CARTESIAN_POINT('',(11.30053812204,12.597660403058));
#5044 = CARTESIAN_POINT('',(11.304639772857,12.600888485047));
#5045 = CARTESIAN_POINT('',(11.308761644718,12.604104510795));
#5046 = CARTESIAN_POINT('',(11.312903611875,12.607308492334));
#5047 = CARTESIAN_POINT('',(11.317065551587,12.610500440283));
#5048 = CARTESIAN_POINT('',(11.321247343991,12.613680363913));
#5049 = CARTESIAN_POINT('',(11.325448871976,12.616848271199));
#5050 = CARTESIAN_POINT('',(11.329670021069,12.620004168879));
#5051 = CARTESIAN_POINT('',(11.333910679323,12.623148062504));
#5052 = CARTESIAN_POINT('',(11.338170737212,12.626279956485));
#5053 = CARTESIAN_POINT('',(11.342450087534,12.629399854143));
#5054 = CARTESIAN_POINT('',(11.346748625315,12.632507757748));
#5055 = CARTESIAN_POINT('',(11.351066247724,12.635603668562));
#5056 = CARTESIAN_POINT('',(11.355402853983,12.638687586883));
#5057 = CARTESIAN_POINT('',(11.359758345298,12.641759512066));
#5058 = CARTESIAN_POINT('',(11.364132624766,12.644819442587));
#5059 = CARTESIAN_POINT('',(11.36852559732,12.647867376047));
#5060 = CARTESIAN_POINT('',(11.372937169651,12.650903309222));
#5061 = CARTESIAN_POINT('',(11.377367250143,12.653927238089));
#5062 = CARTESIAN_POINT('',(11.381815748815,12.656939157852));
#5063 = CARTESIAN_POINT('',(11.384947445838,12.659042393752));
#5064 = CARTESIAN_POINT('',(11.386594820656,12.660143837598));
#5065 = CARTESIAN_POINT('',(11.386751215,12.660248359415));
#5066 = ( GEOMETRIC_REPRESENTATION_CONTEXT(2) 
PARAMETRIC_REPRESENTATION_CONTEXT() REPRESENTATION_CONTEXT('2D SPACE',''
  ) );
#5067 = ORIENTED_EDGE('',*,*,#5068,.T.);
#5068 = EDGE_CURVE('',#4669,#5069,#5071,.T.);
#5069 = VERTEX_POINT('',#5070);
#5070 = CARTESIAN_POINT('',(1.892546392811,2.327717419239,-4.5000003514)
  );
#5071 = SURFACE_CURVE('',#5072,(#5077,#5084),.PCURVE_S1.);
#5072 = CIRCLE('',#5073,3.);
#5073 = AXIS2_PLACEMENT_3D('',#5074,#5075,#5076);
#5074 = CARTESIAN_POINT('',(9.037215420449E-14,4.99999084913E-08,
    -4.5000003514));
#5075 = DIRECTION('',(3.431321225571E-15,-9.104279154523E-17,-1.));
#5076 = DIRECTION('',(4.996003610813E-16,-1.,9.104279154523E-17));
#5077 = PCURVE('',#156,#5078);
#5078 = DEFINITIONAL_REPRESENTATION('',(#5079),#5083);
#5079 = CIRCLE('',#5080,3.);
#5080 = AXIS2_PLACEMENT_2D('',#5081,#5082);
#5081 = CARTESIAN_POINT('',(1.110223024625E-15,7.216449660064E-16));
#5082 = DIRECTION('',(1.,-1.657422360651E-32));
#5083 = ( GEOMETRIC_REPRESENTATION_CONTEXT(2) 
PARAMETRIC_REPRESENTATION_CONTEXT() REPRESENTATION_CONTEXT('2D SPACE',''
  ) );
#5084 = PCURVE('',#4932,#5085);
#5085 = DEFINITIONAL_REPRESENTATION('',(#5086),#5094);
#5086 = ( BOUNDED_CURVE() B_SPLINE_CURVE(2,(#5087,#5088,#5089,#5090,
#5091,#5092,#5093),.UNSPECIFIED.,.T.,.F.) B_SPLINE_CURVE_WITH_KNOTS((1,2
    ,2,2,2,1),(-2.094395102393,0.,2.094395102393,4.188790204786,
6.28318530718,8.377580409573),.UNSPECIFIED.) CURVE() 
GEOMETRIC_REPRESENTATION_ITEM() RATIONAL_B_SPLINE_CURVE((1.,0.5,1.,0.5,
1.,0.5,1.)) REPRESENTATION_ITEM('') );
#5087 = CARTESIAN_POINT('',(10.,7.00000005));
#5088 = CARTESIAN_POINT('',(4.803847577293,7.00000005));
#5089 = CARTESIAN_POINT('',(7.401923788647,11.50000005));
#5090 = CARTESIAN_POINT('',(10.,16.00000005));
#5091 = CARTESIAN_POINT('',(12.598076211353,11.50000005));
#5092 = CARTESIAN_POINT('',(15.196152422707,7.00000005));
#5093 = CARTESIAN_POINT('',(10.,7.00000005));
#5094 = ( GEOMETRIC_REPRESENTATION_CONTEXT(2) 
PARAMETRIC_REPRESENTATION_CONTEXT() REPRESENTATION_CONTEXT('2D SPACE',''
  ) );
#5095 = ORIENTED_EDGE('',*,*,#5096,.F.);
#5096 = EDGE_CURVE('',#5097,#5069,#5099,.T.);
#5097 = VERTEX_POINT('',#5098);
#5098 = CARTESIAN_POINT('',(1.837325469305,2.123106933337,-4.5000001757)
  );
#5099 = SURFACE_CURVE('',#5100,(#5228,#5359),.PCURVE_S1.);
#5100 = B_SPLINE_CURVE_WITH_KNOTS('',3,(#5101,#5102,#5103,#5104,#5105,
    #5106,#5107,#5108,#5109,#5110,#5111,#5112,#5113,#5114,#5115,#5116,
    #5117,#5118,#5119,#5120,#5121,#5122,#5123,#5124,#5125,#5126,#5127,
    #5128,#5129,#5130,#5131,#5132,#5133,#5134,#5135,#5136,#5137,#5138,
    #5139,#5140,#5141,#5142,#5143,#5144,#5145,#5146,#5147,#5148,#5149,
    #5150,#5151,#5152,#5153,#5154,#5155,#5156,#5157,#5158,#5159,#5160,
    #5161,#5162,#5163,#5164,#5165,#5166,#5167,#5168,#5169,#5170,#5171,
    #5172,#5173,#5174,#5175,#5176,#5177,#5178,#5179,#5180,#5181,#5182,
    #5183,#5184,#5185,#5186,#5187,#5188,#5189,#5190,#5191,#5192,#5193,
    #5194,#5195,#5196,#5197,#5198,#5199,#5200,#5201,#5202,#5203,#5204,
    #5205,#5206,#5207,#5208,#5209,#5210,#5211,#5212,#5213,#5214,#5215,
    #5216,#5217,#5218,#5219,#5220,#5221,#5222,#5223,#5224,#5225,#5226,
    #5227),.UNSPECIFIED.,.F.,.F.,(4,1,1,1,1,1,1,1,1,1,1,1,1,1,1,1,1,1,1,
    1,1,1,1,1,1,1,1,1,1,1,1,1,1,1,1,1,1,1,1,1,1,1,1,1,1,1,1,1,1,1,1,1,1,
    1,1,1,1,1,1,1,1,1,1,1,1,1,1,1,1,1,1,1,1,1,1,1,1,1,1,1,1,1,1,1,1,1,1,
    1,1,1,1,1,1,1,1,1,1,1,1,1,1,1,1,1,1,1,1,1,1,1,1,1,1,1,1,1,1,1,1,1,1,
    1,1,1,4),(0.,3.825348486101E-02,5.430853348674E-02,
    6.675617629157E-02,7.735884378815E-02,8.679755798888E-02,
    9.542083346997E-02,0.103435317105,0.110975441185,0.118134466631,
    0.124980232214,0.131563916605,0.137925263337,0.144095870271,
    0.150101352936,0.155962819326,0.16169790603,0.167321525098,
    0.172846414439,0.178283551377,0.18364246875,0.188931500289,
    0.194157973749,0.199328364902,0.20444842177,0.209523265982,
    0.214557476318,0.219555158251,0.224520002363,0.229455333832,
    0.234364154694,0.239249180184,0.244112870201,0.248957456702,
    0.253784967687,0.258597248282,0.263395979354,0.268182693996,
    0.272958792175,0.27772555377,0.282484150212,0.287235654883,
    0.291981052431,0.296721247119,0.301457070315,0.306189287223,
    0.310919293077,0.315655371856,0.320399980632,0.32515309033,
    0.329914691623,0.33468478033,0.339463354215,0.344250411941,
    0.349045952647,0.353849975744,0.358662480811,0.363483467539,
    0.368312935692,0.373150885086,0.377997315577,0.382852227048,
    0.387715619403,0.392587492562,0.397467846459,0.402356681039,
    0.407253996253,0.41215979206,0.417074068425,0.421996825315,
    0.426928062704,0.431867780568,0.436815978885,0.441772657636,
    0.446737816804,0.451711456374,0.456693576332,0.461684176666,
    0.466683257364,0.471690818415,0.476706859811,0.481731381543,
    0.486764383603,0.491805865984,0.496855828678,0.50191427168,
    0.506981194984,0.512056598584,0.517140482477,0.522232846656,
    0.527333691118,0.532443015859,0.537560820874,0.542687106161,
    0.547821871717,0.552965117537,0.55811684362,0.563277049962,
    0.56844573656,0.573622903413,0.578808550518,0.584002677873,
    0.589205285476,0.594416373325,0.599635941417,0.604863989752,
    0.610100518327,0.615345527141,0.620599016193,0.62586098548,
    0.631131435002,0.636410364758,0.641697774745,0.646993664963,
    0.652298035411,0.657610886087,0.66293221699,0.668262028121,
    0.673600319476,0.678947091057,0.684302342861,0.689666074887,
    0.695038287136,0.700418979606,0.700983298365),.UNSPECIFIED.);
#5101 = CARTESIAN_POINT('',(1.736156794893,1.683716722586,-4.5000003514)
  );
#5102 = CARTESIAN_POINT('',(1.727224556055,1.692905119269,-4.5000003514)
  );
#5103 = CARTESIAN_POINT('',(1.716148159222,1.707406542569,-4.5000003514)
  );
#5104 = CARTESIAN_POINT('',(1.705656120181,1.727065850237,-4.5000003514)
  );
#5105 = CARTESIAN_POINT('',(1.700514379176,1.739057131329,-4.5000003514)
  );
#5106 = CARTESIAN_POINT('',(1.696931956106,1.749284477453,-4.5000003514)
  );
#5107 = CARTESIAN_POINT('',(1.694306864579,1.758476703607,-4.5000003514)
  );
#5108 = CARTESIAN_POINT('',(1.692360469909,1.766951811749,-4.5000003514)
  );
#5109 = CARTESIAN_POINT('',(1.690933379995,1.77488660861,-4.5000003514)
  );
#5110 = CARTESIAN_POINT('',(1.689923376636,1.782392456989,-4.5000003514)
  );
#5111 = CARTESIAN_POINT('',(1.689259923693,1.789545301125,-4.5000003514)
  );
#5112 = CARTESIAN_POINT('',(1.688891745181,1.796399870709,-4.5000003514)
  );
#5113 = CARTESIAN_POINT('',(1.688780078569,1.802997263773,-4.5000003514)
  );
#5114 = CARTESIAN_POINT('',(1.688894706676,1.809369343328,-4.5000003514)
  );
#5115 = CARTESIAN_POINT('',(1.689211480718,1.815541454265,-4.5000003514)
  );
#5116 = CARTESIAN_POINT('',(1.689710699339,1.821534186855,-4.5000003514)
  );
#5117 = CARTESIAN_POINT('',(1.690376006665,1.827364567998,-4.5000003514)
  );
#5118 = CARTESIAN_POINT('',(1.691193619229,1.83304689268,-4.5000003514)
  );
#5119 = CARTESIAN_POINT('',(1.692151769056,1.838593320447,-4.5000003514)
  );
#5120 = CARTESIAN_POINT('',(1.693240293404,1.844014313379,-4.5000003514)
  );
#5121 = CARTESIAN_POINT('',(1.694450326616,1.849318964158,-4.5000003514)
  );
#5122 = CARTESIAN_POINT('',(1.695774064829,1.854515246093,-4.5000003514)
  );
#5123 = CARTESIAN_POINT('',(1.697204583618,1.859610206565,-4.5000003514)
  );
#5124 = CARTESIAN_POINT('',(1.69873569488,1.864610118715,-4.5000003514)
  );
#5125 = CARTESIAN_POINT('',(1.700361833201,1.869520601788,-4.5000003514)
  );
#5126 = CARTESIAN_POINT('',(1.702077964688,1.874346717662,-4.5000003514)
  );
#5127 = CARTESIAN_POINT('',(1.703879513134,1.879093049029,-4.5000003514)
  );
#5128 = CARTESIAN_POINT('',(1.705762299674,1.883763763289,-4.5000003514)
  );
#5129 = CARTESIAN_POINT('',(1.707722493052,1.888362665245,-4.5000003514)
  );
#5130 = CARTESIAN_POINT('',(1.709756568291,1.892893240895,-4.5000003514)
  );
#5131 = CARTESIAN_POINT('',(1.711861272071,1.89735869414,-4.5000003514)
  );
#5132 = CARTESIAN_POINT('',(1.71403359349,1.901761977783,-4.5000003514)
  );
#5133 = CARTESIAN_POINT('',(1.716270739181,1.906105819915,-4.5000003514)
  );
#5134 = CARTESIAN_POINT('',(1.718570111967,1.910392746541,-4.5000003514)
  );
#5135 = CARTESIAN_POINT('',(1.720929292412,1.914625101128,-4.5000003514)
  );
#5136 = CARTESIAN_POINT('',(1.72334602276,1.918805061601,-4.5000003514)
  );
#5137 = CARTESIAN_POINT('',(1.725818192823,1.922934655251,-4.5000003514)
  );
#5138 = CARTESIAN_POINT('',(1.728343827633,1.927015771791,-4.5000003514)
  );
#5139 = CARTESIAN_POINT('',(1.730921076051,1.93105017526,-4.5000003514)
  );
#5140 = CARTESIAN_POINT('',(1.733548202177,1.935039513367,-4.5000003514)
  );
#5141 = CARTESIAN_POINT('',(1.736223571675,1.938985330622,-4.5000003514)
  );
#5142 = CARTESIAN_POINT('',(1.738945661688,1.94288906238,-4.5000003514)
  );
#5143 = CARTESIAN_POINT('',(1.741712986874,1.946752095687,-4.5000003514)
  );
#5144 = CARTESIAN_POINT('',(1.744524341246,1.950575577635,-4.5000003514)
  );
#5145 = CARTESIAN_POINT('',(1.747377866733,1.95436116097,-4.5000003514)
  );
#5146 = CARTESIAN_POINT('',(1.750274495931,1.958108254698,-4.5000003514)
  );
#5147 = CARTESIAN_POINT('',(1.753205237599,1.961824478255,-4.5000003514)
  );
#5148 = CARTESIAN_POINT('',(1.756200565651,1.965489164503,-4.5000003514)
  );
#5149 = CARTESIAN_POINT('',(1.759086429502,1.969246319832,-4.5000003514)
  );
#5150 = CARTESIAN_POINT('',(1.761898480325,1.973068046167,-4.5000003514)
  );
#5151 = CARTESIAN_POINT('',(1.76464854143,1.976945067796,-4.5000003514)
  );
#5152 = CARTESIAN_POINT('',(1.767344891842,1.980869859221,-4.5000003514)
  );
#5153 = CARTESIAN_POINT('',(1.769992777163,1.98483769346,-4.5000003514)
  );
#5154 = CARTESIAN_POINT('',(1.772596178979,1.988844952511,-4.5000003514)
  );
#5155 = CARTESIAN_POINT('',(1.775158144768,1.992888859336,-4.5000003514)
  );
#5156 = CARTESIAN_POINT('',(1.777681126314,1.99696716776,-4.5000003514)
  );
#5157 = CARTESIAN_POINT('',(1.78016713915,2.001078021898,-4.5000003514)
  );
#5158 = CARTESIAN_POINT('',(1.7826178775,2.005219852879,-4.5000003514));
#5159 = CARTESIAN_POINT('',(1.785034788408,2.009391312723,-4.5000003514)
  );
#5160 = CARTESIAN_POINT('',(1.787419124782,2.013591226908,-4.5000003514)
  );
#5161 = CARTESIAN_POINT('',(1.789771983604,2.017818560215,-4.5000003514)
  );
#5162 = CARTESIAN_POINT('',(1.792094334493,2.022072391213,-4.5000003514)
  );
#5163 = CARTESIAN_POINT('',(1.794387041453,2.026351892818,-4.5000003514)
  );
#5164 = CARTESIAN_POINT('',(1.796650879784,2.030656317177,-4.5000003514)
  );
#5165 = CARTESIAN_POINT('',(1.798886549455,2.034984983726,-4.5000003514)
  );
#5166 = CARTESIAN_POINT('',(1.801094685827,2.039337269601,-4.5000003514)
  );
#5167 = CARTESIAN_POINT('',(1.803275868367,2.043712601852,-4.5000003514)
  );
#5168 = CARTESIAN_POINT('',(1.805430627816,2.048110451038,-4.5000003514)
  );
#5169 = CARTESIAN_POINT('',(1.807559452142,2.052530325913,-4.5000003514)
  );
#5170 = CARTESIAN_POINT('',(1.809662791522,2.056971768962,-4.5000003514)
  );
#5171 = CARTESIAN_POINT('',(1.811741062567,2.061434352638,-4.5000003514)
  );
#5172 = CARTESIAN_POINT('',(1.813794651909,2.06591767615,-4.5000003514)
  );
#5173 = CARTESIAN_POINT('',(1.815823919288,2.070421362707,-4.5000003514)
  );
#5174 = CARTESIAN_POINT('',(1.817829200205,2.074945057146,-4.5000003514)
  );
#5175 = CARTESIAN_POINT('',(1.819810808239,2.079488423864,-4.5000003514)
  );
#5176 = CARTESIAN_POINT('',(1.821769037056,2.084051145019,-4.5000003514)
  );
#5177 = CARTESIAN_POINT('',(1.823704162185,2.088632918948,-4.5000003514)
  );
#5178 = CARTESIAN_POINT('',(1.825616442572,2.093233458776,-4.5000003514)
  );
#5179 = CARTESIAN_POINT('',(1.827506121962,2.09785249118,-4.5000003514)
  );
#5180 = CARTESIAN_POINT('',(1.829373430128,2.102489755295,-4.5000003514)
  );
#5181 = CARTESIAN_POINT('',(1.831218583964,2.107145001734,-4.5000003514)
  );
#5182 = CARTESIAN_POINT('',(1.833041788463,2.111817991715,-4.5000003514)
  );
#5183 = CARTESIAN_POINT('',(1.834843237602,2.116508496272,-4.5000003514)
  );
#5184 = CARTESIAN_POINT('',(1.836623115131,2.121216295548,-4.5000003514)
  );
#5185 = CARTESIAN_POINT('',(1.838381595296,2.125941178153,-4.5000003514)
  );
#5186 = CARTESIAN_POINT('',(1.84011884348,2.130682940585,-4.5000003514)
  );
#5187 = CARTESIAN_POINT('',(1.841835016804,2.135441386701,-4.5000003514)
  );
#5188 = CARTESIAN_POINT('',(1.843530264657,2.140216327237,-4.5000003514)
  );
#5189 = CARTESIAN_POINT('',(1.845204729192,2.145007579369,-4.5000003514)
  );
#5190 = CARTESIAN_POINT('',(1.846858545772,2.149814966312,-4.5000003514)
  );
#5191 = CARTESIAN_POINT('',(1.848491843388,2.154638316951,-4.5000003514)
  );
#5192 = CARTESIAN_POINT('',(1.85010474503,2.159477465505,-4.5000003514)
  );
#5193 = CARTESIAN_POINT('',(1.851697368044,2.164332251211,-4.5000003514)
  );
#5194 = CARTESIAN_POINT('',(1.853269824451,2.169202518039,-4.5000003514)
  );
#5195 = CARTESIAN_POINT('',(1.85482222124,2.174088114429,-4.5000003514)
  );
#5196 = CARTESIAN_POINT('',(1.856354660652,2.178988893038,-4.5000003514)
  );
#5197 = CARTESIAN_POINT('',(1.85786724043,2.183904710522,-4.5000003514)
  );
#5198 = CARTESIAN_POINT('',(1.859360054054,2.188835427314,-4.5000003514)
  );
#5199 = CARTESIAN_POINT('',(1.86083319097,2.193780907434,-4.5000003514)
  );
#5200 = CARTESIAN_POINT('',(1.862286736786,2.198741018304,-4.5000003514)
  );
#5201 = CARTESIAN_POINT('',(1.86372077347,2.203715630577,-4.5000003514)
  );
#5202 = CARTESIAN_POINT('',(1.865135379527,2.208704617976,-4.5000003514)
  );
#5203 = CARTESIAN_POINT('',(1.866530630166,2.213707857146,-4.5000003514)
  );
#5204 = CARTESIAN_POINT('',(1.867906597456,2.218725227514,-4.5000003514)
  );
#5205 = CARTESIAN_POINT('',(1.869263350475,2.223756611159,-4.5000003514)
  );
#5206 = CARTESIAN_POINT('',(1.870600955446,2.228801892687,-4.5000003514)
  );
#5207 = CARTESIAN_POINT('',(1.871919475868,2.233860959118,-4.5000003514)
  );
#5208 = CARTESIAN_POINT('',(1.873218972636,2.238933699776,-4.5000003514)
  );
#5209 = CARTESIAN_POINT('',(1.874499504158,2.244020006186,-4.5000003514)
  );
#5210 = CARTESIAN_POINT('',(1.875761126459,2.249119771981,-4.5000003514)
  );
#5211 = CARTESIAN_POINT('',(1.877003893288,2.254232892808,-4.5000003514)
  );
#5212 = CARTESIAN_POINT('',(1.878227856212,2.259359266243,-4.5000003514)
  );
#5213 = CARTESIAN_POINT('',(1.879433064703,2.264498791712,-4.5000003514)
  );
#5214 = CARTESIAN_POINT('',(1.880619566233,2.269651370411,-4.5000003514)
  );
#5215 = CARTESIAN_POINT('',(1.881787406344,2.274816905238,-4.5000003514)
  );
#5216 = CARTESIAN_POINT('',(1.882936628737,2.279995300719,-4.5000003514)
  );
#5217 = CARTESIAN_POINT('',(1.884067275334,2.28518646295,-4.5000003514)
  );
#5218 = CARTESIAN_POINT('',(1.88517938636,2.290390299527,-4.5000003514)
  );
#5219 = CARTESIAN_POINT('',(1.886273000388,2.295606719495,-4.5000003514)
  );
#5220 = CARTESIAN_POINT('',(1.887348154431,2.300835633287,-4.5000003514)
  );
#5221 = CARTESIAN_POINT('',(1.888404883976,2.306076952673,-4.5000003514)
  );
#5222 = CARTESIAN_POINT('',(1.889443223053,2.311330590711,-4.5000003514)
  );
#5223 = CARTESIAN_POINT('',(1.890463204285,2.316596461697,-4.5000003514)
  );
#5224 = CARTESIAN_POINT('',(1.891464858941,2.321874481122,-4.5000003514)
  );
#5225 = CARTESIAN_POINT('',(1.892154292059,2.325583363629,-4.5000003514)
  );
#5226 = CARTESIAN_POINT('',(1.89251243318,2.327532403717,-4.5000003514)
  );
#5227 = CARTESIAN_POINT('',(1.892546392811,2.327717419239,-4.5000003514)
  );
#5228 = PCURVE('',#156,#5229);
#5229 = DEFINITIONAL_REPRESENTATION('',(#5230),#5358);
#5230 = B_SPLINE_CURVE_WITH_KNOTS('',3,(#5231,#5232,#5233,#5234,#5235,
    #5236,#5237,#5238,#5239,#5240,#5241,#5242,#5243,#5244,#5245,#5246,
    #5247,#5248,#5249,#5250,#5251,#5252,#5253,#5254,#5255,#5256,#5257,
    #5258,#5259,#5260,#5261,#5262,#5263,#5264,#5265,#5266,#5267,#5268,
    #5269,#5270,#5271,#5272,#5273,#5274,#5275,#5276,#5277,#5278,#5279,
    #5280,#5281,#5282,#5283,#5284,#5285,#5286,#5287,#5288,#5289,#5290,
    #5291,#5292,#5293,#5294,#5295,#5296,#5297,#5298,#5299,#5300,#5301,
    #5302,#5303,#5304,#5305,#5306,#5307,#5308,#5309,#5310,#5311,#5312,
    #5313,#5314,#5315,#5316,#5317,#5318,#5319,#5320,#5321,#5322,#5323,
    #5324,#5325,#5326,#5327,#5328,#5329,#5330,#5331,#5332,#5333,#5334,
    #5335,#5336,#5337,#5338,#5339,#5340,#5341,#5342,#5343,#5344,#5345,
    #5346,#5347,#5348,#5349,#5350,#5351,#5352,#5353,#5354,#5355,#5356,
    #5357),.UNSPECIFIED.,.F.,.F.,(4,1,1,1,1,1,1,1,1,1,1,1,1,1,1,1,1,1,1,
    1,1,1,1,1,1,1,1,1,1,1,1,1,1,1,1,1,1,1,1,1,1,1,1,1,1,1,1,1,1,1,1,1,1,
    1,1,1,1,1,1,1,1,1,1,1,1,1,1,1,1,1,1,1,1,1,1,1,1,1,1,1,1,1,1,1,1,1,1,
    1,1,1,1,1,1,1,1,1,1,1,1,1,1,1,1,1,1,1,1,1,1,1,1,1,1,1,1,1,1,1,1,1,1,
    1,1,1,4),(0.,3.825348486101E-02,5.430853348674E-02,
    6.675617629157E-02,7.735884378815E-02,8.679755798888E-02,
    9.542083346997E-02,0.103435317105,0.110975441185,0.118134466631,
    0.124980232214,0.131563916605,0.137925263337,0.144095870271,
    0.150101352936,0.155962819326,0.16169790603,0.167321525098,
    0.172846414439,0.178283551377,0.18364246875,0.188931500289,
    0.194157973749,0.199328364902,0.20444842177,0.209523265982,
    0.214557476318,0.219555158251,0.224520002363,0.229455333832,
    0.234364154694,0.239249180184,0.244112870201,0.248957456702,
    0.253784967687,0.258597248282,0.263395979354,0.268182693996,
    0.272958792175,0.27772555377,0.282484150212,0.287235654883,
    0.291981052431,0.296721247119,0.301457070315,0.306189287223,
    0.310919293077,0.315655371856,0.320399980632,0.32515309033,
    0.329914691623,0.33468478033,0.339463354215,0.344250411941,
    0.349045952647,0.353849975744,0.358662480811,0.363483467539,
    0.368312935692,0.373150885086,0.377997315577,0.382852227048,
    0.387715619403,0.392587492562,0.397467846459,0.402356681039,
    0.407253996253,0.41215979206,0.417074068425,0.421996825315,
    0.426928062704,0.431867780568,0.436815978885,0.441772657636,
    0.446737816804,0.451711456374,0.456693576332,0.461684176666,
    0.466683257364,0.471690818415,0.476706859811,0.481731381543,
    0.486764383603,0.491805865984,0.496855828678,0.50191427168,
    0.506981194984,0.512056598584,0.517140482477,0.522232846656,
    0.527333691118,0.532443015859,0.537560820874,0.542687106161,
    0.547821871717,0.552965117537,0.55811684362,0.563277049962,
    0.56844573656,0.573622903413,0.578808550518,0.584002677873,
    0.589205285476,0.594416373325,0.599635941417,0.604863989752,
    0.610100518327,0.615345527141,0.620599016193,0.62586098548,
    0.631131435002,0.636410364758,0.641697774745,0.646993664963,
    0.652298035411,0.657610886087,0.66293221699,0.668262028121,
    0.673600319476,0.678947091057,0.684302342861,0.689666074887,
    0.695038287136,0.700418979606,0.700983298365),.UNSPECIFIED.);
#5231 = CARTESIAN_POINT('',(-1.683716672586,-1.736156794893));
#5232 = CARTESIAN_POINT('',(-1.692905069269,-1.727224556055));
#5233 = CARTESIAN_POINT('',(-1.707406492569,-1.716148159222));
#5234 = CARTESIAN_POINT('',(-1.727065800237,-1.705656120181));
#5235 = CARTESIAN_POINT('',(-1.739057081329,-1.700514379176));
#5236 = CARTESIAN_POINT('',(-1.749284427453,-1.696931956106));
#5237 = CARTESIAN_POINT('',(-1.758476653607,-1.694306864579));
#5238 = CARTESIAN_POINT('',(-1.766951761749,-1.692360469909));
#5239 = CARTESIAN_POINT('',(-1.77488655861,-1.690933379995));
#5240 = CARTESIAN_POINT('',(-1.782392406989,-1.689923376636));
#5241 = CARTESIAN_POINT('',(-1.789545251125,-1.689259923693));
#5242 = CARTESIAN_POINT('',(-1.796399820709,-1.688891745181));
#5243 = CARTESIAN_POINT('',(-1.802997213773,-1.688780078569));
#5244 = CARTESIAN_POINT('',(-1.809369293328,-1.688894706676));
#5245 = CARTESIAN_POINT('',(-1.815541404265,-1.689211480718));
#5246 = CARTESIAN_POINT('',(-1.821534136855,-1.689710699339));
#5247 = CARTESIAN_POINT('',(-1.827364517998,-1.690376006665));
#5248 = CARTESIAN_POINT('',(-1.83304684268,-1.691193619229));
#5249 = CARTESIAN_POINT('',(-1.838593270447,-1.692151769056));
#5250 = CARTESIAN_POINT('',(-1.844014263379,-1.693240293404));
#5251 = CARTESIAN_POINT('',(-1.849318914158,-1.694450326616));
#5252 = CARTESIAN_POINT('',(-1.854515196093,-1.695774064829));
#5253 = CARTESIAN_POINT('',(-1.859610156565,-1.697204583618));
#5254 = CARTESIAN_POINT('',(-1.864610068715,-1.69873569488));
#5255 = CARTESIAN_POINT('',(-1.869520551788,-1.700361833201));
#5256 = CARTESIAN_POINT('',(-1.874346667662,-1.702077964688));
#5257 = CARTESIAN_POINT('',(-1.879092999029,-1.703879513134));
#5258 = CARTESIAN_POINT('',(-1.883763713289,-1.705762299674));
#5259 = CARTESIAN_POINT('',(-1.888362615245,-1.707722493052));
#5260 = CARTESIAN_POINT('',(-1.892893190895,-1.709756568291));
#5261 = CARTESIAN_POINT('',(-1.89735864414,-1.711861272071));
#5262 = CARTESIAN_POINT('',(-1.901761927783,-1.71403359349));
#5263 = CARTESIAN_POINT('',(-1.906105769915,-1.716270739181));
#5264 = CARTESIAN_POINT('',(-1.910392696541,-1.718570111967));
#5265 = CARTESIAN_POINT('',(-1.914625051128,-1.720929292412));
#5266 = CARTESIAN_POINT('',(-1.918805011601,-1.72334602276));
#5267 = CARTESIAN_POINT('',(-1.922934605251,-1.725818192823));
#5268 = CARTESIAN_POINT('',(-1.927015721791,-1.728343827633));
#5269 = CARTESIAN_POINT('',(-1.93105012526,-1.730921076051));
#5270 = CARTESIAN_POINT('',(-1.935039463367,-1.733548202177));
#5271 = CARTESIAN_POINT('',(-1.938985280622,-1.736223571675));
#5272 = CARTESIAN_POINT('',(-1.94288901238,-1.738945661688));
#5273 = CARTESIAN_POINT('',(-1.946752045687,-1.741712986874));
#5274 = CARTESIAN_POINT('',(-1.950575527635,-1.744524341246));
#5275 = CARTESIAN_POINT('',(-1.95436111097,-1.747377866733));
#5276 = CARTESIAN_POINT('',(-1.958108204698,-1.750274495931));
#5277 = CARTESIAN_POINT('',(-1.961824428255,-1.753205237599));
#5278 = CARTESIAN_POINT('',(-1.965489114503,-1.756200565651));
#5279 = CARTESIAN_POINT('',(-1.969246269832,-1.759086429502));
#5280 = CARTESIAN_POINT('',(-1.973067996167,-1.761898480325));
#5281 = CARTESIAN_POINT('',(-1.976945017796,-1.76464854143));
#5282 = CARTESIAN_POINT('',(-1.980869809221,-1.767344891842));
#5283 = CARTESIAN_POINT('',(-1.98483764346,-1.769992777163));
#5284 = CARTESIAN_POINT('',(-1.988844902511,-1.772596178979));
#5285 = CARTESIAN_POINT('',(-1.992888809336,-1.775158144768));
#5286 = CARTESIAN_POINT('',(-1.99696711776,-1.777681126314));
#5287 = CARTESIAN_POINT('',(-2.001077971898,-1.78016713915));
#5288 = CARTESIAN_POINT('',(-2.005219802879,-1.7826178775));
#5289 = CARTESIAN_POINT('',(-2.009391262723,-1.785034788408));
#5290 = CARTESIAN_POINT('',(-2.013591176908,-1.787419124782));
#5291 = CARTESIAN_POINT('',(-2.017818510215,-1.789771983604));
#5292 = CARTESIAN_POINT('',(-2.022072341213,-1.792094334493));
#5293 = CARTESIAN_POINT('',(-2.026351842818,-1.794387041453));
#5294 = CARTESIAN_POINT('',(-2.030656267177,-1.796650879784));
#5295 = CARTESIAN_POINT('',(-2.034984933726,-1.798886549455));
#5296 = CARTESIAN_POINT('',(-2.039337219601,-1.801094685827));
#5297 = CARTESIAN_POINT('',(-2.043712551852,-1.803275868367));
#5298 = CARTESIAN_POINT('',(-2.048110401038,-1.805430627816));
#5299 = CARTESIAN_POINT('',(-2.052530275913,-1.807559452142));
#5300 = CARTESIAN_POINT('',(-2.056971718962,-1.809662791522));
#5301 = CARTESIAN_POINT('',(-2.061434302638,-1.811741062567));
#5302 = CARTESIAN_POINT('',(-2.06591762615,-1.813794651909));
#5303 = CARTESIAN_POINT('',(-2.070421312707,-1.815823919288));
#5304 = CARTESIAN_POINT('',(-2.074945007146,-1.817829200205));
#5305 = CARTESIAN_POINT('',(-2.079488373864,-1.819810808239));
#5306 = CARTESIAN_POINT('',(-2.084051095019,-1.821769037056));
#5307 = CARTESIAN_POINT('',(-2.088632868948,-1.823704162185));
#5308 = CARTESIAN_POINT('',(-2.093233408776,-1.825616442572));
#5309 = CARTESIAN_POINT('',(-2.09785244118,-1.827506121962));
#5310 = CARTESIAN_POINT('',(-2.102489705295,-1.829373430128));
#5311 = CARTESIAN_POINT('',(-2.107144951734,-1.831218583964));
#5312 = CARTESIAN_POINT('',(-2.111817941715,-1.833041788463));
#5313 = CARTESIAN_POINT('',(-2.116508446272,-1.834843237602));
#5314 = CARTESIAN_POINT('',(-2.121216245548,-1.836623115131));
#5315 = CARTESIAN_POINT('',(-2.125941128153,-1.838381595296));
#5316 = CARTESIAN_POINT('',(-2.130682890585,-1.84011884348));
#5317 = CARTESIAN_POINT('',(-2.135441336701,-1.841835016804));
#5318 = CARTESIAN_POINT('',(-2.140216277237,-1.843530264657));
#5319 = CARTESIAN_POINT('',(-2.145007529369,-1.845204729192));
#5320 = CARTESIAN_POINT('',(-2.149814916312,-1.846858545772));
#5321 = CARTESIAN_POINT('',(-2.154638266951,-1.848491843388));
#5322 = CARTESIAN_POINT('',(-2.159477415505,-1.85010474503));
#5323 = CARTESIAN_POINT('',(-2.164332201211,-1.851697368044));
#5324 = CARTESIAN_POINT('',(-2.169202468039,-1.853269824451));
#5325 = CARTESIAN_POINT('',(-2.174088064429,-1.85482222124));
#5326 = CARTESIAN_POINT('',(-2.178988843038,-1.856354660652));
#5327 = CARTESIAN_POINT('',(-2.183904660522,-1.85786724043));
#5328 = CARTESIAN_POINT('',(-2.188835377314,-1.859360054054));
#5329 = CARTESIAN_POINT('',(-2.193780857434,-1.86083319097));
#5330 = CARTESIAN_POINT('',(-2.198740968304,-1.862286736786));
#5331 = CARTESIAN_POINT('',(-2.203715580577,-1.86372077347));
#5332 = CARTESIAN_POINT('',(-2.208704567976,-1.865135379527));
#5333 = CARTESIAN_POINT('',(-2.213707807146,-1.866530630166));
#5334 = CARTESIAN_POINT('',(-2.218725177514,-1.867906597456));
#5335 = CARTESIAN_POINT('',(-2.223756561159,-1.869263350475));
#5336 = CARTESIAN_POINT('',(-2.228801842687,-1.870600955446));
#5337 = CARTESIAN_POINT('',(-2.233860909118,-1.871919475868));
#5338 = CARTESIAN_POINT('',(-2.238933649776,-1.873218972636));
#5339 = CARTESIAN_POINT('',(-2.244019956186,-1.874499504158));
#5340 = CARTESIAN_POINT('',(-2.249119721981,-1.875761126459));
#5341 = CARTESIAN_POINT('',(-2.254232842808,-1.877003893288));
#5342 = CARTESIAN_POINT('',(-2.259359216243,-1.878227856212));
#5343 = CARTESIAN_POINT('',(-2.264498741712,-1.879433064703));
#5344 = CARTESIAN_POINT('',(-2.269651320411,-1.880619566233));
#5345 = CARTESIAN_POINT('',(-2.274816855238,-1.881787406344));
#5346 = CARTESIAN_POINT('',(-2.279995250719,-1.882936628737));
#5347 = CARTESIAN_POINT('',(-2.28518641295,-1.884067275334));
#5348 = CARTESIAN_POINT('',(-2.290390249527,-1.88517938636));
#5349 = CARTESIAN_POINT('',(-2.295606669495,-1.886273000388));
#5350 = CARTESIAN_POINT('',(-2.300835583287,-1.887348154431));
#5351 = CARTESIAN_POINT('',(-2.306076902673,-1.888404883976));
#5352 = CARTESIAN_POINT('',(-2.311330540711,-1.889443223053));
#5353 = CARTESIAN_POINT('',(-2.316596411697,-1.890463204285));
#5354 = CARTESIAN_POINT('',(-2.321874431122,-1.891464858941));
#5355 = CARTESIAN_POINT('',(-2.325583313629,-1.892154292059));
#5356 = CARTESIAN_POINT('',(-2.327532353717,-1.89251243318));
#5357 = CARTESIAN_POINT('',(-2.327717369239,-1.892546392811));
#5358 = ( GEOMETRIC_REPRESENTATION_CONTEXT(2) 
PARAMETRIC_REPRESENTATION_CONTEXT() REPRESENTATION_CONTEXT('2D SPACE',''
  ) );
#5359 = PCURVE('',#4932,#5360);
#5360 = DEFINITIONAL_REPRESENTATION('',(#5361),#5489);
#5361 = B_SPLINE_CURVE_WITH_KNOTS('',3,(#5362,#5363,#5364,#5365,#5366,
    #5367,#5368,#5369,#5370,#5371,#5372,#5373,#5374,#5375,#5376,#5377,
    #5378,#5379,#5380,#5381,#5382,#5383,#5384,#5385,#5386,#5387,#5388,
    #5389,#5390,#5391,#5392,#5393,#5394,#5395,#5396,#5397,#5398,#5399,
    #5400,#5401,#5402,#5403,#5404,#5405,#5406,#5407,#5408,#5409,#5410,
    #5411,#5412,#5413,#5414,#5415,#5416,#5417,#5418,#5419,#5420,#5421,
    #5422,#5423,#5424,#5425,#5426,#5427,#5428,#5429,#5430,#5431,#5432,
    #5433,#5434,#5435,#5436,#5437,#5438,#5439,#5440,#5441,#5442,#5443,
    #5444,#5445,#5446,#5447,#5448,#5449,#5450,#5451,#5452,#5453,#5454,
    #5455,#5456,#5457,#5458,#5459,#5460,#5461,#5462,#5463,#5464,#5465,
    #5466,#5467,#5468,#5469,#5470,#5471,#5472,#5473,#5474,#5475,#5476,
    #5477,#5478,#5479,#5480,#5481,#5482,#5483,#5484,#5485,#5486,#5487,
    #5488),.UNSPECIFIED.,.F.,.F.,(4,1,1,1,1,1,1,1,1,1,1,1,1,1,1,1,1,1,1,
    1,1,1,1,1,1,1,1,1,1,1,1,1,1,1,1,1,1,1,1,1,1,1,1,1,1,1,1,1,1,1,1,1,1,
    1,1,1,1,1,1,1,1,1,1,1,1,1,1,1,1,1,1,1,1,1,1,1,1,1,1,1,1,1,1,1,1,1,1,
    1,1,1,1,1,1,1,1,1,1,1,1,1,1,1,1,1,1,1,1,1,1,1,1,1,1,1,1,1,1,1,1,1,1,
    1,1,1,4),(0.,3.825348486101E-02,5.430853348674E-02,
    6.675617629157E-02,7.735884378815E-02,8.679755798888E-02,
    9.542083346997E-02,0.103435317105,0.110975441185,0.118134466631,
    0.124980232214,0.131563916605,0.137925263337,0.144095870271,
    0.150101352936,0.155962819326,0.16169790603,0.167321525098,
    0.172846414439,0.178283551377,0.18364246875,0.188931500289,
    0.194157973749,0.199328364902,0.20444842177,0.209523265982,
    0.214557476318,0.219555158251,0.224520002363,0.229455333832,
    0.234364154694,0.239249180184,0.244112870201,0.248957456702,
    0.253784967687,0.258597248282,0.263395979354,0.268182693996,
    0.272958792175,0.27772555377,0.282484150212,0.287235654883,
    0.291981052431,0.296721247119,0.301457070315,0.306189287223,
    0.310919293077,0.315655371856,0.320399980632,0.32515309033,
    0.329914691623,0.33468478033,0.339463354215,0.344250411941,
    0.349045952647,0.353849975744,0.358662480811,0.363483467539,
    0.368312935692,0.373150885086,0.377997315577,0.382852227048,
    0.387715619403,0.392587492562,0.397467846459,0.402356681039,
    0.407253996253,0.41215979206,0.417074068425,0.421996825315,
    0.426928062704,0.431867780568,0.436815978885,0.441772657636,
    0.446737816804,0.451711456374,0.456693576332,0.461684176666,
    0.466683257364,0.471690818415,0.476706859811,0.481731381543,
    0.486764383603,0.491805865984,0.496855828678,0.50191427168,
    0.506981194984,0.512056598584,0.517140482477,0.522232846656,
    0.527333691118,0.532443015859,0.537560820874,0.542687106161,
    0.547821871717,0.552965117537,0.55811684362,0.563277049962,
    0.56844573656,0.573622903413,0.578808550518,0.584002677873,
    0.589205285476,0.594416373325,0.599635941417,0.604863989752,
    0.610100518327,0.615345527141,0.620599016193,0.62586098548,
    0.631131435002,0.636410364758,0.641697774745,0.646993664963,
    0.652298035411,0.657610886087,0.66293221699,0.668262028121,
    0.673600319476,0.678947091057,0.684302342861,0.689666074887,
    0.695038287136,0.700418979606,0.700983298365),.UNSPECIFIED.);
#5362 = CARTESIAN_POINT('',(11.736156794893,11.683716722586));
#5363 = CARTESIAN_POINT('',(11.727224556055,11.692905119269));
#5364 = CARTESIAN_POINT('',(11.716148159222,11.707406542569));
#5365 = CARTESIAN_POINT('',(11.705656120181,11.727065850237));
#5366 = CARTESIAN_POINT('',(11.700514379176,11.739057131329));
#5367 = CARTESIAN_POINT('',(11.696931956106,11.749284477453));
#5368 = CARTESIAN_POINT('',(11.694306864579,11.758476703607));
#5369 = CARTESIAN_POINT('',(11.692360469909,11.766951811749));
#5370 = CARTESIAN_POINT('',(11.690933379995,11.77488660861));
#5371 = CARTESIAN_POINT('',(11.689923376636,11.782392456989));
#5372 = CARTESIAN_POINT('',(11.689259923693,11.789545301125));
#5373 = CARTESIAN_POINT('',(11.688891745181,11.796399870709));
#5374 = CARTESIAN_POINT('',(11.688780078569,11.802997263773));
#5375 = CARTESIAN_POINT('',(11.688894706676,11.809369343328));
#5376 = CARTESIAN_POINT('',(11.689211480718,11.815541454265));
#5377 = CARTESIAN_POINT('',(11.689710699339,11.821534186855));
#5378 = CARTESIAN_POINT('',(11.690376006665,11.827364567998));
#5379 = CARTESIAN_POINT('',(11.691193619229,11.83304689268));
#5380 = CARTESIAN_POINT('',(11.692151769056,11.838593320447));
#5381 = CARTESIAN_POINT('',(11.693240293404,11.844014313379));
#5382 = CARTESIAN_POINT('',(11.694450326616,11.849318964158));
#5383 = CARTESIAN_POINT('',(11.695774064829,11.854515246093));
#5384 = CARTESIAN_POINT('',(11.697204583618,11.859610206565));
#5385 = CARTESIAN_POINT('',(11.69873569488,11.864610118715));
#5386 = CARTESIAN_POINT('',(11.700361833201,11.869520601788));
#5387 = CARTESIAN_POINT('',(11.702077964688,11.874346717662));
#5388 = CARTESIAN_POINT('',(11.703879513134,11.879093049029));
#5389 = CARTESIAN_POINT('',(11.705762299674,11.883763763289));
#5390 = CARTESIAN_POINT('',(11.707722493052,11.888362665245));
#5391 = CARTESIAN_POINT('',(11.709756568291,11.892893240895));
#5392 = CARTESIAN_POINT('',(11.711861272071,11.89735869414));
#5393 = CARTESIAN_POINT('',(11.71403359349,11.901761977783));
#5394 = CARTESIAN_POINT('',(11.716270739181,11.906105819915));
#5395 = CARTESIAN_POINT('',(11.718570111967,11.910392746541));
#5396 = CARTESIAN_POINT('',(11.720929292412,11.914625101128));
#5397 = CARTESIAN_POINT('',(11.72334602276,11.918805061601));
#5398 = CARTESIAN_POINT('',(11.725818192823,11.922934655251));
#5399 = CARTESIAN_POINT('',(11.728343827633,11.927015771791));
#5400 = CARTESIAN_POINT('',(11.730921076051,11.93105017526));
#5401 = CARTESIAN_POINT('',(11.733548202177,11.935039513367));
#5402 = CARTESIAN_POINT('',(11.736223571675,11.938985330622));
#5403 = CARTESIAN_POINT('',(11.738945661688,11.94288906238));
#5404 = CARTESIAN_POINT('',(11.741712986874,11.946752095687));
#5405 = CARTESIAN_POINT('',(11.744524341246,11.950575577635));
#5406 = CARTESIAN_POINT('',(11.747377866733,11.95436116097));
#5407 = CARTESIAN_POINT('',(11.750274495931,11.958108254698));
#5408 = CARTESIAN_POINT('',(11.753205237599,11.961824478255));
#5409 = CARTESIAN_POINT('',(11.756200565651,11.965489164503));
#5410 = CARTESIAN_POINT('',(11.759086429502,11.969246319832));
#5411 = CARTESIAN_POINT('',(11.761898480325,11.973068046167));
#5412 = CARTESIAN_POINT('',(11.76464854143,11.976945067796));
#5413 = CARTESIAN_POINT('',(11.767344891842,11.980869859221));
#5414 = CARTESIAN_POINT('',(11.769992777163,11.98483769346));
#5415 = CARTESIAN_POINT('',(11.772596178979,11.988844952511));
#5416 = CARTESIAN_POINT('',(11.775158144768,11.992888859336));
#5417 = CARTESIAN_POINT('',(11.777681126314,11.99696716776));
#5418 = CARTESIAN_POINT('',(11.78016713915,12.001078021898));
#5419 = CARTESIAN_POINT('',(11.7826178775,12.005219852879));
#5420 = CARTESIAN_POINT('',(11.785034788408,12.009391312723));
#5421 = CARTESIAN_POINT('',(11.787419124782,12.013591226908));
#5422 = CARTESIAN_POINT('',(11.789771983604,12.017818560215));
#5423 = CARTESIAN_POINT('',(11.792094334493,12.022072391213));
#5424 = CARTESIAN_POINT('',(11.794387041453,12.026351892818));
#5425 = CARTESIAN_POINT('',(11.796650879784,12.030656317177));
#5426 = CARTESIAN_POINT('',(11.798886549455,12.034984983726));
#5427 = CARTESIAN_POINT('',(11.801094685827,12.039337269601));
#5428 = CARTESIAN_POINT('',(11.803275868367,12.043712601852));
#5429 = CARTESIAN_POINT('',(11.805430627816,12.048110451038));
#5430 = CARTESIAN_POINT('',(11.807559452142,12.052530325913));
#5431 = CARTESIAN_POINT('',(11.809662791522,12.056971768962));
#5432 = CARTESIAN_POINT('',(11.811741062567,12.061434352638));
#5433 = CARTESIAN_POINT('',(11.813794651909,12.06591767615));
#5434 = CARTESIAN_POINT('',(11.815823919288,12.070421362707));
#5435 = CARTESIAN_POINT('',(11.817829200205,12.074945057146));
#5436 = CARTESIAN_POINT('',(11.819810808239,12.079488423864));
#5437 = CARTESIAN_POINT('',(11.821769037056,12.084051145019));
#5438 = CARTESIAN_POINT('',(11.823704162185,12.088632918948));
#5439 = CARTESIAN_POINT('',(11.825616442572,12.093233458776));
#5440 = CARTESIAN_POINT('',(11.827506121962,12.09785249118));
#5441 = CARTESIAN_POINT('',(11.829373430128,12.102489755295));
#5442 = CARTESIAN_POINT('',(11.831218583964,12.107145001734));
#5443 = CARTESIAN_POINT('',(11.833041788463,12.111817991715));
#5444 = CARTESIAN_POINT('',(11.834843237602,12.116508496272));
#5445 = CARTESIAN_POINT('',(11.836623115131,12.121216295548));
#5446 = CARTESIAN_POINT('',(11.838381595296,12.125941178153));
#5447 = CARTESIAN_POINT('',(11.84011884348,12.130682940585));
#5448 = CARTESIAN_POINT('',(11.841835016804,12.135441386701));
#5449 = CARTESIAN_POINT('',(11.843530264657,12.140216327237));
#5450 = CARTESIAN_POINT('',(11.845204729192,12.145007579369));
#5451 = CARTESIAN_POINT('',(11.846858545772,12.149814966312));
#5452 = CARTESIAN_POINT('',(11.848491843388,12.154638316951));
#5453 = CARTESIAN_POINT('',(11.85010474503,12.159477465505));
#5454 = CARTESIAN_POINT('',(11.851697368044,12.164332251211));
#5455 = CARTESIAN_POINT('',(11.853269824451,12.169202518039));
#5456 = CARTESIAN_POINT('',(11.85482222124,12.174088114429));
#5457 = CARTESIAN_POINT('',(11.856354660652,12.178988893038));
#5458 = CARTESIAN_POINT('',(11.85786724043,12.183904710522));
#5459 = CARTESIAN_POINT('',(11.859360054054,12.188835427314));
#5460 = CARTESIAN_POINT('',(11.86083319097,12.193780907434));
#5461 = CARTESIAN_POINT('',(11.862286736786,12.198741018304));
#5462 = CARTESIAN_POINT('',(11.86372077347,12.203715630577));
#5463 = CARTESIAN_POINT('',(11.865135379527,12.208704617976));
#5464 = CARTESIAN_POINT('',(11.866530630166,12.213707857146));
#5465 = CARTESIAN_POINT('',(11.867906597456,12.218725227514));
#5466 = CARTESIAN_POINT('',(11.869263350475,12.223756611159));
#5467 = CARTESIAN_POINT('',(11.870600955446,12.228801892687));
#5468 = CARTESIAN_POINT('',(11.871919475868,12.233860959118));
#5469 = CARTESIAN_POINT('',(11.873218972636,12.238933699776));
#5470 = CARTESIAN_POINT('',(11.874499504158,12.244020006186));
#5471 = CARTESIAN_POINT('',(11.875761126459,12.249119771981));
#5472 = CARTESIAN_POINT('',(11.877003893288,12.254232892808));
#5473 = CARTESIAN_POINT('',(11.878227856212,12.259359266243));
#5474 = CARTESIAN_POINT('',(11.879433064703,12.264498791712));
#5475 = CARTESIAN_POINT('',(11.880619566233,12.269651370411));
#5476 = CARTESIAN_POINT('',(11.881787406344,12.274816905238));
#5477 = CARTESIAN_POINT('',(11.882936628737,12.279995300719));
#5478 = CARTESIAN_POINT('',(11.884067275334,12.28518646295));
#5479 = CARTESIAN_POINT('',(11.88517938636,12.290390299527));
#5480 = CARTESIAN_POINT('',(11.886273000388,12.295606719495));
#5481 = CARTESIAN_POINT('',(11.887348154431,12.300835633287));
#5482 = CARTESIAN_POINT('',(11.888404883976,12.306076952673));
#5483 = CARTESIAN_POINT('',(11.889443223053,12.311330590711));
#5484 = CARTESIAN_POINT('',(11.890463204285,12.316596461697));
#5485 = CARTESIAN_POINT('',(11.891464858941,12.321874481122));
#5486 = CARTESIAN_POINT('',(11.892154292059,12.325583363629));
#5487 = CARTESIAN_POINT('',(11.89251243318,12.327532403717));
#5488 = CARTESIAN_POINT('',(11.892546392811,12.327717419239));
#5489 = ( GEOMETRIC_REPRESENTATION_CONTEXT(2) 
PARAMETRIC_REPRESENTATION_CONTEXT() REPRESENTATION_CONTEXT('2D SPACE',''
  ) );
#5490 = ORIENTED_EDGE('',*,*,#5491,.F.);
#5491 = EDGE_CURVE('',#5492,#5097,#5494,.T.);
#5492 = VERTEX_POINT('',#5493);
#5493 = CARTESIAN_POINT('',(2.474873734153,2.474873734153,-4.5));
#5494 = SURFACE_CURVE('',#5495,(#5499,#5506),.PCURVE_S1.);
#5495 = LINE('',#5496,#5497);
#5496 = CARTESIAN_POINT('',(2.474873734153,2.474873734153,-4.5));
#5497 = VECTOR('',#5498,1.);
#5498 = DIRECTION('',(-0.875568369991,-0.483094224216,0.));
#5499 = PCURVE('',#156,#5500);
#5500 = DEFINITIONAL_REPRESENTATION('',(#5501),#5505);
#5501 = LINE('',#5502,#5503);
#5502 = CARTESIAN_POINT('',(-2.474873684153,-2.474873734153));
#5503 = VECTOR('',#5504,1.);
#5504 = DIRECTION('',(0.483094224216,0.875568369991));
#5505 = ( GEOMETRIC_REPRESENTATION_CONTEXT(2) 
PARAMETRIC_REPRESENTATION_CONTEXT() REPRESENTATION_CONTEXT('2D SPACE',''
  ) );
#5506 = PCURVE('',#5507,#5512);
#5507 = PLANE('',#5508);
#5508 = AXIS2_PLACEMENT_3D('',#5509,#5510,#5511);
#5509 = CARTESIAN_POINT('',(2.474873734153,2.474873734153,-4.5));
#5510 = DIRECTION('',(0.483094224216,-0.875568369991,0.));
#5511 = DIRECTION('',(-0.875568369991,-0.483094224216,0.));
#5512 = DEFINITIONAL_REPRESENTATION('',(#5513),#5517);
#5513 = LINE('',#5514,#5515);
#5514 = CARTESIAN_POINT('',(0.,0.));
#5515 = VECTOR('',#5516,1.);
#5516 = DIRECTION('',(1.,0.));
#5517 = ( GEOMETRIC_REPRESENTATION_CONTEXT(2) 
PARAMETRIC_REPRESENTATION_CONTEXT() REPRESENTATION_CONTEXT('2D SPACE',''
  ) );
#5518 = ORIENTED_EDGE('',*,*,#5519,.F.);
#5519 = EDGE_CURVE('',#5520,#5492,#5522,.T.);
#5520 = VERTEX_POINT('',#5521);
#5521 = CARTESIAN_POINT('',(2.776736691019,2.130665001531,-4.5));
#5522 = SURFACE_CURVE('',#5523,(#5527,#5534),.PCURVE_S1.);
#5523 = LINE('',#5524,#5525);
#5524 = CARTESIAN_POINT('',(2.776736691019,2.130665001531,-4.5));
#5525 = VECTOR('',#5526,1.);
#5526 = DIRECTION('',(-0.6593458151,0.751839807479,0.));
#5527 = PCURVE('',#156,#5528);
#5528 = DEFINITIONAL_REPRESENTATION('',(#5529),#5533);
#5529 = LINE('',#5530,#5531);
#5530 = CARTESIAN_POINT('',(-2.130664951531,-2.776736691019));
#5531 = VECTOR('',#5532,1.);
#5532 = DIRECTION('',(-0.751839807479,0.6593458151));
#5533 = ( GEOMETRIC_REPRESENTATION_CONTEXT(2) 
PARAMETRIC_REPRESENTATION_CONTEXT() REPRESENTATION_CONTEXT('2D SPACE',''
  ) );
#5534 = PCURVE('',#5535,#5540);
#5535 = PLANE('',#5536);
#5536 = AXIS2_PLACEMENT_3D('',#5537,#5538,#5539);
#5537 = CARTESIAN_POINT('',(2.776736691019,2.130665001531,-4.5));
#5538 = DIRECTION('',(-0.751839807479,-0.6593458151,0.));
#5539 = DIRECTION('',(-0.6593458151,0.751839807479,0.));
#5540 = DEFINITIONAL_REPRESENTATION('',(#5541),#5545);
#5541 = LINE('',#5542,#5543);
#5542 = CARTESIAN_POINT('',(0.,0.));
#5543 = VECTOR('',#5544,1.);
#5544 = DIRECTION('',(1.,0.));
#5545 = ( GEOMETRIC_REPRESENTATION_CONTEXT(2) 
PARAMETRIC_REPRESENTATION_CONTEXT() REPRESENTATION_CONTEXT('2D SPACE',''
  ) );
#5546 = ORIENTED_EDGE('',*,*,#5547,.F.);
#5547 = EDGE_CURVE('',#5548,#5520,#5550,.T.);
#5548 = VERTEX_POINT('',#5549);
#5549 = CARTESIAN_POINT('',(2.465807230422,1.70874072734,-4.5000001757)
  );
#5550 = SURFACE_CURVE('',#5551,(#5555,#5562),.PCURVE_S1.);
#5551 = LINE('',#5552,#5553);
#5552 = CARTESIAN_POINT('',(2.100111604177,1.2125,-4.5));
#5553 = VECTOR('',#5554,1.);
#5554 = DIRECTION('',(0.593245891522,0.805021311639,0.));
#5555 = PCURVE('',#156,#5556);
#5556 = DEFINITIONAL_REPRESENTATION('',(#5557),#5561);
#5557 = LINE('',#5558,#5559);
#5558 = CARTESIAN_POINT('',(-1.21249995,-2.100111604177));
#5559 = VECTOR('',#5560,1.);
#5560 = DIRECTION('',(-0.805021311639,-0.593245891522));
#5561 = ( GEOMETRIC_REPRESENTATION_CONTEXT(2) 
PARAMETRIC_REPRESENTATION_CONTEXT() REPRESENTATION_CONTEXT('2D SPACE',''
  ) );
#5562 = PCURVE('',#5563,#5568);
#5563 = PLANE('',#5564);
#5564 = AXIS2_PLACEMENT_3D('',#5565,#5566,#5567);
#5565 = CARTESIAN_POINT('',(2.100111604177,1.2125,-4.5));
#5566 = DIRECTION('',(-0.805021311639,0.593245891522,0.));
#5567 = DIRECTION('',(0.593245891522,0.805021311639,0.));
#5568 = DEFINITIONAL_REPRESENTATION('',(#5569),#5573);
#5569 = LINE('',#5570,#5571);
#5570 = CARTESIAN_POINT('',(0.,0.));
#5571 = VECTOR('',#5572,1.);
#5572 = DIRECTION('',(1.,0.));
#5573 = ( GEOMETRIC_REPRESENTATION_CONTEXT(2) 
PARAMETRIC_REPRESENTATION_CONTEXT() REPRESENTATION_CONTEXT('2D SPACE',''
  ) );
#5574 = ORIENTED_EDGE('',*,*,#5575,.T.);
#5575 = EDGE_CURVE('',#5548,#5576,#5578,.T.);
#5576 = VERTEX_POINT('',#5577);
#5577 = CARTESIAN_POINT('',(2.71508409676,1.276055827591,-4.5000003514)
  );
#5578 = SURFACE_CURVE('',#5579,(#5584,#5591),.PCURVE_S1.);
#5579 = CIRCLE('',#5580,3.);
#5580 = AXIS2_PLACEMENT_3D('',#5581,#5582,#5583);
#5581 = CARTESIAN_POINT('',(9.037215420449E-14,4.99999084913E-08,
    -4.5000003514));
#5582 = DIRECTION('',(3.431321225571E-15,-9.104279154523E-17,-1.));
#5583 = DIRECTION('',(4.996003610813E-16,-1.,9.104279154523E-17));
#5584 = PCURVE('',#156,#5585);
#5585 = DEFINITIONAL_REPRESENTATION('',(#5586),#5590);
#5586 = CIRCLE('',#5587,3.);
#5587 = AXIS2_PLACEMENT_2D('',#5588,#5589);
#5588 = CARTESIAN_POINT('',(1.110223024625E-15,7.216449660064E-16));
#5589 = DIRECTION('',(1.,-1.657422360651E-32));
#5590 = ( GEOMETRIC_REPRESENTATION_CONTEXT(2) 
PARAMETRIC_REPRESENTATION_CONTEXT() REPRESENTATION_CONTEXT('2D SPACE',''
  ) );
#5591 = PCURVE('',#5592,#5597);
#5592 = PLANE('',#5593);
#5593 = AXIS2_PLACEMENT_3D('',#5594,#5595,#5596);
#5594 = CARTESIAN_POINT('',(-10.,-10.,-4.5));
#5595 = DIRECTION('',(0.,0.,1.));
#5596 = DIRECTION('',(1.,0.,-0.));
#5597 = DEFINITIONAL_REPRESENTATION('',(#5598),#5606);
#5598 = ( BOUNDED_CURVE() B_SPLINE_CURVE(2,(#5599,#5600,#5601,#5602,
#5603,#5604,#5605),.UNSPECIFIED.,.T.,.F.) B_SPLINE_CURVE_WITH_KNOTS((1,2
    ,2,2,2,1),(-2.094395102393,0.,2.094395102393,4.188790204786,
6.28318530718,8.377580409573),.UNSPECIFIED.) CURVE() 
GEOMETRIC_REPRESENTATION_ITEM() RATIONAL_B_SPLINE_CURVE((1.,0.5,1.,0.5,
1.,0.5,1.)) REPRESENTATION_ITEM('') );
#5599 = CARTESIAN_POINT('',(10.,7.00000005));
#5600 = CARTESIAN_POINT('',(4.803847577293,7.00000005));
#5601 = CARTESIAN_POINT('',(7.401923788647,11.50000005));
#5602 = CARTESIAN_POINT('',(10.,16.00000005));
#5603 = CARTESIAN_POINT('',(12.598076211353,11.50000005));
#5604 = CARTESIAN_POINT('',(15.196152422707,7.00000005));
#5605 = CARTESIAN_POINT('',(10.,7.00000005));
#5606 = ( GEOMETRIC_REPRESENTATION_CONTEXT(2) 
PARAMETRIC_REPRESENTATION_CONTEXT() REPRESENTATION_CONTEXT('2D SPACE',''
  ) );
#5607 = ORIENTED_EDGE('',*,*,#5608,.F.);
#5608 = EDGE_CURVE('',#5609,#5576,#5611,.T.);
#5609 = VERTEX_POINT('',#5610);
#5610 = CARTESIAN_POINT('',(2.325386180275,0.926357386828,-4.5000001757)
  );
#5611 = SURFACE_CURVE('',#5612,(#5740,#5871),.PCURVE_S1.);
#5612 = B_SPLINE_CURVE_WITH_KNOTS('',3,(#5613,#5614,#5615,#5616,#5617,
    #5618,#5619,#5620,#5621,#5622,#5623,#5624,#5625,#5626,#5627,#5628,
    #5629,#5630,#5631,#5632,#5633,#5634,#5635,#5636,#5637,#5638,#5639,
    #5640,#5641,#5642,#5643,#5644,#5645,#5646,#5647,#5648,#5649,#5650,
    #5651,#5652,#5653,#5654,#5655,#5656,#5657,#5658,#5659,#5660,#5661,
    #5662,#5663,#5664,#5665,#5666,#5667,#5668,#5669,#5670,#5671,#5672,
    #5673,#5674,#5675,#5676,#5677,#5678,#5679,#5680,#5681,#5682,#5683,
    #5684,#5685,#5686,#5687,#5688,#5689,#5690,#5691,#5692,#5693,#5694,
    #5695,#5696,#5697,#5698,#5699,#5700,#5701,#5702,#5703,#5704,#5705,
    #5706,#5707,#5708,#5709,#5710,#5711,#5712,#5713,#5714,#5715,#5716,
    #5717,#5718,#5719,#5720,#5721,#5722,#5723,#5724,#5725,#5726,#5727,
    #5728,#5729,#5730,#5731,#5732,#5733,#5734,#5735,#5736,#5737,#5738,
    #5739),.UNSPECIFIED.,.F.,.F.,(4,1,1,1,1,1,1,1,1,1,1,1,1,1,1,1,1,1,1,
    1,1,1,1,1,1,1,1,1,1,1,1,1,1,1,1,1,1,1,1,1,1,1,1,1,1,1,1,1,1,1,1,1,1,
    1,1,1,1,1,1,1,1,1,1,1,1,1,1,1,1,1,1,1,1,1,1,1,1,1,1,1,1,1,1,1,1,1,1,
    1,1,1,1,1,1,1,1,1,1,1,1,1,1,1,1,1,1,1,1,1,1,1,1,1,1,1,1,1,1,1,1,1,1,
    1,1,1,4),(0.,3.825348486101E-02,5.430853348674E-02,
    6.675617629157E-02,7.735884378815E-02,8.679755798888E-02,
    9.542083346997E-02,0.103435317105,0.110975441185,0.118134466631,
    0.124980232214,0.131563916605,0.137925263337,0.144095870271,
    0.150101352936,0.155962819326,0.16169790603,0.167321525098,
    0.172846414439,0.178283551377,0.18364246875,0.188931500289,
    0.194157973749,0.199328364902,0.20444842177,0.209523265982,
    0.214557476318,0.219555158251,0.224520002363,0.229455333831,
    0.234364154694,0.239249180184,0.244112870201,0.248957456702,
    0.253784967687,0.258597248282,0.263395979354,0.268182693996,
    0.272958792175,0.27772555377,0.282484150212,0.287235654883,
    0.291981052431,0.296721247119,0.301457070315,0.306189287223,
    0.310919293077,0.315655371856,0.320399980632,0.32515309033,
    0.329914691623,0.33468478033,0.339463354215,0.344250411941,
    0.349045952647,0.353849975744,0.358662480811,0.363483467539,
    0.368312935692,0.373150885086,0.377997315577,0.382852227048,
    0.387715619403,0.392587492562,0.397467846459,0.402356681039,
    0.407253996253,0.41215979206,0.417074068425,0.421996825315,
    0.426928062704,0.431867780568,0.436815978885,0.441772657636,
    0.446737816804,0.451711456374,0.456693576332,0.461684176666,
    0.466683257364,0.471690818415,0.476706859811,0.481731381543,
    0.486764383603,0.491805865984,0.496855828678,0.50191427168,
    0.506981194984,0.512056598584,0.517140482477,0.522232846656,
    0.527333691118,0.532443015859,0.537560820874,0.542687106161,
    0.547821871717,0.552965117537,0.55811684362,0.563277049962,
    0.56844573656,0.573622903413,0.578808550518,0.584002677873,
    0.589205285476,0.594416373325,0.599635941417,0.604863989752,
    0.610100518327,0.615345527141,0.620599016193,0.62586098548,
    0.631131435002,0.636410364758,0.641697774745,0.646993664963,
    0.652298035411,0.657610886087,0.66293221699,0.668262028121,
    0.673600319476,0.678947091057,0.684302342861,0.689666074887,
    0.695038287136,0.700418979606,0.700983298363),.UNSPECIFIED.);
#5613 = CARTESIAN_POINT('',(2.294760507513,0.763686152506,-4.5000003514)
  );
#5614 = CARTESIAN_POINT('',(2.290699534307,0.775840165049,-4.5000003514)
  );
#5615 = CARTESIAN_POINT('',(2.287011977356,0.793711364456,-4.5000003514)
  );
#5616 = CARTESIAN_POINT('',(2.286088830739,0.815976113759,-4.5000003514)
  );
#5617 = CARTESIAN_POINT('',(2.286659104044,0.829010802523,-4.5000003514)
  );
#5618 = CARTESIAN_POINT('',(2.287868931563,0.839779678098,-4.5000003514)
  );
#5619 = CARTESIAN_POINT('',(2.289492163277,0.849200572217,-4.5000003514)
  );
#5620 = CARTESIAN_POINT('',(2.291415733885,0.857680889802,-4.5000003514)
  );
#5621 = CARTESIAN_POINT('',(2.293572749632,0.865449085855,-4.5000003514)
  );
#5622 = CARTESIAN_POINT('',(2.295919433609,0.872649845606,-4.5000003514)
  );
#5623 = CARTESIAN_POINT('',(2.298425185921,0.879382196932,-4.5000003514)
  );
#5624 = CARTESIAN_POINT('',(2.301067554825,0.885717697401,-4.5000003514)
  );
#5625 = CARTESIAN_POINT('',(2.303829448254,0.891710193487,-4.5000003514)
  );
#5626 = CARTESIAN_POINT('',(2.306697466314,0.897401503518,-4.5000003514)
  );
#5627 = CARTESIAN_POINT('',(2.309660848436,0.902824940216,-4.5000003514)
  );
#5628 = CARTESIAN_POINT('',(2.312710778095,0.908007602872,-4.5000003514)
  );
#5629 = CARTESIAN_POINT('',(2.315839906854,0.91297192874,-4.5000003514)
  );
#5630 = CARTESIAN_POINT('',(2.3190420186,0.917736777579,-4.5000003514));
#5631 = CARTESIAN_POINT('',(2.322311786583,0.922318210695,-4.5000003514)
  );
#5632 = CARTESIAN_POINT('',(2.325644593816,0.926730063546,-4.5000003514)
  );
#5633 = CARTESIAN_POINT('',(2.329036397784,0.930984375019,-4.5000003514)
  );
#5634 = CARTESIAN_POINT('',(2.332483626939,0.935091714785,-4.5000003514)
  );
#5635 = CARTESIAN_POINT('',(2.335983100333,0.939061436712,-4.5000003514)
  );
#5636 = CARTESIAN_POINT('',(2.339531964492,0.942901877622,-4.5000003514)
  );
#5637 = CARTESIAN_POINT('',(2.34312764325,0.946620515023,-4.5000003514)
  );
#5638 = CARTESIAN_POINT('',(2.346767797494,0.950224093632,-4.5000003514)
  );
#5639 = CARTESIAN_POINT('',(2.350450292558,0.953718727854,-4.5000003514)
  );
#5640 = CARTESIAN_POINT('',(2.354173171584,0.957109985529,-4.5000003514)
  );
#5641 = CARTESIAN_POINT('',(2.357934633569,0.960402956986,-4.5000003514)
  );
#5642 = CARTESIAN_POINT('',(2.361733015138,0.96360231243,-4.5000003514)
  );
#5643 = CARTESIAN_POINT('',(2.365566775271,0.966712350039,-4.5000003514)
  );
#5644 = CARTESIAN_POINT('',(2.369434482411,0.969737036578,-4.5000003514)
  );
#5645 = CARTESIAN_POINT('',(2.373334803498,0.972680041969,-4.5000003514)
  );
#5646 = CARTESIAN_POINT('',(2.377266494548,0.975544768936,-4.5000003514)
  );
#5647 = CARTESIAN_POINT('',(2.381228392517,0.978334378624,-4.5000003514)
  );
#5648 = CARTESIAN_POINT('',(2.385219408201,0.981051812879,-4.5000003514)
  );
#5649 = CARTESIAN_POINT('',(2.389238519998,0.983699813805,-4.5000003514)
  );
#5650 = CARTESIAN_POINT('',(2.393284768438,0.986280940878,-4.5000003514)
  );
#5651 = CARTESIAN_POINT('',(2.397357251089,0.988797586624,-4.5000003514)
  );
#5652 = CARTESIAN_POINT('',(2.401455118875,0.991251988756,-4.5000003514)
  );
#5653 = CARTESIAN_POINT('',(2.405577569448,0.993646247939,-4.5000003514)
  );
#5654 = CARTESIAN_POINT('',(2.409723853537,0.995982318129,-4.5000003514)
  );
#5655 = CARTESIAN_POINT('',(2.413893234713,0.998262093475,-4.5000003514)
  );
#5656 = CARTESIAN_POINT('',(2.418085124122,1.00048713073,-4.5000003514)
  );
#5657 = CARTESIAN_POINT('',(2.422298564802,1.002659725153,-4.5000003514)
  );
#5658 = CARTESIAN_POINT('',(2.426534140569,1.00477893964,-4.5000003514)
  );
#5659 = CARTESIAN_POINT('',(2.430787056544,1.006855540218,-4.5000003514)
  );
#5660 = CARTESIAN_POINT('',(2.435075801639,1.008857684303,-4.5000003514)
  );
#5661 = CARTESIAN_POINT('',(2.439306043729,1.010990634889,-4.5000003514)
  );
#5662 = CARTESIAN_POINT('',(2.443497798887,1.013213788212,-4.5000003514)
  );
#5663 = CARTESIAN_POINT('',(2.447657694969,1.015513657205,-4.5000003514)
  );
#5664 = CARTESIAN_POINT('',(2.451789925926,1.017879869494,-4.5000003514)
  );
#5665 = CARTESIAN_POINT('',(2.455897166922,1.020305890232,-4.5000003514)
  );
#5666 = CARTESIAN_POINT('',(2.459981435449,1.022786732168,-4.5000003514)
  );
#5667 = CARTESIAN_POINT('',(2.46404427228,1.025318571026,-4.5000003514)
  );
#5668 = CARTESIAN_POINT('',(2.468086911816,1.027898319283,-4.5000003514)
  );
#5669 = CARTESIAN_POINT('',(2.472110364751,1.030523430337,-4.5000003514)
  );
#5670 = CARTESIAN_POINT('',(2.476115476819,1.033191755587,-4.5000003514)
  );
#5671 = CARTESIAN_POINT('',(2.480102966899,1.035901452699,-4.5000003514)
  );
#5672 = CARTESIAN_POINT('',(2.484073454212,1.038650919846,-4.5000003514)
  );
#5673 = CARTESIAN_POINT('',(2.488027477944,1.041438748367,-4.5000003514)
  );
#5674 = CARTESIAN_POINT('',(2.491965511894,1.044263687378,-4.5000003514)
  );
#5675 = CARTESIAN_POINT('',(2.495887975646,1.047124616826,-4.5000003514)
  );
#5676 = CARTESIAN_POINT('',(2.49979524324,1.050020526528,-4.5000003514)
  );
#5677 = CARTESIAN_POINT('',(2.503687650041,1.052950499612,-4.5000003514)
  );
#5678 = CARTESIAN_POINT('',(2.507565498237,1.055913699224,-4.5000003514)
  );
#5679 = CARTESIAN_POINT('',(2.511429061317,1.058909357733,-4.5000003514)
  );
#5680 = CARTESIAN_POINT('',(2.515278587748,1.061936767848,-4.5000003514)
  );
#5681 = CARTESIAN_POINT('',(2.519114304027,1.064995275252,-4.5000003514)
  );
#5682 = CARTESIAN_POINT('',(2.522936417245,1.068084272413,-4.5000003514)
  );
#5683 = CARTESIAN_POINT('',(2.526745117247,1.071203193364,-4.5000003514)
  );
#5684 = CARTESIAN_POINT('',(2.530540578481,1.07435150925,-4.5000003514)
  );
#5685 = CARTESIAN_POINT('',(2.534322961577,1.077528724511,-4.5000003514)
  );
#5686 = CARTESIAN_POINT('',(2.538092414713,1.080734373586,-4.5000003514)
  );
#5687 = CARTESIAN_POINT('',(2.541849074799,1.083968018052,-4.5000003514)
  );
#5688 = CARTESIAN_POINT('',(2.545593068515,1.087229244124,-4.5000003514)
  );
#5689 = CARTESIAN_POINT('',(2.549324513216,1.090517660467,-4.5000003514)
  );
#5690 = CARTESIAN_POINT('',(2.553043517733,1.093832896263,-4.5000003514)
  );
#5691 = CARTESIAN_POINT('',(2.556750183085,1.097174599499,-4.5000003514)
  );
#5692 = CARTESIAN_POINT('',(2.560444603103,1.10054243545,-4.5000003514)
  );
#5693 = CARTESIAN_POINT('',(2.564126864997,1.103936085318,-4.5000003514)
  );
#5694 = CARTESIAN_POINT('',(2.567797049856,1.107355245026,-4.5000003514)
  );
#5695 = CARTESIAN_POINT('',(2.571455233103,1.110799624118,-4.5000003514)
  );
#5696 = CARTESIAN_POINT('',(2.575101484899,1.114268944785,-4.5000003514)
  );
#5697 = CARTESIAN_POINT('',(2.578735870513,1.117762940968,-4.5000003514)
  );
#5698 = CARTESIAN_POINT('',(2.582358450657,1.12128135756,-4.5000003514)
  );
#5699 = CARTESIAN_POINT('',(2.585969281787,1.124823949671,-4.5000003514)
  );
#5700 = CARTESIAN_POINT('',(2.58956841638,1.128390481962,-4.5000003514)
  );
#5701 = CARTESIAN_POINT('',(2.593155903186,1.131980728038,-4.5000003514)
  );
#5702 = CARTESIAN_POINT('',(2.59673178746,1.135594469888,-4.5000003514)
  );
#5703 = CARTESIAN_POINT('',(2.600296111174,1.139231497377,-4.5000003514)
  );
#5704 = CARTESIAN_POINT('',(2.60384891321,1.142891607776,-4.5000003514)
  );
#5705 = CARTESIAN_POINT('',(2.607390229539,1.146574605328,-4.5000003514)
  );
#5706 = CARTESIAN_POINT('',(2.610920093389,1.150280300854,-4.5000003514)
  );
#5707 = CARTESIAN_POINT('',(2.614438535396,1.154008511378,-4.5000003514)
  );
#5708 = CARTESIAN_POINT('',(2.617945583746,1.157759059792,-4.5000003514)
  );
#5709 = CARTESIAN_POINT('',(2.621441264306,1.161531774535,-4.5000003514)
  );
#5710 = CARTESIAN_POINT('',(2.624925600746,1.165326489304,-4.5000003514)
  );
#5711 = CARTESIAN_POINT('',(2.628398614651,1.169143042776,-4.5000003514)
  );
#5712 = CARTESIAN_POINT('',(2.631860325631,1.172981278358,-4.5000003514)
  );
#5713 = CARTESIAN_POINT('',(2.635310751412,1.176841043947,-4.5000003514)
  );
#5714 = CARTESIAN_POINT('',(2.638749907937,1.180722191711,-4.5000003514)
  );
#5715 = CARTESIAN_POINT('',(2.642177809444,1.184624577877,-4.5000003514)
  );
#5716 = CARTESIAN_POINT('',(2.645594468551,1.188548062545,-4.5000003514)
  );
#5717 = CARTESIAN_POINT('',(2.648999896332,1.192492509499,-4.5000003514)
  );
#5718 = CARTESIAN_POINT('',(2.652394102382,1.196457786039,-4.5000003514)
  );
#5719 = CARTESIAN_POINT('',(2.655777094894,1.200443762823,-4.5000003514)
  );
#5720 = CARTESIAN_POINT('',(2.65914888071,1.204450313714,-4.5000003514)
  );
#5721 = CARTESIAN_POINT('',(2.662509465389,1.208477315638,-4.5000003514)
  );
#5722 = CARTESIAN_POINT('',(2.665858853257,1.212524648451,-4.5000003514)
  );
#5723 = CARTESIAN_POINT('',(2.669197047464,1.216592194815,-4.5000003514)
  );
#5724 = CARTESIAN_POINT('',(2.672524050027,1.220679840075,-4.5000003514)
  );
#5725 = CARTESIAN_POINT('',(2.675839861885,1.224787472152,-4.5000003514)
  );
#5726 = CARTESIAN_POINT('',(2.679144482937,1.228914981429,-4.5000003514)
  );
#5727 = CARTESIAN_POINT('',(2.682437912085,1.23306226066,-4.5000003514)
  );
#5728 = CARTESIAN_POINT('',(2.685720147278,1.237229204866,-4.5000003514)
  );
#5729 = CARTESIAN_POINT('',(2.688991185541,1.241415711251,-4.5000003514)
  );
#5730 = CARTESIAN_POINT('',(2.692251023025,1.24562167911,-4.5000003514)
  );
#5731 = CARTESIAN_POINT('',(2.695499655018,1.24984700976,-4.5000003514)
  );
#5732 = CARTESIAN_POINT('',(2.698737076007,1.254091606442,-4.5000003514)
  );
#5733 = CARTESIAN_POINT('',(2.701963279682,1.25835537427,-4.5000003514)
  );
#5734 = CARTESIAN_POINT('',(2.70517825898,1.262638220144,-4.5000003514)
  );
#5735 = CARTESIAN_POINT('',(2.708382006109,1.266940052695,-4.5000003514)
  );
#5736 = CARTESIAN_POINT('',(2.711574512574,1.271260782213,-4.5000003514)
  );
#5737 = CARTESIAN_POINT('',(2.71380489416,1.274303236067,-4.5000003514)
  );
#5738 = CARTESIAN_POINT('',(2.714973224961,1.275903868899,-4.5000003514)
  );
#5739 = CARTESIAN_POINT('',(2.71508409676,1.276055827591,-4.5000003514)
  );
#5740 = PCURVE('',#156,#5741);
#5741 = DEFINITIONAL_REPRESENTATION('',(#5742),#5870);
#5742 = B_SPLINE_CURVE_WITH_KNOTS('',3,(#5743,#5744,#5745,#5746,#5747,
    #5748,#5749,#5750,#5751,#5752,#5753,#5754,#5755,#5756,#5757,#5758,
    #5759,#5760,#5761,#5762,#5763,#5764,#5765,#5766,#5767,#5768,#5769,
    #5770,#5771,#5772,#5773,#5774,#5775,#5776,#5777,#5778,#5779,#5780,
    #5781,#5782,#5783,#5784,#5785,#5786,#5787,#5788,#5789,#5790,#5791,
    #5792,#5793,#5794,#5795,#5796,#5797,#5798,#5799,#5800,#5801,#5802,
    #5803,#5804,#5805,#5806,#5807,#5808,#5809,#5810,#5811,#5812,#5813,
    #5814,#5815,#5816,#5817,#5818,#5819,#5820,#5821,#5822,#5823,#5824,
    #5825,#5826,#5827,#5828,#5829,#5830,#5831,#5832,#5833,#5834,#5835,
    #5836,#5837,#5838,#5839,#5840,#5841,#5842,#5843,#5844,#5845,#5846,
    #5847,#5848,#5849,#5850,#5851,#5852,#5853,#5854,#5855,#5856,#5857,
    #5858,#5859,#5860,#5861,#5862,#5863,#5864,#5865,#5866,#5867,#5868,
    #5869),.UNSPECIFIED.,.F.,.F.,(4,1,1,1,1,1,1,1,1,1,1,1,1,1,1,1,1,1,1,
    1,1,1,1,1,1,1,1,1,1,1,1,1,1,1,1,1,1,1,1,1,1,1,1,1,1,1,1,1,1,1,1,1,1,
    1,1,1,1,1,1,1,1,1,1,1,1,1,1,1,1,1,1,1,1,1,1,1,1,1,1,1,1,1,1,1,1,1,1,
    1,1,1,1,1,1,1,1,1,1,1,1,1,1,1,1,1,1,1,1,1,1,1,1,1,1,1,1,1,1,1,1,1,1,
    1,1,1,4),(0.,3.825348486101E-02,5.430853348674E-02,
    6.675617629157E-02,7.735884378815E-02,8.679755798888E-02,
    9.542083346997E-02,0.103435317105,0.110975441185,0.118134466631,
    0.124980232214,0.131563916605,0.137925263337,0.144095870271,
    0.150101352936,0.155962819326,0.16169790603,0.167321525098,
    0.172846414439,0.178283551377,0.18364246875,0.188931500289,
    0.194157973749,0.199328364902,0.20444842177,0.209523265982,
    0.214557476318,0.219555158251,0.224520002363,0.229455333831,
    0.234364154694,0.239249180184,0.244112870201,0.248957456702,
    0.253784967687,0.258597248282,0.263395979354,0.268182693996,
    0.272958792175,0.27772555377,0.282484150212,0.287235654883,
    0.291981052431,0.296721247119,0.301457070315,0.306189287223,
    0.310919293077,0.315655371856,0.320399980632,0.32515309033,
    0.329914691623,0.33468478033,0.339463354215,0.344250411941,
    0.349045952647,0.353849975744,0.358662480811,0.363483467539,
    0.368312935692,0.373150885086,0.377997315577,0.382852227048,
    0.387715619403,0.392587492562,0.397467846459,0.402356681039,
    0.407253996253,0.41215979206,0.417074068425,0.421996825315,
    0.426928062704,0.431867780568,0.436815978885,0.441772657636,
    0.446737816804,0.451711456374,0.456693576332,0.461684176666,
    0.466683257364,0.471690818415,0.476706859811,0.481731381543,
    0.486764383603,0.491805865984,0.496855828678,0.50191427168,
    0.506981194984,0.512056598584,0.517140482477,0.522232846656,
    0.527333691118,0.532443015859,0.537560820874,0.542687106161,
    0.547821871717,0.552965117537,0.55811684362,0.563277049962,
    0.56844573656,0.573622903413,0.578808550518,0.584002677873,
    0.589205285476,0.594416373325,0.599635941417,0.604863989752,
    0.610100518327,0.615345527141,0.620599016193,0.62586098548,
    0.631131435002,0.636410364758,0.641697774745,0.646993664963,
    0.652298035411,0.657610886087,0.66293221699,0.668262028121,
    0.673600319476,0.678947091057,0.684302342861,0.689666074887,
    0.695038287136,0.700418979606,0.700983298363),.UNSPECIFIED.);
#5743 = CARTESIAN_POINT('',(-0.763686102506,-2.294760507513));
#5744 = CARTESIAN_POINT('',(-0.775840115049,-2.290699534307));
#5745 = CARTESIAN_POINT('',(-0.793711314456,-2.287011977356));
#5746 = CARTESIAN_POINT('',(-0.815976063759,-2.286088830739));
#5747 = CARTESIAN_POINT('',(-0.829010752523,-2.286659104044));
#5748 = CARTESIAN_POINT('',(-0.839779628098,-2.287868931563));
#5749 = CARTESIAN_POINT('',(-0.849200522217,-2.289492163277));
#5750 = CARTESIAN_POINT('',(-0.857680839802,-2.291415733885));
#5751 = CARTESIAN_POINT('',(-0.865449035855,-2.293572749632));
#5752 = CARTESIAN_POINT('',(-0.872649795606,-2.295919433609));
#5753 = CARTESIAN_POINT('',(-0.879382146932,-2.298425185921));
#5754 = CARTESIAN_POINT('',(-0.885717647401,-2.301067554825));
#5755 = CARTESIAN_POINT('',(-0.891710143487,-2.303829448254));
#5756 = CARTESIAN_POINT('',(-0.897401453518,-2.306697466314));
#5757 = CARTESIAN_POINT('',(-0.902824890216,-2.309660848436));
#5758 = CARTESIAN_POINT('',(-0.908007552872,-2.312710778095));
#5759 = CARTESIAN_POINT('',(-0.91297187874,-2.315839906854));
#5760 = CARTESIAN_POINT('',(-0.917736727579,-2.3190420186));
#5761 = CARTESIAN_POINT('',(-0.922318160695,-2.322311786583));
#5762 = CARTESIAN_POINT('',(-0.926730013546,-2.325644593816));
#5763 = CARTESIAN_POINT('',(-0.930984325019,-2.329036397784));
#5764 = CARTESIAN_POINT('',(-0.935091664785,-2.332483626939));
#5765 = CARTESIAN_POINT('',(-0.939061386712,-2.335983100333));
#5766 = CARTESIAN_POINT('',(-0.942901827622,-2.339531964492));
#5767 = CARTESIAN_POINT('',(-0.946620465023,-2.34312764325));
#5768 = CARTESIAN_POINT('',(-0.950224043632,-2.346767797494));
#5769 = CARTESIAN_POINT('',(-0.953718677854,-2.350450292558));
#5770 = CARTESIAN_POINT('',(-0.957109935529,-2.354173171584));
#5771 = CARTESIAN_POINT('',(-0.960402906986,-2.357934633569));
#5772 = CARTESIAN_POINT('',(-0.96360226243,-2.361733015138));
#5773 = CARTESIAN_POINT('',(-0.966712300039,-2.365566775271));
#5774 = CARTESIAN_POINT('',(-0.969736986578,-2.369434482411));
#5775 = CARTESIAN_POINT('',(-0.972679991969,-2.373334803498));
#5776 = CARTESIAN_POINT('',(-0.975544718936,-2.377266494548));
#5777 = CARTESIAN_POINT('',(-0.978334328624,-2.381228392517));
#5778 = CARTESIAN_POINT('',(-0.981051762879,-2.385219408201));
#5779 = CARTESIAN_POINT('',(-0.983699763805,-2.389238519998));
#5780 = CARTESIAN_POINT('',(-0.986280890878,-2.393284768438));
#5781 = CARTESIAN_POINT('',(-0.988797536624,-2.397357251089));
#5782 = CARTESIAN_POINT('',(-0.991251938756,-2.401455118875));
#5783 = CARTESIAN_POINT('',(-0.993646197939,-2.405577569448));
#5784 = CARTESIAN_POINT('',(-0.995982268129,-2.409723853537));
#5785 = CARTESIAN_POINT('',(-0.998262043475,-2.413893234713));
#5786 = CARTESIAN_POINT('',(-1.00048708073,-2.418085124122));
#5787 = CARTESIAN_POINT('',(-1.002659675153,-2.422298564802));
#5788 = CARTESIAN_POINT('',(-1.00477888964,-2.426534140569));
#5789 = CARTESIAN_POINT('',(-1.006855490218,-2.430787056544));
#5790 = CARTESIAN_POINT('',(-1.008857634303,-2.435075801639));
#5791 = CARTESIAN_POINT('',(-1.010990584889,-2.439306043729));
#5792 = CARTESIAN_POINT('',(-1.013213738212,-2.443497798887));
#5793 = CARTESIAN_POINT('',(-1.015513607205,-2.447657694969));
#5794 = CARTESIAN_POINT('',(-1.017879819494,-2.451789925926));
#5795 = CARTESIAN_POINT('',(-1.020305840232,-2.455897166922));
#5796 = CARTESIAN_POINT('',(-1.022786682168,-2.459981435449));
#5797 = CARTESIAN_POINT('',(-1.025318521026,-2.46404427228));
#5798 = CARTESIAN_POINT('',(-1.027898269283,-2.468086911816));
#5799 = CARTESIAN_POINT('',(-1.030523380337,-2.472110364751));
#5800 = CARTESIAN_POINT('',(-1.033191705587,-2.476115476819));
#5801 = CARTESIAN_POINT('',(-1.035901402699,-2.480102966899));
#5802 = CARTESIAN_POINT('',(-1.038650869846,-2.484073454212));
#5803 = CARTESIAN_POINT('',(-1.041438698367,-2.488027477944));
#5804 = CARTESIAN_POINT('',(-1.044263637378,-2.491965511894));
#5805 = CARTESIAN_POINT('',(-1.047124566826,-2.495887975646));
#5806 = CARTESIAN_POINT('',(-1.050020476528,-2.49979524324));
#5807 = CARTESIAN_POINT('',(-1.052950449612,-2.503687650041));
#5808 = CARTESIAN_POINT('',(-1.055913649224,-2.507565498237));
#5809 = CARTESIAN_POINT('',(-1.058909307733,-2.511429061317));
#5810 = CARTESIAN_POINT('',(-1.061936717848,-2.515278587748));
#5811 = CARTESIAN_POINT('',(-1.064995225252,-2.519114304027));
#5812 = CARTESIAN_POINT('',(-1.068084222413,-2.522936417245));
#5813 = CARTESIAN_POINT('',(-1.071203143364,-2.526745117247));
#5814 = CARTESIAN_POINT('',(-1.07435145925,-2.530540578481));
#5815 = CARTESIAN_POINT('',(-1.077528674511,-2.534322961577));
#5816 = CARTESIAN_POINT('',(-1.080734323586,-2.538092414713));
#5817 = CARTESIAN_POINT('',(-1.083967968052,-2.541849074799));
#5818 = CARTESIAN_POINT('',(-1.087229194124,-2.545593068515));
#5819 = CARTESIAN_POINT('',(-1.090517610467,-2.549324513216));
#5820 = CARTESIAN_POINT('',(-1.093832846263,-2.553043517733));
#5821 = CARTESIAN_POINT('',(-1.097174549499,-2.556750183085));
#5822 = CARTESIAN_POINT('',(-1.10054238545,-2.560444603103));
#5823 = CARTESIAN_POINT('',(-1.103936035318,-2.564126864997));
#5824 = CARTESIAN_POINT('',(-1.107355195026,-2.567797049856));
#5825 = CARTESIAN_POINT('',(-1.110799574118,-2.571455233103));
#5826 = CARTESIAN_POINT('',(-1.114268894785,-2.575101484899));
#5827 = CARTESIAN_POINT('',(-1.117762890968,-2.578735870513));
#5828 = CARTESIAN_POINT('',(-1.12128130756,-2.582358450657));
#5829 = CARTESIAN_POINT('',(-1.124823899671,-2.585969281787));
#5830 = CARTESIAN_POINT('',(-1.128390431962,-2.58956841638));
#5831 = CARTESIAN_POINT('',(-1.131980678038,-2.593155903186));
#5832 = CARTESIAN_POINT('',(-1.135594419888,-2.59673178746));
#5833 = CARTESIAN_POINT('',(-1.139231447377,-2.600296111174));
#5834 = CARTESIAN_POINT('',(-1.142891557776,-2.60384891321));
#5835 = CARTESIAN_POINT('',(-1.146574555328,-2.607390229539));
#5836 = CARTESIAN_POINT('',(-1.150280250854,-2.610920093389));
#5837 = CARTESIAN_POINT('',(-1.154008461378,-2.614438535396));
#5838 = CARTESIAN_POINT('',(-1.157759009792,-2.617945583746));
#5839 = CARTESIAN_POINT('',(-1.161531724535,-2.621441264306));
#5840 = CARTESIAN_POINT('',(-1.165326439304,-2.624925600746));
#5841 = CARTESIAN_POINT('',(-1.169142992776,-2.628398614651));
#5842 = CARTESIAN_POINT('',(-1.172981228358,-2.631860325631));
#5843 = CARTESIAN_POINT('',(-1.176840993947,-2.635310751412));
#5844 = CARTESIAN_POINT('',(-1.180722141711,-2.638749907937));
#5845 = CARTESIAN_POINT('',(-1.184624527877,-2.642177809444));
#5846 = CARTESIAN_POINT('',(-1.188548012545,-2.645594468551));
#5847 = CARTESIAN_POINT('',(-1.192492459499,-2.648999896332));
#5848 = CARTESIAN_POINT('',(-1.196457736039,-2.652394102382));
#5849 = CARTESIAN_POINT('',(-1.200443712823,-2.655777094894));
#5850 = CARTESIAN_POINT('',(-1.204450263714,-2.65914888071));
#5851 = CARTESIAN_POINT('',(-1.208477265638,-2.662509465389));
#5852 = CARTESIAN_POINT('',(-1.212524598451,-2.665858853257));
#5853 = CARTESIAN_POINT('',(-1.216592144815,-2.669197047464));
#5854 = CARTESIAN_POINT('',(-1.220679790075,-2.672524050027));
#5855 = CARTESIAN_POINT('',(-1.224787422152,-2.675839861885));
#5856 = CARTESIAN_POINT('',(-1.228914931429,-2.679144482937));
#5857 = CARTESIAN_POINT('',(-1.23306221066,-2.682437912085));
#5858 = CARTESIAN_POINT('',(-1.237229154866,-2.685720147278));
#5859 = CARTESIAN_POINT('',(-1.241415661251,-2.688991185541));
#5860 = CARTESIAN_POINT('',(-1.24562162911,-2.692251023025));
#5861 = CARTESIAN_POINT('',(-1.24984695976,-2.695499655018));
#5862 = CARTESIAN_POINT('',(-1.254091556442,-2.698737076007));
#5863 = CARTESIAN_POINT('',(-1.25835532427,-2.701963279682));
#5864 = CARTESIAN_POINT('',(-1.262638170144,-2.70517825898));
#5865 = CARTESIAN_POINT('',(-1.266940002695,-2.708382006109));
#5866 = CARTESIAN_POINT('',(-1.271260732213,-2.711574512574));
#5867 = CARTESIAN_POINT('',(-1.274303186067,-2.71380489416));
#5868 = CARTESIAN_POINT('',(-1.275903818899,-2.714973224961));
#5869 = CARTESIAN_POINT('',(-1.276055777591,-2.71508409676));
#5870 = ( GEOMETRIC_REPRESENTATION_CONTEXT(2) 
PARAMETRIC_REPRESENTATION_CONTEXT() REPRESENTATION_CONTEXT('2D SPACE',''
  ) );
#5871 = PCURVE('',#5592,#5872);
#5872 = DEFINITIONAL_REPRESENTATION('',(#5873),#6001);
#5873 = B_SPLINE_CURVE_WITH_KNOTS('',3,(#5874,#5875,#5876,#5877,#5878,
    #5879,#5880,#5881,#5882,#5883,#5884,#5885,#5886,#5887,#5888,#5889,
    #5890,#5891,#5892,#5893,#5894,#5895,#5896,#5897,#5898,#5899,#5900,
    #5901,#5902,#5903,#5904,#5905,#5906,#5907,#5908,#5909,#5910,#5911,
    #5912,#5913,#5914,#5915,#5916,#5917,#5918,#5919,#5920,#5921,#5922,
    #5923,#5924,#5925,#5926,#5927,#5928,#5929,#5930,#5931,#5932,#5933,
    #5934,#5935,#5936,#5937,#5938,#5939,#5940,#5941,#5942,#5943,#5944,
    #5945,#5946,#5947,#5948,#5949,#5950,#5951,#5952,#5953,#5954,#5955,
    #5956,#5957,#5958,#5959,#5960,#5961,#5962,#5963,#5964,#5965,#5966,
    #5967,#5968,#5969,#5970,#5971,#5972,#5973,#5974,#5975,#5976,#5977,
    #5978,#5979,#5980,#5981,#5982,#5983,#5984,#5985,#5986,#5987,#5988,
    #5989,#5990,#5991,#5992,#5993,#5994,#5995,#5996,#5997,#5998,#5999,
    #6000),.UNSPECIFIED.,.F.,.F.,(4,1,1,1,1,1,1,1,1,1,1,1,1,1,1,1,1,1,1,
    1,1,1,1,1,1,1,1,1,1,1,1,1,1,1,1,1,1,1,1,1,1,1,1,1,1,1,1,1,1,1,1,1,1,
    1,1,1,1,1,1,1,1,1,1,1,1,1,1,1,1,1,1,1,1,1,1,1,1,1,1,1,1,1,1,1,1,1,1,
    1,1,1,1,1,1,1,1,1,1,1,1,1,1,1,1,1,1,1,1,1,1,1,1,1,1,1,1,1,1,1,1,1,1,
    1,1,1,4),(0.,3.825348486101E-02,5.430853348674E-02,
    6.675617629157E-02,7.735884378815E-02,8.679755798888E-02,
    9.542083346997E-02,0.103435317105,0.110975441185,0.118134466631,
    0.124980232214,0.131563916605,0.137925263337,0.144095870271,
    0.150101352936,0.155962819326,0.16169790603,0.167321525098,
    0.172846414439,0.178283551377,0.18364246875,0.188931500289,
    0.194157973749,0.199328364902,0.20444842177,0.209523265982,
    0.214557476318,0.219555158251,0.224520002363,0.229455333831,
    0.234364154694,0.239249180184,0.244112870201,0.248957456702,
    0.253784967687,0.258597248282,0.263395979354,0.268182693996,
    0.272958792175,0.27772555377,0.282484150212,0.287235654883,
    0.291981052431,0.296721247119,0.301457070315,0.306189287223,
    0.310919293077,0.315655371856,0.320399980632,0.32515309033,
    0.329914691623,0.33468478033,0.339463354215,0.344250411941,
    0.349045952647,0.353849975744,0.358662480811,0.363483467539,
    0.368312935692,0.373150885086,0.377997315577,0.382852227048,
    0.387715619403,0.392587492562,0.397467846459,0.402356681039,
    0.407253996253,0.41215979206,0.417074068425,0.421996825315,
    0.426928062704,0.431867780568,0.436815978885,0.441772657636,
    0.446737816804,0.451711456374,0.456693576332,0.461684176666,
    0.466683257364,0.471690818415,0.476706859811,0.481731381543,
    0.486764383603,0.491805865984,0.496855828678,0.50191427168,
    0.506981194984,0.512056598584,0.517140482477,0.522232846656,
    0.527333691118,0.532443015859,0.537560820874,0.542687106161,
    0.547821871717,0.552965117537,0.55811684362,0.563277049962,
    0.56844573656,0.573622903413,0.578808550518,0.584002677873,
    0.589205285476,0.594416373325,0.599635941417,0.604863989752,
    0.610100518327,0.615345527141,0.620599016193,0.62586098548,
    0.631131435002,0.636410364758,0.641697774745,0.646993664963,
    0.652298035411,0.657610886087,0.66293221699,0.668262028121,
    0.673600319476,0.678947091057,0.684302342861,0.689666074887,
    0.695038287136,0.700418979606,0.700983298363),.UNSPECIFIED.);
#5874 = CARTESIAN_POINT('',(12.294760507513,10.763686152506));
#5875 = CARTESIAN_POINT('',(12.290699534307,10.775840165049));
#5876 = CARTESIAN_POINT('',(12.287011977356,10.793711364456));
#5877 = CARTESIAN_POINT('',(12.286088830739,10.815976113759));
#5878 = CARTESIAN_POINT('',(12.286659104044,10.829010802523));
#5879 = CARTESIAN_POINT('',(12.287868931563,10.839779678098));
#5880 = CARTESIAN_POINT('',(12.289492163277,10.849200572217));
#5881 = CARTESIAN_POINT('',(12.291415733885,10.857680889802));
#5882 = CARTESIAN_POINT('',(12.293572749632,10.865449085855));
#5883 = CARTESIAN_POINT('',(12.295919433609,10.872649845606));
#5884 = CARTESIAN_POINT('',(12.298425185921,10.879382196932));
#5885 = CARTESIAN_POINT('',(12.301067554825,10.885717697401));
#5886 = CARTESIAN_POINT('',(12.303829448254,10.891710193487));
#5887 = CARTESIAN_POINT('',(12.306697466314,10.897401503518));
#5888 = CARTESIAN_POINT('',(12.309660848436,10.902824940216));
#5889 = CARTESIAN_POINT('',(12.312710778095,10.908007602872));
#5890 = CARTESIAN_POINT('',(12.315839906854,10.91297192874));
#5891 = CARTESIAN_POINT('',(12.3190420186,10.917736777579));
#5892 = CARTESIAN_POINT('',(12.322311786583,10.922318210695));
#5893 = CARTESIAN_POINT('',(12.325644593816,10.926730063546));
#5894 = CARTESIAN_POINT('',(12.329036397784,10.930984375019));
#5895 = CARTESIAN_POINT('',(12.332483626939,10.935091714785));
#5896 = CARTESIAN_POINT('',(12.335983100333,10.939061436712));
#5897 = CARTESIAN_POINT('',(12.339531964492,10.942901877622));
#5898 = CARTESIAN_POINT('',(12.34312764325,10.946620515023));
#5899 = CARTESIAN_POINT('',(12.346767797494,10.950224093632));
#5900 = CARTESIAN_POINT('',(12.350450292558,10.953718727854));
#5901 = CARTESIAN_POINT('',(12.354173171584,10.957109985529));
#5902 = CARTESIAN_POINT('',(12.357934633569,10.960402956986));
#5903 = CARTESIAN_POINT('',(12.361733015138,10.96360231243));
#5904 = CARTESIAN_POINT('',(12.365566775271,10.966712350039));
#5905 = CARTESIAN_POINT('',(12.369434482411,10.969737036578));
#5906 = CARTESIAN_POINT('',(12.373334803498,10.972680041969));
#5907 = CARTESIAN_POINT('',(12.377266494548,10.975544768936));
#5908 = CARTESIAN_POINT('',(12.381228392517,10.978334378624));
#5909 = CARTESIAN_POINT('',(12.385219408201,10.981051812879));
#5910 = CARTESIAN_POINT('',(12.389238519998,10.983699813805));
#5911 = CARTESIAN_POINT('',(12.393284768438,10.986280940878));
#5912 = CARTESIAN_POINT('',(12.397357251089,10.988797586624));
#5913 = CARTESIAN_POINT('',(12.401455118875,10.991251988756));
#5914 = CARTESIAN_POINT('',(12.405577569448,10.993646247939));
#5915 = CARTESIAN_POINT('',(12.409723853537,10.995982318129));
#5916 = CARTESIAN_POINT('',(12.413893234713,10.998262093475));
#5917 = CARTESIAN_POINT('',(12.418085124122,11.00048713073));
#5918 = CARTESIAN_POINT('',(12.422298564802,11.002659725153));
#5919 = CARTESIAN_POINT('',(12.426534140569,11.00477893964));
#5920 = CARTESIAN_POINT('',(12.430787056544,11.006855540218));
#5921 = CARTESIAN_POINT('',(12.435075801639,11.008857684303));
#5922 = CARTESIAN_POINT('',(12.439306043729,11.010990634889));
#5923 = CARTESIAN_POINT('',(12.443497798887,11.013213788212));
#5924 = CARTESIAN_POINT('',(12.447657694969,11.015513657205));
#5925 = CARTESIAN_POINT('',(12.451789925926,11.017879869494));
#5926 = CARTESIAN_POINT('',(12.455897166922,11.020305890232));
#5927 = CARTESIAN_POINT('',(12.459981435449,11.022786732168));
#5928 = CARTESIAN_POINT('',(12.46404427228,11.025318571026));
#5929 = CARTESIAN_POINT('',(12.468086911816,11.027898319283));
#5930 = CARTESIAN_POINT('',(12.472110364751,11.030523430337));
#5931 = CARTESIAN_POINT('',(12.476115476819,11.033191755587));
#5932 = CARTESIAN_POINT('',(12.480102966899,11.035901452699));
#5933 = CARTESIAN_POINT('',(12.484073454212,11.038650919846));
#5934 = CARTESIAN_POINT('',(12.488027477944,11.041438748367));
#5935 = CARTESIAN_POINT('',(12.491965511894,11.044263687378));
#5936 = CARTESIAN_POINT('',(12.495887975646,11.047124616826));
#5937 = CARTESIAN_POINT('',(12.49979524324,11.050020526528));
#5938 = CARTESIAN_POINT('',(12.503687650041,11.052950499612));
#5939 = CARTESIAN_POINT('',(12.507565498237,11.055913699224));
#5940 = CARTESIAN_POINT('',(12.511429061317,11.058909357733));
#5941 = CARTESIAN_POINT('',(12.515278587748,11.061936767848));
#5942 = CARTESIAN_POINT('',(12.519114304027,11.064995275252));
#5943 = CARTESIAN_POINT('',(12.522936417245,11.068084272413));
#5944 = CARTESIAN_POINT('',(12.526745117247,11.071203193364));
#5945 = CARTESIAN_POINT('',(12.530540578481,11.07435150925));
#5946 = CARTESIAN_POINT('',(12.534322961577,11.077528724511));
#5947 = CARTESIAN_POINT('',(12.538092414713,11.080734373586));
#5948 = CARTESIAN_POINT('',(12.541849074799,11.083968018052));
#5949 = CARTESIAN_POINT('',(12.545593068515,11.087229244124));
#5950 = CARTESIAN_POINT('',(12.549324513216,11.090517660467));
#5951 = CARTESIAN_POINT('',(12.553043517733,11.093832896263));
#5952 = CARTESIAN_POINT('',(12.556750183085,11.097174599499));
#5953 = CARTESIAN_POINT('',(12.560444603103,11.10054243545));
#5954 = CARTESIAN_POINT('',(12.564126864997,11.103936085318));
#5955 = CARTESIAN_POINT('',(12.567797049856,11.107355245026));
#5956 = CARTESIAN_POINT('',(12.571455233103,11.110799624118));
#5957 = CARTESIAN_POINT('',(12.575101484899,11.114268944785));
#5958 = CARTESIAN_POINT('',(12.578735870513,11.117762940968));
#5959 = CARTESIAN_POINT('',(12.582358450657,11.12128135756));
#5960 = CARTESIAN_POINT('',(12.585969281787,11.124823949671));
#5961 = CARTESIAN_POINT('',(12.58956841638,11.128390481962));
#5962 = CARTESIAN_POINT('',(12.593155903186,11.131980728038));
#5963 = CARTESIAN_POINT('',(12.59673178746,11.135594469888));
#5964 = CARTESIAN_POINT('',(12.600296111174,11.139231497377));
#5965 = CARTESIAN_POINT('',(12.60384891321,11.142891607776));
#5966 = CARTESIAN_POINT('',(12.607390229539,11.146574605328));
#5967 = CARTESIAN_POINT('',(12.610920093389,11.150280300854));
#5968 = CARTESIAN_POINT('',(12.614438535396,11.154008511378));
#5969 = CARTESIAN_POINT('',(12.617945583746,11.157759059792));
#5970 = CARTESIAN_POINT('',(12.621441264306,11.161531774535));
#5971 = CARTESIAN_POINT('',(12.624925600746,11.165326489304));
#5972 = CARTESIAN_POINT('',(12.628398614651,11.169143042776));
#5973 = CARTESIAN_POINT('',(12.631860325631,11.172981278358));
#5974 = CARTESIAN_POINT('',(12.635310751412,11.176841043947));
#5975 = CARTESIAN_POINT('',(12.638749907937,11.180722191711));
#5976 = CARTESIAN_POINT('',(12.642177809444,11.184624577877));
#5977 = CARTESIAN_POINT('',(12.645594468551,11.188548062545));
#5978 = CARTESIAN_POINT('',(12.648999896332,11.192492509499));
#5979 = CARTESIAN_POINT('',(12.652394102382,11.196457786039));
#5980 = CARTESIAN_POINT('',(12.655777094894,11.200443762823));
#5981 = CARTESIAN_POINT('',(12.65914888071,11.204450313714));
#5982 = CARTESIAN_POINT('',(12.662509465389,11.208477315638));
#5983 = CARTESIAN_POINT('',(12.665858853257,11.212524648451));
#5984 = CARTESIAN_POINT('',(12.669197047464,11.216592194815));
#5985 = CARTESIAN_POINT('',(12.672524050027,11.220679840075));
#5986 = CARTESIAN_POINT('',(12.675839861885,11.224787472152));
#5987 = CARTESIAN_POINT('',(12.679144482937,11.228914981429));
#5988 = CARTESIAN_POINT('',(12.682437912085,11.23306226066));
#5989 = CARTESIAN_POINT('',(12.685720147278,11.237229204866));
#5990 = CARTESIAN_POINT('',(12.688991185541,11.241415711251));
#5991 = CARTESIAN_POINT('',(12.692251023025,11.24562167911));
#5992 = CARTESIAN_POINT('',(12.695499655018,11.24984700976));
#5993 = CARTESIAN_POINT('',(12.698737076007,11.254091606442));
#5994 = CARTESIAN_POINT('',(12.701963279682,11.25835537427));
#5995 = CARTESIAN_POINT('',(12.70517825898,11.262638220144));
#5996 = CARTESIAN_POINT('',(12.708382006109,11.266940052695));
#5997 = CARTESIAN_POINT('',(12.711574512574,11.271260782213));
#5998 = CARTESIAN_POINT('',(12.71380489416,11.274303236067));
#5999 = CARTESIAN_POINT('',(12.714973224961,11.275903868899));
#6000 = CARTESIAN_POINT('',(12.71508409676,11.276055827591));
#6001 = ( GEOMETRIC_REPRESENTATION_CONTEXT(2) 
PARAMETRIC_REPRESENTATION_CONTEXT() REPRESENTATION_CONTEXT('2D SPACE',''
  ) );
#6002 = ORIENTED_EDGE('',*,*,#6003,.F.);
#6003 = EDGE_CURVE('',#6004,#5609,#6006,.T.);
#6004 = VERTEX_POINT('',#6005);
#6005 = CARTESIAN_POINT('',(3.380740392012,0.905866657859,-4.5));
#6006 = SURFACE_CURVE('',#6007,(#6011,#6018),.PCURVE_S1.);
#6007 = LINE('',#6008,#6009);
#6008 = CARTESIAN_POINT('',(3.380740392012,0.905866657859,-4.5));
#6009 = VECTOR('',#6010,1.);
#6010 = DIRECTION('',(-0.999811563271,1.941231440264E-02,0.));
#6011 = PCURVE('',#156,#6012);
#6012 = DEFINITIONAL_REPRESENTATION('',(#6013),#6017);
#6013 = LINE('',#6014,#6015);
#6014 = CARTESIAN_POINT('',(-0.905866607859,-3.380740392012));
#6015 = VECTOR('',#6016,1.);
#6016 = DIRECTION('',(-1.941231440264E-02,0.999811563271));
#6017 = ( GEOMETRIC_REPRESENTATION_CONTEXT(2) 
PARAMETRIC_REPRESENTATION_CONTEXT() REPRESENTATION_CONTEXT('2D SPACE',''
  ) );
#6018 = PCURVE('',#6019,#6024);
#6019 = PLANE('',#6020);
#6020 = AXIS2_PLACEMENT_3D('',#6021,#6022,#6023);
#6021 = CARTESIAN_POINT('',(3.380740392012,0.905866657859,-4.5));
#6022 = DIRECTION('',(-1.941231440264E-02,-0.999811563271,0.));
#6023 = DIRECTION('',(-0.999811563271,1.941231440264E-02,0.));
#6024 = DEFINITIONAL_REPRESENTATION('',(#6025),#6029);
#6025 = LINE('',#6026,#6027);
#6026 = CARTESIAN_POINT('',(0.,0.));
#6027 = VECTOR('',#6028,1.);
#6028 = DIRECTION('',(1.,0.));
#6029 = ( GEOMETRIC_REPRESENTATION_CONTEXT(2) 
PARAMETRIC_REPRESENTATION_CONTEXT() REPRESENTATION_CONTEXT('2D SPACE',''
  ) );
#6030 = ORIENTED_EDGE('',*,*,#6031,.F.);
#6031 = EDGE_CURVE('',#6032,#6004,#6034,.T.);
#6032 = VERTEX_POINT('',#6033);
#6033 = CARTESIAN_POINT('',(3.470057014808,0.45684167277,-4.5));
#6034 = SURFACE_CURVE('',#6035,(#6039,#6046),.PCURVE_S1.);
#6035 = LINE('',#6036,#6037);
#6036 = CARTESIAN_POINT('',(3.470057014808,0.45684167277,-4.5));
#6037 = VECTOR('',#6038,1.);
#6038 = DIRECTION('',(-0.195090322016,0.980785280403,0.));
#6039 = PCURVE('',#156,#6040);
#6040 = DEFINITIONAL_REPRESENTATION('',(#6041),#6045);
#6041 = LINE('',#6042,#6043);
#6042 = CARTESIAN_POINT('',(-0.45684162277,-3.470057014808));
#6043 = VECTOR('',#6044,1.);
#6044 = DIRECTION('',(-0.980785280403,0.195090322016));
#6045 = ( GEOMETRIC_REPRESENTATION_CONTEXT(2) 
PARAMETRIC_REPRESENTATION_CONTEXT() REPRESENTATION_CONTEXT('2D SPACE',''
  ) );
#6046 = PCURVE('',#6047,#6052);
#6047 = PLANE('',#6048);
#6048 = AXIS2_PLACEMENT_3D('',#6049,#6050,#6051);
#6049 = CARTESIAN_POINT('',(3.470057014808,0.45684167277,-4.5));
#6050 = DIRECTION('',(-0.980785280403,-0.195090322016,0.));
#6051 = DIRECTION('',(-0.195090322016,0.980785280403,0.));
#6052 = DEFINITIONAL_REPRESENTATION('',(#6053),#6057);
#6053 = LINE('',#6054,#6055);
#6054 = CARTESIAN_POINT('',(0.,0.));
#6055 = VECTOR('',#6056,1.);
#6056 = DIRECTION('',(1.,0.));
#6057 = ( GEOMETRIC_REPRESENTATION_CONTEXT(2) 
PARAMETRIC_REPRESENTATION_CONTEXT() REPRESENTATION_CONTEXT('2D SPACE',''
  ) );
#6058 = ORIENTED_EDGE('',*,*,#6059,.F.);
#6059 = EDGE_CURVE('',#6060,#6032,#6062,.T.);
#6060 = VERTEX_POINT('',#6061);
#6061 = CARTESIAN_POINT('',(2.989822042456,0.246909252832,-4.5000001757)
  );
#6062 = SURFACE_CURVE('',#6063,(#6067,#6074),.PCURVE_S1.);
#6063 = LINE('',#6064,#6065);
#6064 = CARTESIAN_POINT('',(2.425,0.,-4.5));
#6065 = VECTOR('',#6066,1.);
#6066 = DIRECTION('',(0.916276668568,0.400545960706,0.));
#6067 = PCURVE('',#156,#6068);
#6068 = DEFINITIONAL_REPRESENTATION('',(#6069),#6073);
#6069 = LINE('',#6070,#6071);
#6070 = CARTESIAN_POINT('',(4.999991081306E-08,-2.425));
#6071 = VECTOR('',#6072,1.);
#6072 = DIRECTION('',(-0.400545960706,-0.916276668568));
#6073 = ( GEOMETRIC_REPRESENTATION_CONTEXT(2) 
PARAMETRIC_REPRESENTATION_CONTEXT() REPRESENTATION_CONTEXT('2D SPACE',''
  ) );
#6074 = PCURVE('',#6075,#6080);
#6075 = PLANE('',#6076);
#6076 = AXIS2_PLACEMENT_3D('',#6077,#6078,#6079);
#6077 = CARTESIAN_POINT('',(2.425,0.,-4.5));
#6078 = DIRECTION('',(-0.400545960706,0.916276668568,0.));
#6079 = DIRECTION('',(0.916276668568,0.400545960706,0.));
#6080 = DEFINITIONAL_REPRESENTATION('',(#6081),#6085);
#6081 = LINE('',#6082,#6083);
#6082 = CARTESIAN_POINT('',(0.,0.));
#6083 = VECTOR('',#6084,1.);
#6084 = DIRECTION('',(1.,0.));
#6085 = ( GEOMETRIC_REPRESENTATION_CONTEXT(2) 
PARAMETRIC_REPRESENTATION_CONTEXT() REPRESENTATION_CONTEXT('2D SPACE',''
  ) );
#6086 = ORIENTED_EDGE('',*,*,#6087,.T.);
#6087 = EDGE_CURVE('',#6060,#6088,#6090,.T.);
#6088 = VERTEX_POINT('',#6089);
#6089 = CARTESIAN_POINT('',(2.999866097021,-2.834426060447E-02,
    -4.5000003514));
#6090 = SURFACE_CURVE('',#6091,(#6096,#6103),.PCURVE_S1.);
#6091 = CIRCLE('',#6092,3.);
#6092 = AXIS2_PLACEMENT_3D('',#6093,#6094,#6095);
#6093 = CARTESIAN_POINT('',(9.037215420449E-14,4.99999084913E-08,
    -4.5000003514));
#6094 = DIRECTION('',(3.431321225571E-15,-9.104279154523E-17,-1.));
#6095 = DIRECTION('',(4.996003610813E-16,-1.,9.104279154523E-17));
#6096 = PCURVE('',#156,#6097);
#6097 = DEFINITIONAL_REPRESENTATION('',(#6098),#6102);
#6098 = CIRCLE('',#6099,3.);
#6099 = AXIS2_PLACEMENT_2D('',#6100,#6101);
#6100 = CARTESIAN_POINT('',(1.110223024625E-15,7.216449660064E-16));
#6101 = DIRECTION('',(1.,-1.657422360651E-32));
#6102 = ( GEOMETRIC_REPRESENTATION_CONTEXT(2) 
PARAMETRIC_REPRESENTATION_CONTEXT() REPRESENTATION_CONTEXT('2D SPACE',''
  ) );
#6103 = PCURVE('',#6104,#6109);
#6104 = PLANE('',#6105);
#6105 = AXIS2_PLACEMENT_3D('',#6106,#6107,#6108);
#6106 = CARTESIAN_POINT('',(-10.,-10.,-4.5));
#6107 = DIRECTION('',(0.,0.,1.));
#6108 = DIRECTION('',(1.,0.,-0.));
#6109 = DEFINITIONAL_REPRESENTATION('',(#6110),#6118);
#6110 = ( BOUNDED_CURVE() B_SPLINE_CURVE(2,(#6111,#6112,#6113,#6114,
#6115,#6116,#6117),.UNSPECIFIED.,.T.,.F.) B_SPLINE_CURVE_WITH_KNOTS((1,2
    ,2,2,2,1),(-2.094395102393,0.,2.094395102393,4.188790204786,
6.28318530718,8.377580409573),.UNSPECIFIED.) CURVE() 
GEOMETRIC_REPRESENTATION_ITEM() RATIONAL_B_SPLINE_CURVE((1.,0.5,1.,0.5,
1.,0.5,1.)) REPRESENTATION_ITEM('') );
#6111 = CARTESIAN_POINT('',(10.,7.00000005));
#6112 = CARTESIAN_POINT('',(4.803847577293,7.00000005));
#6113 = CARTESIAN_POINT('',(7.401923788647,11.50000005));
#6114 = CARTESIAN_POINT('',(10.,16.00000005));
#6115 = CARTESIAN_POINT('',(12.598076211353,11.50000005));
#6116 = CARTESIAN_POINT('',(15.196152422707,7.00000005));
#6117 = CARTESIAN_POINT('',(10.,7.00000005));
#6118 = ( GEOMETRIC_REPRESENTATION_CONTEXT(2) 
PARAMETRIC_REPRESENTATION_CONTEXT() REPRESENTATION_CONTEXT('2D SPACE',''
  ) );
#6119 = ORIENTED_EDGE('',*,*,#6120,.F.);
#6120 = EDGE_CURVE('',#6121,#6088,#6123,.T.);
#6121 = VERTEX_POINT('',#6122);
#6122 = CARTESIAN_POINT('',(2.40709540008,-0.273171406538,-4.5000001757)
  );
#6123 = SURFACE_CURVE('',#6124,(#6252,#6383),.PCURVE_S1.);
#6124 = B_SPLINE_CURVE_WITH_KNOTS('',3,(#6125,#6126,#6127,#6128,#6129,
    #6130,#6131,#6132,#6133,#6134,#6135,#6136,#6137,#6138,#6139,#6140,
    #6141,#6142,#6143,#6144,#6145,#6146,#6147,#6148,#6149,#6150,#6151,
    #6152,#6153,#6154,#6155,#6156,#6157,#6158,#6159,#6160,#6161,#6162,
    #6163,#6164,#6165,#6166,#6167,#6168,#6169,#6170,#6171,#6172,#6173,
    #6174,#6175,#6176,#6177,#6178,#6179,#6180,#6181,#6182,#6183,#6184,
    #6185,#6186,#6187,#6188,#6189,#6190,#6191,#6192,#6193,#6194,#6195,
    #6196,#6197,#6198,#6199,#6200,#6201,#6202,#6203,#6204,#6205,#6206,
    #6207,#6208,#6209,#6210,#6211,#6212,#6213,#6214,#6215,#6216,#6217,
    #6218,#6219,#6220,#6221,#6222,#6223,#6224,#6225,#6226,#6227,#6228,
    #6229,#6230,#6231,#6232,#6233,#6234,#6235,#6236,#6237,#6238,#6239,
    #6240,#6241,#6242,#6243,#6244,#6245,#6246,#6247,#6248,#6249,#6250,
    #6251),.UNSPECIFIED.,.F.,.F.,(4,1,1,1,1,1,1,1,1,1,1,1,1,1,1,1,1,1,1,
    1,1,1,1,1,1,1,1,1,1,1,1,1,1,1,1,1,1,1,1,1,1,1,1,1,1,1,1,1,1,1,1,1,1,
    1,1,1,1,1,1,1,1,1,1,1,1,1,1,1,1,1,1,1,1,1,1,1,1,1,1,1,1,1,1,1,1,1,1,
    1,1,1,1,1,1,1,1,1,1,1,1,1,1,1,1,1,1,1,1,1,1,1,1,1,1,1,1,1,1,1,1,1,1,
    1,1,1,4),(0.,3.825348486101E-02,5.430853348674E-02,
    6.675617629157E-02,7.735884378815E-02,8.679755798888E-02,
    9.542083346997E-02,0.103435317105,0.110975441185,0.118134466631,
    0.124980232214,0.131563916605,0.137925263337,0.144095870271,
    0.150101352936,0.155962819326,0.16169790603,0.167321525098,
    0.172846414439,0.178283551377,0.18364246875,0.188931500289,
    0.194157973749,0.199328364902,0.20444842177,0.209523265982,
    0.214557476318,0.219555158251,0.224520002363,0.229455333832,
    0.234364154694,0.239249180184,0.244112870201,0.248957456702,
    0.253784967687,0.258597248282,0.263395979354,0.268182693996,
    0.272958792175,0.27772555377,0.282484150212,0.287235654883,
    0.291981052431,0.296721247119,0.301457070315,0.306189287223,
    0.310919293077,0.315655371856,0.320399980632,0.32515309033,
    0.329914691623,0.33468478033,0.339463354215,0.344250411941,
    0.349045952647,0.353849975744,0.358662480811,0.363483467539,
    0.368312935692,0.373150885086,0.377997315577,0.382852227048,
    0.387715619403,0.392587492562,0.397467846459,0.402356681039,
    0.407253996253,0.41215979206,0.417074068425,0.421996825315,
    0.426928062704,0.431867780568,0.436815978885,0.441772657636,
    0.446737816804,0.451711456374,0.456693576332,0.461684176666,
    0.466683257364,0.471690818415,0.476706859811,0.481731381543,
    0.486764383603,0.491805865984,0.496855828678,0.50191427168,
    0.506981194984,0.512056598584,0.517140482477,0.522232846656,
    0.527333691118,0.532443015859,0.537560820874,0.542687106161,
    0.547821871717,0.552965117537,0.55811684362,0.563277049962,
    0.56844573656,0.573622903413,0.578808550518,0.584002677873,
    0.589205285476,0.594416373325,0.599635941417,0.604863989752,
    0.610100518327,0.615345527141,0.620599016193,0.62586098548,
    0.631131435002,0.636410364758,0.641697774745,0.646993664963,
    0.652298035411,0.657610886087,0.66293221699,0.668262028121,
    0.673600319476,0.678947091057,0.684302342861,0.689666074887,
    0.695038287136,0.700418979606,0.700983298363),.UNSPECIFIED.);
#6125 = CARTESIAN_POINT('',(2.398858758228,-0.307601816171,-4.5000003514
    ));
#6126 = CARTESIAN_POINT('',(2.400473376204,-0.294889439011,-4.5000003514
    ));
#6127 = CARTESIAN_POINT('',(2.404905025014,-0.277188073715,-4.5000003514
    ));
#6128 = CARTESIAN_POINT('',(2.413733611329,-0.256727689435,-4.5000003514
    ));
#6129 = CARTESIAN_POINT('',(2.419902949322,-0.24523127297,-4.5000003514)
  );
#6130 = CARTESIAN_POINT('',(2.425665406254,-0.236053775823,-4.5000003514
    ));
#6131 = CARTESIAN_POINT('',(2.431215460259,-0.228270137359,-4.5000003514
    ));
#6132 = CARTESIAN_POINT('',(2.436628009395,-0.221464241233,-4.5000003514
    ));
#6133 = CARTESIAN_POINT('',(2.44194190738,-0.215401232487,-4.5000003514)
  );
#6134 = CARTESIAN_POINT('',(2.447180489151,-0.209931760145,-4.5000003514
    ));
#6135 = CARTESIAN_POINT('',(2.452359151742,-0.204953326374,-4.5000003514
    ));
#6136 = CARTESIAN_POINT('',(2.457488714494,-0.20039171859,-4.5000003514)
  );
#6137 = CARTESIAN_POINT('',(2.462577141099,-0.196191006823,-4.5000003514
    ));
#6138 = CARTESIAN_POINT('',(2.46763050296,-0.192307700067,-4.5000003514)
  );
#6139 = CARTESIAN_POINT('',(2.472653558989,-0.188707115761,-4.5000003514
    ));
#6140 = CARTESIAN_POINT('',(2.477650123713,-0.185361012939,-4.5000003514
    ));
#6141 = CARTESIAN_POINT('',(2.482623311579,-0.182245987969,-4.5000003514
    ));
#6142 = CARTESIAN_POINT('',(2.487575705003,-0.179342351722,-4.5000003514
    ));
#6143 = CARTESIAN_POINT('',(2.492509473493,-0.176633322273,-4.5000003514
    ));
#6144 = CARTESIAN_POINT('',(2.497426460263,-0.174104431068,-4.5000003514
    ));
#6145 = CARTESIAN_POINT('',(2.502328246614,-0.171743077464,-4.5000003514
    ));
#6146 = CARTESIAN_POINT('',(2.507216200698,-0.169538188881,-4.5000003514
    ));
#6147 = CARTESIAN_POINT('',(2.512091515074,-0.167479957611,-4.5000003514
    ));
#6148 = CARTESIAN_POINT('',(2.516955236059,-0.165559634363,-4.5000003514
    ));
#6149 = CARTESIAN_POINT('',(2.521808286979,-0.163769364379,-4.5000003514
    ));
#6150 = CARTESIAN_POINT('',(2.526651486789,-0.162102055972,-4.5000003514
    ));
#6151 = CARTESIAN_POINT('',(2.531485565161,-0.160551274062,-4.5000003514
    ));
#6152 = CARTESIAN_POINT('',(2.536311174822,-0.159111153145,-4.5000003514
    ));
#6153 = CARTESIAN_POINT('',(2.541128901737,-0.15777632557,-4.5000003514)
  );
#6154 = CARTESIAN_POINT('',(2.545939273582,-0.156541861916,-4.5000003514
    ));
#6155 = CARTESIAN_POINT('',(2.550742766855,-0.155403221033,-4.5000003514
    ));
#6156 = CARTESIAN_POINT('',(2.555539812884,-0.154356207862,-4.5000003514
    ));
#6157 = CARTESIAN_POINT('',(2.560330802941,-0.153396937524,-4.5000003514
    ));
#6158 = CARTESIAN_POINT('',(2.565116092624,-0.152521804525,-4.5000003514
    ));
#6159 = CARTESIAN_POINT('',(2.569896005633,-0.151727456148,-4.5000003514
    ));
#6160 = CARTESIAN_POINT('',(2.574670837052,-0.151010769292,-4.5000003514
    ));
#6161 = CARTESIAN_POINT('',(2.5794408562,-0.15036883015,-4.5000003514));
#6162 = CARTESIAN_POINT('',(2.584206309142,-0.149798916415,-4.5000003514
    ));
#6163 = CARTESIAN_POINT('',(2.588967420892,-0.149298480946,-4.5000003514
    ));
#6164 = CARTESIAN_POINT('',(2.593724397366,-0.148865139234,-4.5000003514
    ));
#6165 = CARTESIAN_POINT('',(2.598477427119,-0.148496650516,-4.5000003514
    ));
#6166 = CARTESIAN_POINT('',(2.603226682869,-0.148190929247,-4.5000003514
    ));
#6167 = CARTESIAN_POINT('',(2.607972322958,-0.147945949328,-4.5000003514
    ));
#6168 = CARTESIAN_POINT('',(2.612714492298,-0.147760052683,-4.5000003514
    ));
#6169 = CARTESIAN_POINT('',(2.617453324569,-0.147630756141,-4.5000003514
    ));
#6170 = CARTESIAN_POINT('',(2.622188939178,-0.147559157315,-4.5000003514
    ));
#6171 = CARTESIAN_POINT('',(2.626921687293,-0.147533475928,-4.5000003514
    ));
#6172 = CARTESIAN_POINT('',(2.631654410868,-0.147590423197,-4.5000003514
    ));
#6173 = CARTESIAN_POINT('',(2.63639117987,-0.147504134378,-4.5000003514)
  );
#6174 = CARTESIAN_POINT('',(2.641132410846,-0.147319876847,-4.5000003514
    ));
#6175 = CARTESIAN_POINT('',(2.645878223468,-0.14705267775,-4.5000003514)
  );
#6176 = CARTESIAN_POINT('',(2.65062789595,-0.146713701962,-4.5000003514)
  );
#6177 = CARTESIAN_POINT('',(2.65538100317,-0.146309997884,-4.5000003514)
  );
#6178 = CARTESIAN_POINT('',(2.660137198936,-0.145846934234,-4.5000003514
    ));
#6179 = CARTESIAN_POINT('',(2.664896212147,-0.14532862508,-4.5000003514)
  );
#6180 = CARTESIAN_POINT('',(2.669657815332,-0.144758387771,-4.5000003514
    ));
#6181 = CARTESIAN_POINT('',(2.674421814168,-0.14413895524,-4.5000003514)
  );
#6182 = CARTESIAN_POINT('',(2.679188038391,-0.14347263026,-4.5000003514)
  );
#6183 = CARTESIAN_POINT('',(2.683956336329,-0.142761384626,-4.5000003514
    ));
#6184 = CARTESIAN_POINT('',(2.688726570875,-0.142006930205,-4.5000003514
    ));
#6185 = CARTESIAN_POINT('',(2.693498616622,-0.1412107701,-4.5000003514)
  );
#6186 = CARTESIAN_POINT('',(2.698272357714,-0.140374236893,-4.5000003514
    ));
#6187 = CARTESIAN_POINT('',(2.703047686205,-0.139498521766,-4.5000003514
    ));
#6188 = CARTESIAN_POINT('',(2.707824500796,-0.138584697154,-4.5000003514
    ));
#6189 = CARTESIAN_POINT('',(2.712602705822,-0.137633734638,-4.5000003514
    ));
#6190 = CARTESIAN_POINT('',(2.717382210448,-0.136646519313,-4.5000003514
    ));
#6191 = CARTESIAN_POINT('',(2.722162928017,-0.135623861453,-4.5000003514
    ));
#6192 = CARTESIAN_POINT('',(2.726944775509,-0.134566506111,-4.5000003514
    ));
#6193 = CARTESIAN_POINT('',(2.731727673091,-0.133475141079,-4.5000003514
    ));
#6194 = CARTESIAN_POINT('',(2.736511543748,-0.132350403578,-4.5000003514
    ));
#6195 = CARTESIAN_POINT('',(2.741296312961,-0.131192885898,-4.5000003514
    ));
#6196 = CARTESIAN_POINT('',(2.746081908441,-0.13000314021,-4.5000003514)
  );
#6197 = CARTESIAN_POINT('',(2.750868259895,-0.128781682694,-4.5000003514
    ));
#6198 = CARTESIAN_POINT('',(2.755655298826,-0.127528997097,-4.5000003514
    ));
#6199 = CARTESIAN_POINT('',(2.760442958363,-0.126245537829,-4.5000003514
    ));
#6200 = CARTESIAN_POINT('',(2.765231173104,-0.124931732659,-4.5000003514
    ));
#6201 = CARTESIAN_POINT('',(2.770019878991,-0.123587985088,-4.5000003514
    ));
#6202 = CARTESIAN_POINT('',(2.774809013184,-0.122214676432,-4.5000003514
    ));
#6203 = CARTESIAN_POINT('',(2.779598513965,-0.120812167673,-4.5000003514
    ));
#6204 = CARTESIAN_POINT('',(2.784388320641,-0.119380801101,-4.5000003514
    ));
#6205 = CARTESIAN_POINT('',(2.789178373465,-0.117920901779,-4.5000003514
    ));
#6206 = CARTESIAN_POINT('',(2.793968613561,-0.116432778858,-4.5000003514
    ));
#6207 = CARTESIAN_POINT('',(2.798758982859,-0.114916726752,-4.5000003514
    ));
#6208 = CARTESIAN_POINT('',(2.803549424034,-0.113373026202,-4.5000003514
    ));
#6209 = CARTESIAN_POINT('',(2.808339880455,-0.111801945236,-4.5000003514
    ));
#6210 = CARTESIAN_POINT('',(2.813130296134,-0.110203740041,-4.5000003514
    ));
#6211 = CARTESIAN_POINT('',(2.81792061568,-0.108578655749,-4.5000003514)
  );
#6212 = CARTESIAN_POINT('',(2.822710784266,-0.106926927163,-4.5000003514
    ));
#6213 = CARTESIAN_POINT('',(2.827500747584,-0.10524877941,-4.5000003514)
  );
#6214 = CARTESIAN_POINT('',(2.832290451817,-0.103544428546,-4.5000003514
    ));
#6215 = CARTESIAN_POINT('',(2.837079843604,-0.101814082107,-4.5000003514
    ));
#6216 = CARTESIAN_POINT('',(2.841868870017,-0.100057939616,-4.5000003514
    ));
#6217 = CARTESIAN_POINT('',(2.84665747853,-9.827619305095E-02,
    -4.5000003514));
#6218 = CARTESIAN_POINT('',(2.851445616998,-9.646902727426E-02,
    -4.5000003514));
#6219 = CARTESIAN_POINT('',(2.856233233632,-9.463662043289E-02,
    -4.5000003514));
#6220 = CARTESIAN_POINT('',(2.861020276984,-9.277914432601E-02,
    -4.5000003514));
#6221 = CARTESIAN_POINT('',(2.86580669592,-9.089676474694E-02,
    -4.5000003514));
#6222 = CARTESIAN_POINT('',(2.87059243961,-8.898964180062E-02,
    -4.5000003514));
#6223 = CARTESIAN_POINT('',(2.875377457508,-8.705793019887E-02,
    -4.5000003514));
#6224 = CARTESIAN_POINT('',(2.880161699336,-8.510177953531E-02,
    -4.5000003514));
#6225 = CARTESIAN_POINT('',(2.884945115072,-8.312133454173E-02,
    -4.5000003514));
#6226 = CARTESIAN_POINT('',(2.889727654936,-8.111673532767E-02,
    -4.5000003514));
#6227 = CARTESIAN_POINT('',(2.894509269377,-7.908811760416E-02,
    -4.5000003514));
#6228 = CARTESIAN_POINT('',(2.899289909063,-7.703561289355E-02,
    -4.5000003514));
#6229 = CARTESIAN_POINT('',(2.904069524868,-7.49593487259E-02,
    -4.5000003514));
#6230 = CARTESIAN_POINT('',(2.908848067863,-7.285944882307E-02,
    -4.5000003514));
#6231 = CARTESIAN_POINT('',(2.913625489307,-7.073603327275E-02,
    -4.5000003514));
#6232 = CARTESIAN_POINT('',(2.918401740639,-6.858921868983E-02,
    -4.5000003514));
#6233 = CARTESIAN_POINT('',(2.923176773464,-6.641911837167E-02,
    -4.5000003514));
#6234 = CARTESIAN_POINT('',(2.927950539555,-6.422584244083E-02,
    -4.5000003514));
#6235 = CARTESIAN_POINT('',(2.932722990835,-6.200949798229E-02,
    -4.5000003514));
#6236 = CARTESIAN_POINT('',(2.937494079378,-5.977018917183E-02,
    -4.5000003514));
#6237 = CARTESIAN_POINT('',(2.942263757398,-5.75080173975E-02,
    -4.5000003514));
#6238 = CARTESIAN_POINT('',(2.947031977244,-5.522308137473E-02,
    -4.5000003514));
#6239 = CARTESIAN_POINT('',(2.951798691395,-5.291547725488E-02,
    -4.5000003514));
#6240 = CARTESIAN_POINT('',(2.956563852454,-5.058529872906E-02,
    -4.5000003514));
#6241 = CARTESIAN_POINT('',(2.961327413139,-4.82326371235E-02,
    -4.5000003514));
#6242 = CARTESIAN_POINT('',(2.966089326288,-4.585758149948E-02,
    -4.5000003514));
#6243 = CARTESIAN_POINT('',(2.970849544838,-4.346021872339E-02,
    -4.5000003514));
#6244 = CARTESIAN_POINT('',(2.975608021841,-4.10406335794E-02,
    -4.5000003514));
#6245 = CARTESIAN_POINT('',(2.980364710442,-3.859890882073E-02,
    -4.5000003514));
#6246 = CARTESIAN_POINT('',(2.985119563882,-3.613512526053E-02,
    -4.5000003514));
#6247 = CARTESIAN_POINT('',(2.989872535498,-3.364936184131E-02,
    -4.5000003514));
#6248 = CARTESIAN_POINT('',(2.994623578713,-3.114169570119E-02,
    -4.5000003514));
#6249 = CARTESIAN_POINT('',(2.997953154339,-2.936826579874E-02,
    -4.5000003514));
#6250 = CARTESIAN_POINT('',(2.999700272577,-2.843306518461E-02,
    -4.5000003514));
#6251 = CARTESIAN_POINT('',(2.999866097021,-2.834426060447E-02,
    -4.5000003514));
#6252 = PCURVE('',#156,#6253);
#6253 = DEFINITIONAL_REPRESENTATION('',(#6254),#6382);
#6254 = B_SPLINE_CURVE_WITH_KNOTS('',3,(#6255,#6256,#6257,#6258,#6259,
    #6260,#6261,#6262,#6263,#6264,#6265,#6266,#6267,#6268,#6269,#6270,
    #6271,#6272,#6273,#6274,#6275,#6276,#6277,#6278,#6279,#6280,#6281,
    #6282,#6283,#6284,#6285,#6286,#6287,#6288,#6289,#6290,#6291,#6292,
    #6293,#6294,#6295,#6296,#6297,#6298,#6299,#6300,#6301,#6302,#6303,
    #6304,#6305,#6306,#6307,#6308,#6309,#6310,#6311,#6312,#6313,#6314,
    #6315,#6316,#6317,#6318,#6319,#6320,#6321,#6322,#6323,#6324,#6325,
    #6326,#6327,#6328,#6329,#6330,#6331,#6332,#6333,#6334,#6335,#6336,
    #6337,#6338,#6339,#6340,#6341,#6342,#6343,#6344,#6345,#6346,#6347,
    #6348,#6349,#6350,#6351,#6352,#6353,#6354,#6355,#6356,#6357,#6358,
    #6359,#6360,#6361,#6362,#6363,#6364,#6365,#6366,#6367,#6368,#6369,
    #6370,#6371,#6372,#6373,#6374,#6375,#6376,#6377,#6378,#6379,#6380,
    #6381),.UNSPECIFIED.,.F.,.F.,(4,1,1,1,1,1,1,1,1,1,1,1,1,1,1,1,1,1,1,
    1,1,1,1,1,1,1,1,1,1,1,1,1,1,1,1,1,1,1,1,1,1,1,1,1,1,1,1,1,1,1,1,1,1,
    1,1,1,1,1,1,1,1,1,1,1,1,1,1,1,1,1,1,1,1,1,1,1,1,1,1,1,1,1,1,1,1,1,1,
    1,1,1,1,1,1,1,1,1,1,1,1,1,1,1,1,1,1,1,1,1,1,1,1,1,1,1,1,1,1,1,1,1,1,
    1,1,1,4),(0.,3.825348486101E-02,5.430853348674E-02,
    6.675617629157E-02,7.735884378815E-02,8.679755798888E-02,
    9.542083346997E-02,0.103435317105,0.110975441185,0.118134466631,
    0.124980232214,0.131563916605,0.137925263337,0.144095870271,
    0.150101352936,0.155962819326,0.16169790603,0.167321525098,
    0.172846414439,0.178283551377,0.18364246875,0.188931500289,
    0.194157973749,0.199328364902,0.20444842177,0.209523265982,
    0.214557476318,0.219555158251,0.224520002363,0.229455333832,
    0.234364154694,0.239249180184,0.244112870201,0.248957456702,
    0.253784967687,0.258597248282,0.263395979354,0.268182693996,
    0.272958792175,0.27772555377,0.282484150212,0.287235654883,
    0.291981052431,0.296721247119,0.301457070315,0.306189287223,
    0.310919293077,0.315655371856,0.320399980632,0.32515309033,
    0.329914691623,0.33468478033,0.339463354215,0.344250411941,
    0.349045952647,0.353849975744,0.358662480811,0.363483467539,
    0.368312935692,0.373150885086,0.377997315577,0.382852227048,
    0.387715619403,0.392587492562,0.397467846459,0.402356681039,
    0.407253996253,0.41215979206,0.417074068425,0.421996825315,
    0.426928062704,0.431867780568,0.436815978885,0.441772657636,
    0.446737816804,0.451711456374,0.456693576332,0.461684176666,
    0.466683257364,0.471690818415,0.476706859811,0.481731381543,
    0.486764383603,0.491805865984,0.496855828678,0.50191427168,
    0.506981194984,0.512056598584,0.517140482477,0.522232846656,
    0.527333691118,0.532443015859,0.537560820874,0.542687106161,
    0.547821871717,0.552965117537,0.55811684362,0.563277049962,
    0.56844573656,0.573622903413,0.578808550518,0.584002677873,
    0.589205285476,0.594416373325,0.599635941417,0.604863989752,
    0.610100518327,0.615345527141,0.620599016193,0.62586098548,
    0.631131435002,0.636410364758,0.641697774745,0.646993664963,
    0.652298035411,0.657610886087,0.66293221699,0.668262028121,
    0.673600319476,0.678947091057,0.684302342861,0.689666074887,
    0.695038287136,0.700418979606,0.700983298363),.UNSPECIFIED.);
#6255 = CARTESIAN_POINT('',(0.307601866171,-2.398858758228));
#6256 = CARTESIAN_POINT('',(0.294889489011,-2.400473376204));
#6257 = CARTESIAN_POINT('',(0.277188123715,-2.404905025014));
#6258 = CARTESIAN_POINT('',(0.256727739435,-2.413733611329));
#6259 = CARTESIAN_POINT('',(0.24523132297,-2.419902949322));
#6260 = CARTESIAN_POINT('',(0.236053825823,-2.425665406254));
#6261 = CARTESIAN_POINT('',(0.228270187359,-2.431215460259));
#6262 = CARTESIAN_POINT('',(0.221464291233,-2.436628009395));
#6263 = CARTESIAN_POINT('',(0.215401282487,-2.44194190738));
#6264 = CARTESIAN_POINT('',(0.209931810145,-2.447180489151));
#6265 = CARTESIAN_POINT('',(0.204953376374,-2.452359151742));
#6266 = CARTESIAN_POINT('',(0.20039176859,-2.457488714494));
#6267 = CARTESIAN_POINT('',(0.196191056823,-2.462577141099));
#6268 = CARTESIAN_POINT('',(0.192307750067,-2.46763050296));
#6269 = CARTESIAN_POINT('',(0.188707165761,-2.472653558989));
#6270 = CARTESIAN_POINT('',(0.185361062939,-2.477650123713));
#6271 = CARTESIAN_POINT('',(0.182246037969,-2.482623311579));
#6272 = CARTESIAN_POINT('',(0.179342401722,-2.487575705003));
#6273 = CARTESIAN_POINT('',(0.176633372273,-2.492509473493));
#6274 = CARTESIAN_POINT('',(0.174104481068,-2.497426460263));
#6275 = CARTESIAN_POINT('',(0.171743127464,-2.502328246614));
#6276 = CARTESIAN_POINT('',(0.169538238881,-2.507216200698));
#6277 = CARTESIAN_POINT('',(0.167480007611,-2.512091515074));
#6278 = CARTESIAN_POINT('',(0.165559684363,-2.516955236059));
#6279 = CARTESIAN_POINT('',(0.163769414379,-2.521808286979));
#6280 = CARTESIAN_POINT('',(0.162102105972,-2.526651486789));
#6281 = CARTESIAN_POINT('',(0.160551324062,-2.531485565161));
#6282 = CARTESIAN_POINT('',(0.159111203145,-2.536311174822));
#6283 = CARTESIAN_POINT('',(0.15777637557,-2.541128901737));
#6284 = CARTESIAN_POINT('',(0.156541911916,-2.545939273582));
#6285 = CARTESIAN_POINT('',(0.155403271033,-2.550742766855));
#6286 = CARTESIAN_POINT('',(0.154356257862,-2.555539812884));
#6287 = CARTESIAN_POINT('',(0.153396987524,-2.560330802941));
#6288 = CARTESIAN_POINT('',(0.152521854525,-2.565116092624));
#6289 = CARTESIAN_POINT('',(0.151727506148,-2.569896005633));
#6290 = CARTESIAN_POINT('',(0.151010819292,-2.574670837052));
#6291 = CARTESIAN_POINT('',(0.15036888015,-2.5794408562));
#6292 = CARTESIAN_POINT('',(0.149798966415,-2.584206309142));
#6293 = CARTESIAN_POINT('',(0.149298530946,-2.588967420892));
#6294 = CARTESIAN_POINT('',(0.148865189234,-2.593724397366));
#6295 = CARTESIAN_POINT('',(0.148496700516,-2.598477427119));
#6296 = CARTESIAN_POINT('',(0.148190979247,-2.603226682869));
#6297 = CARTESIAN_POINT('',(0.147945999328,-2.607972322958));
#6298 = CARTESIAN_POINT('',(0.147760102683,-2.612714492298));
#6299 = CARTESIAN_POINT('',(0.147630806141,-2.617453324569));
#6300 = CARTESIAN_POINT('',(0.147559207315,-2.622188939178));
#6301 = CARTESIAN_POINT('',(0.147533525928,-2.626921687293));
#6302 = CARTESIAN_POINT('',(0.147590473197,-2.631654410868));
#6303 = CARTESIAN_POINT('',(0.147504184378,-2.63639117987));
#6304 = CARTESIAN_POINT('',(0.147319926847,-2.641132410846));
#6305 = CARTESIAN_POINT('',(0.14705272775,-2.645878223468));
#6306 = CARTESIAN_POINT('',(0.146713751962,-2.65062789595));
#6307 = CARTESIAN_POINT('',(0.146310047884,-2.65538100317));
#6308 = CARTESIAN_POINT('',(0.145846984234,-2.660137198936));
#6309 = CARTESIAN_POINT('',(0.14532867508,-2.664896212147));
#6310 = CARTESIAN_POINT('',(0.144758437771,-2.669657815332));
#6311 = CARTESIAN_POINT('',(0.14413900524,-2.674421814168));
#6312 = CARTESIAN_POINT('',(0.14347268026,-2.679188038391));
#6313 = CARTESIAN_POINT('',(0.142761434626,-2.683956336329));
#6314 = CARTESIAN_POINT('',(0.142006980205,-2.688726570875));
#6315 = CARTESIAN_POINT('',(0.1412108201,-2.693498616622));
#6316 = CARTESIAN_POINT('',(0.140374286893,-2.698272357714));
#6317 = CARTESIAN_POINT('',(0.139498571766,-2.703047686205));
#6318 = CARTESIAN_POINT('',(0.138584747154,-2.707824500796));
#6319 = CARTESIAN_POINT('',(0.137633784638,-2.712602705822));
#6320 = CARTESIAN_POINT('',(0.136646569313,-2.717382210448));
#6321 = CARTESIAN_POINT('',(0.135623911453,-2.722162928017));
#6322 = CARTESIAN_POINT('',(0.134566556111,-2.726944775509));
#6323 = CARTESIAN_POINT('',(0.133475191079,-2.731727673091));
#6324 = CARTESIAN_POINT('',(0.132350453578,-2.736511543748));
#6325 = CARTESIAN_POINT('',(0.131192935898,-2.741296312961));
#6326 = CARTESIAN_POINT('',(0.13000319021,-2.746081908441));
#6327 = CARTESIAN_POINT('',(0.128781732694,-2.750868259895));
#6328 = CARTESIAN_POINT('',(0.127529047097,-2.755655298826));
#6329 = CARTESIAN_POINT('',(0.126245587829,-2.760442958363));
#6330 = CARTESIAN_POINT('',(0.124931782659,-2.765231173104));
#6331 = CARTESIAN_POINT('',(0.123588035088,-2.770019878991));
#6332 = CARTESIAN_POINT('',(0.122214726432,-2.774809013184));
#6333 = CARTESIAN_POINT('',(0.120812217673,-2.779598513965));
#6334 = CARTESIAN_POINT('',(0.119380851101,-2.784388320641));
#6335 = CARTESIAN_POINT('',(0.117920951779,-2.789178373465));
#6336 = CARTESIAN_POINT('',(0.116432828858,-2.793968613561));
#6337 = CARTESIAN_POINT('',(0.114916776752,-2.798758982859));
#6338 = CARTESIAN_POINT('',(0.113373076202,-2.803549424034));
#6339 = CARTESIAN_POINT('',(0.111801995236,-2.808339880455));
#6340 = CARTESIAN_POINT('',(0.110203790041,-2.813130296134));
#6341 = CARTESIAN_POINT('',(0.108578705749,-2.81792061568));
#6342 = CARTESIAN_POINT('',(0.106926977163,-2.822710784266));
#6343 = CARTESIAN_POINT('',(0.10524882941,-2.827500747584));
#6344 = CARTESIAN_POINT('',(0.103544478546,-2.832290451817));
#6345 = CARTESIAN_POINT('',(0.101814132107,-2.837079843604));
#6346 = CARTESIAN_POINT('',(0.100057989616,-2.841868870017));
#6347 = CARTESIAN_POINT('',(9.827624305086E-02,-2.84665747853));
#6348 = CARTESIAN_POINT('',(9.646907727417E-02,-2.851445616998));
#6349 = CARTESIAN_POINT('',(9.46366704328E-02,-2.856233233632));
#6350 = CARTESIAN_POINT('',(9.277919432592E-02,-2.861020276984));
#6351 = CARTESIAN_POINT('',(9.089681474685E-02,-2.86580669592));
#6352 = CARTESIAN_POINT('',(8.898969180053E-02,-2.87059243961));
#6353 = CARTESIAN_POINT('',(8.705798019878E-02,-2.875377457508));
#6354 = CARTESIAN_POINT('',(8.510182953522E-02,-2.880161699336));
#6355 = CARTESIAN_POINT('',(8.312138454164E-02,-2.884945115072));
#6356 = CARTESIAN_POINT('',(8.111678532758E-02,-2.889727654936));
#6357 = CARTESIAN_POINT('',(7.908816760407E-02,-2.894509269377));
#6358 = CARTESIAN_POINT('',(7.703566289346E-02,-2.899289909063));
#6359 = CARTESIAN_POINT('',(7.495939872581E-02,-2.904069524868));
#6360 = CARTESIAN_POINT('',(7.285949882298E-02,-2.908848067863));
#6361 = CARTESIAN_POINT('',(7.073608327266E-02,-2.913625489307));
#6362 = CARTESIAN_POINT('',(6.858926868974E-02,-2.918401740639));
#6363 = CARTESIAN_POINT('',(6.641916837158E-02,-2.923176773464));
#6364 = CARTESIAN_POINT('',(6.422589244074E-02,-2.927950539555));
#6365 = CARTESIAN_POINT('',(6.20095479822E-02,-2.932722990835));
#6366 = CARTESIAN_POINT('',(5.977023917174E-02,-2.937494079378));
#6367 = CARTESIAN_POINT('',(5.750806739741E-02,-2.942263757398));
#6368 = CARTESIAN_POINT('',(5.522313137464E-02,-2.947031977244));
#6369 = CARTESIAN_POINT('',(5.291552725479E-02,-2.951798691395));
#6370 = CARTESIAN_POINT('',(5.058534872897E-02,-2.956563852454));
#6371 = CARTESIAN_POINT('',(4.823268712341E-02,-2.961327413139));
#6372 = CARTESIAN_POINT('',(4.585763149939E-02,-2.966089326288));
#6373 = CARTESIAN_POINT('',(4.34602687233E-02,-2.970849544838));
#6374 = CARTESIAN_POINT('',(4.104068357931E-02,-2.975608021841));
#6375 = CARTESIAN_POINT('',(3.859895882064E-02,-2.980364710442));
#6376 = CARTESIAN_POINT('',(3.613517526044E-02,-2.985119563882));
#6377 = CARTESIAN_POINT('',(3.364941184122E-02,-2.989872535498));
#6378 = CARTESIAN_POINT('',(3.11417457011E-02,-2.994623578713));
#6379 = CARTESIAN_POINT('',(2.936831579866E-02,-2.997953154339));
#6380 = CARTESIAN_POINT('',(2.843311518452E-02,-2.999700272576));
#6381 = CARTESIAN_POINT('',(2.834431060438E-02,-2.999866097021));
#6382 = ( GEOMETRIC_REPRESENTATION_CONTEXT(2) 
PARAMETRIC_REPRESENTATION_CONTEXT() REPRESENTATION_CONTEXT('2D SPACE',''
  ) );
#6383 = PCURVE('',#6104,#6384);
#6384 = DEFINITIONAL_REPRESENTATION('',(#6385),#6513);
#6385 = B_SPLINE_CURVE_WITH_KNOTS('',3,(#6386,#6387,#6388,#6389,#6390,
    #6391,#6392,#6393,#6394,#6395,#6396,#6397,#6398,#6399,#6400,#6401,
    #6402,#6403,#6404,#6405,#6406,#6407,#6408,#6409,#6410,#6411,#6412,
    #6413,#6414,#6415,#6416,#6417,#6418,#6419,#6420,#6421,#6422,#6423,
    #6424,#6425,#6426,#6427,#6428,#6429,#6430,#6431,#6432,#6433,#6434,
    #6435,#6436,#6437,#6438,#6439,#6440,#6441,#6442,#6443,#6444,#6445,
    #6446,#6447,#6448,#6449,#6450,#6451,#6452,#6453,#6454,#6455,#6456,
    #6457,#6458,#6459,#6460,#6461,#6462,#6463,#6464,#6465,#6466,#6467,
    #6468,#6469,#6470,#6471,#6472,#6473,#6474,#6475,#6476,#6477,#6478,
    #6479,#6480,#6481,#6482,#6483,#6484,#6485,#6486,#6487,#6488,#6489,
    #6490,#6491,#6492,#6493,#6494,#6495,#6496,#6497,#6498,#6499,#6500,
    #6501,#6502,#6503,#6504,#6505,#6506,#6507,#6508,#6509,#6510,#6511,
    #6512),.UNSPECIFIED.,.F.,.F.,(4,1,1,1,1,1,1,1,1,1,1,1,1,1,1,1,1,1,1,
    1,1,1,1,1,1,1,1,1,1,1,1,1,1,1,1,1,1,1,1,1,1,1,1,1,1,1,1,1,1,1,1,1,1,
    1,1,1,1,1,1,1,1,1,1,1,1,1,1,1,1,1,1,1,1,1,1,1,1,1,1,1,1,1,1,1,1,1,1,
    1,1,1,1,1,1,1,1,1,1,1,1,1,1,1,1,1,1,1,1,1,1,1,1,1,1,1,1,1,1,1,1,1,1,
    1,1,1,4),(0.,3.825348486101E-02,5.430853348674E-02,
    6.675617629157E-02,7.735884378815E-02,8.679755798888E-02,
    9.542083346997E-02,0.103435317105,0.110975441185,0.118134466631,
    0.124980232214,0.131563916605,0.137925263337,0.144095870271,
    0.150101352936,0.155962819326,0.16169790603,0.167321525098,
    0.172846414439,0.178283551377,0.18364246875,0.188931500289,
    0.194157973749,0.199328364902,0.20444842177,0.209523265982,
    0.214557476318,0.219555158251,0.224520002363,0.229455333832,
    0.234364154694,0.239249180184,0.244112870201,0.248957456702,
    0.253784967687,0.258597248282,0.263395979354,0.268182693996,
    0.272958792175,0.27772555377,0.282484150212,0.287235654883,
    0.291981052431,0.296721247119,0.301457070315,0.306189287223,
    0.310919293077,0.315655371856,0.320399980632,0.32515309033,
    0.329914691623,0.33468478033,0.339463354215,0.344250411941,
    0.349045952647,0.353849975744,0.358662480811,0.363483467539,
    0.368312935692,0.373150885086,0.377997315577,0.382852227048,
    0.387715619403,0.392587492562,0.397467846459,0.402356681039,
    0.407253996253,0.41215979206,0.417074068425,0.421996825315,
    0.426928062704,0.431867780568,0.436815978885,0.441772657636,
    0.446737816804,0.451711456374,0.456693576332,0.461684176666,
    0.466683257364,0.471690818415,0.476706859811,0.481731381543,
    0.486764383603,0.491805865984,0.496855828678,0.50191427168,
    0.506981194984,0.512056598584,0.517140482477,0.522232846656,
    0.527333691118,0.532443015859,0.537560820874,0.542687106161,
    0.547821871717,0.552965117537,0.55811684362,0.563277049962,
    0.56844573656,0.573622903413,0.578808550518,0.584002677873,
    0.589205285476,0.594416373325,0.599635941417,0.604863989752,
    0.610100518327,0.615345527141,0.620599016193,0.62586098548,
    0.631131435002,0.636410364758,0.641697774745,0.646993664963,
    0.652298035411,0.657610886087,0.66293221699,0.668262028121,
    0.673600319476,0.678947091057,0.684302342861,0.689666074887,
    0.695038287136,0.700418979606,0.700983298363),.UNSPECIFIED.);
#6386 = CARTESIAN_POINT('',(12.398858758228,9.692398183829));
#6387 = CARTESIAN_POINT('',(12.400473376204,9.705110560989));
#6388 = CARTESIAN_POINT('',(12.404905025014,9.722811926285));
#6389 = CARTESIAN_POINT('',(12.413733611329,9.743272310565));
#6390 = CARTESIAN_POINT('',(12.419902949322,9.75476872703));
#6391 = CARTESIAN_POINT('',(12.425665406254,9.763946224177));
#6392 = CARTESIAN_POINT('',(12.431215460259,9.771729862641));
#6393 = CARTESIAN_POINT('',(12.436628009395,9.778535758767));
#6394 = CARTESIAN_POINT('',(12.44194190738,9.784598767513));
#6395 = CARTESIAN_POINT('',(12.447180489151,9.790068239855));
#6396 = CARTESIAN_POINT('',(12.452359151742,9.795046673626));
#6397 = CARTESIAN_POINT('',(12.457488714494,9.79960828141));
#6398 = CARTESIAN_POINT('',(12.462577141099,9.803808993177));
#6399 = CARTESIAN_POINT('',(12.46763050296,9.807692299933));
#6400 = CARTESIAN_POINT('',(12.472653558989,9.811292884239));
#6401 = CARTESIAN_POINT('',(12.477650123713,9.814638987061));
#6402 = CARTESIAN_POINT('',(12.482623311579,9.817754012031));
#6403 = CARTESIAN_POINT('',(12.487575705003,9.820657648278));
#6404 = CARTESIAN_POINT('',(12.492509473493,9.823366677727));
#6405 = CARTESIAN_POINT('',(12.497426460263,9.825895568932));
#6406 = CARTESIAN_POINT('',(12.502328246614,9.828256922536));
#6407 = CARTESIAN_POINT('',(12.507216200698,9.830461811119));
#6408 = CARTESIAN_POINT('',(12.512091515074,9.832520042389));
#6409 = CARTESIAN_POINT('',(12.516955236059,9.834440365637));
#6410 = CARTESIAN_POINT('',(12.521808286979,9.836230635621));
#6411 = CARTESIAN_POINT('',(12.526651486789,9.837897944028));
#6412 = CARTESIAN_POINT('',(12.531485565161,9.839448725938));
#6413 = CARTESIAN_POINT('',(12.536311174822,9.840888846855));
#6414 = CARTESIAN_POINT('',(12.541128901737,9.84222367443));
#6415 = CARTESIAN_POINT('',(12.545939273582,9.843458138084));
#6416 = CARTESIAN_POINT('',(12.550742766855,9.844596778967));
#6417 = CARTESIAN_POINT('',(12.555539812884,9.845643792138));
#6418 = CARTESIAN_POINT('',(12.560330802941,9.846603062476));
#6419 = CARTESIAN_POINT('',(12.565116092624,9.847478195475));
#6420 = CARTESIAN_POINT('',(12.569896005633,9.848272543852));
#6421 = CARTESIAN_POINT('',(12.574670837052,9.848989230708));
#6422 = CARTESIAN_POINT('',(12.5794408562,9.84963116985));
#6423 = CARTESIAN_POINT('',(12.584206309142,9.850201083585));
#6424 = CARTESIAN_POINT('',(12.588967420892,9.850701519054));
#6425 = CARTESIAN_POINT('',(12.593724397366,9.851134860766));
#6426 = CARTESIAN_POINT('',(12.598477427119,9.851503349484));
#6427 = CARTESIAN_POINT('',(12.603226682869,9.851809070753));
#6428 = CARTESIAN_POINT('',(12.607972322958,9.852054050672));
#6429 = CARTESIAN_POINT('',(12.612714492298,9.852239947317));
#6430 = CARTESIAN_POINT('',(12.617453324569,9.852369243859));
#6431 = CARTESIAN_POINT('',(12.622188939178,9.852440842685));
#6432 = CARTESIAN_POINT('',(12.626921687293,9.852466524072));
#6433 = CARTESIAN_POINT('',(12.631654410868,9.852409576803));
#6434 = CARTESIAN_POINT('',(12.63639117987,9.852495865622));
#6435 = CARTESIAN_POINT('',(12.641132410846,9.852680123153));
#6436 = CARTESIAN_POINT('',(12.645878223468,9.85294732225));
#6437 = CARTESIAN_POINT('',(12.65062789595,9.853286298038));
#6438 = CARTESIAN_POINT('',(12.65538100317,9.853690002116));
#6439 = CARTESIAN_POINT('',(12.660137198936,9.854153065766));
#6440 = CARTESIAN_POINT('',(12.664896212147,9.85467137492));
#6441 = CARTESIAN_POINT('',(12.669657815332,9.855241612229));
#6442 = CARTESIAN_POINT('',(12.674421814168,9.85586104476));
#6443 = CARTESIAN_POINT('',(12.679188038391,9.85652736974));
#6444 = CARTESIAN_POINT('',(12.683956336329,9.857238615374));
#6445 = CARTESIAN_POINT('',(12.688726570875,9.857993069795));
#6446 = CARTESIAN_POINT('',(12.693498616622,9.8587892299));
#6447 = CARTESIAN_POINT('',(12.698272357714,9.859625763107));
#6448 = CARTESIAN_POINT('',(12.703047686205,9.860501478234));
#6449 = CARTESIAN_POINT('',(12.707824500796,9.861415302846));
#6450 = CARTESIAN_POINT('',(12.712602705822,9.862366265362));
#6451 = CARTESIAN_POINT('',(12.717382210448,9.863353480687));
#6452 = CARTESIAN_POINT('',(12.722162928017,9.864376138547));
#6453 = CARTESIAN_POINT('',(12.726944775509,9.865433493889));
#6454 = CARTESIAN_POINT('',(12.731727673091,9.866524858921));
#6455 = CARTESIAN_POINT('',(12.736511543748,9.867649596422));
#6456 = CARTESIAN_POINT('',(12.741296312961,9.868807114102));
#6457 = CARTESIAN_POINT('',(12.746081908441,9.86999685979));
#6458 = CARTESIAN_POINT('',(12.750868259895,9.871218317306));
#6459 = CARTESIAN_POINT('',(12.755655298826,9.872471002903));
#6460 = CARTESIAN_POINT('',(12.760442958363,9.873754462171));
#6461 = CARTESIAN_POINT('',(12.765231173104,9.875068267341));
#6462 = CARTESIAN_POINT('',(12.770019878991,9.876412014912));
#6463 = CARTESIAN_POINT('',(12.774809013184,9.877785323568));
#6464 = CARTESIAN_POINT('',(12.779598513965,9.879187832327));
#6465 = CARTESIAN_POINT('',(12.784388320641,9.880619198899));
#6466 = CARTESIAN_POINT('',(12.789178373465,9.882079098221));
#6467 = CARTESIAN_POINT('',(12.793968613561,9.883567221142));
#6468 = CARTESIAN_POINT('',(12.798758982859,9.885083273248));
#6469 = CARTESIAN_POINT('',(12.803549424034,9.886626973798));
#6470 = CARTESIAN_POINT('',(12.808339880455,9.888198054764));
#6471 = CARTESIAN_POINT('',(12.813130296134,9.889796259959));
#6472 = CARTESIAN_POINT('',(12.81792061568,9.891421344251));
#6473 = CARTESIAN_POINT('',(12.822710784266,9.893073072837));
#6474 = CARTESIAN_POINT('',(12.827500747584,9.89475122059));
#6475 = CARTESIAN_POINT('',(12.832290451817,9.896455571454));
#6476 = CARTESIAN_POINT('',(12.837079843604,9.898185917893));
#6477 = CARTESIAN_POINT('',(12.841868870017,9.899942060384));
#6478 = CARTESIAN_POINT('',(12.84665747853,9.901723806949));
#6479 = CARTESIAN_POINT('',(12.851445616998,9.903530972726));
#6480 = CARTESIAN_POINT('',(12.856233233632,9.905363379567));
#6481 = CARTESIAN_POINT('',(12.861020276984,9.907220855674));
#6482 = CARTESIAN_POINT('',(12.86580669592,9.909103235253));
#6483 = CARTESIAN_POINT('',(12.87059243961,9.911010358199));
#6484 = CARTESIAN_POINT('',(12.875377457508,9.912942069801));
#6485 = CARTESIAN_POINT('',(12.880161699336,9.914898220465));
#6486 = CARTESIAN_POINT('',(12.884945115072,9.916878665458));
#6487 = CARTESIAN_POINT('',(12.889727654936,9.918883264672));
#6488 = CARTESIAN_POINT('',(12.894509269377,9.920911882396));
#6489 = CARTESIAN_POINT('',(12.899289909063,9.922964387106));
#6490 = CARTESIAN_POINT('',(12.904069524868,9.925040651274));
#6491 = CARTESIAN_POINT('',(12.908848067863,9.927140551177));
#6492 = CARTESIAN_POINT('',(12.913625489307,9.929263966727));
#6493 = CARTESIAN_POINT('',(12.918401740639,9.93141078131));
#6494 = CARTESIAN_POINT('',(12.923176773464,9.933580881628));
#6495 = CARTESIAN_POINT('',(12.927950539555,9.935774157559));
#6496 = CARTESIAN_POINT('',(12.932722990835,9.937990502018));
#6497 = CARTESIAN_POINT('',(12.937494079378,9.940229810828));
#6498 = CARTESIAN_POINT('',(12.942263757398,9.942491982602));
#6499 = CARTESIAN_POINT('',(12.947031977244,9.944776918625));
#6500 = CARTESIAN_POINT('',(12.951798691395,9.947084522745));
#6501 = CARTESIAN_POINT('',(12.956563852454,9.949414701271));
#6502 = CARTESIAN_POINT('',(12.961327413139,9.951767362877));
#6503 = CARTESIAN_POINT('',(12.966089326288,9.954142418501));
#6504 = CARTESIAN_POINT('',(12.970849544838,9.956539781277));
#6505 = CARTESIAN_POINT('',(12.975608021841,9.958959366421));
#6506 = CARTESIAN_POINT('',(12.980364710442,9.961401091179));
#6507 = CARTESIAN_POINT('',(12.985119563882,9.963864874739));
#6508 = CARTESIAN_POINT('',(12.989872535498,9.966350638159));
#6509 = CARTESIAN_POINT('',(12.994623578713,9.968858304299));
#6510 = CARTESIAN_POINT('',(12.997953154339,9.970631734201));
#6511 = CARTESIAN_POINT('',(12.999700272577,9.971566934815));
#6512 = CARTESIAN_POINT('',(12.999866097021,9.971655739396));
#6513 = ( GEOMETRIC_REPRESENTATION_CONTEXT(2) 
PARAMETRIC_REPRESENTATION_CONTEXT() REPRESENTATION_CONTEXT('2D SPACE',''
  ) );
#6514 = ORIENTED_EDGE('',*,*,#6515,.F.);
#6515 = EDGE_CURVE('',#6516,#6121,#6518,.T.);
#6516 = VERTEX_POINT('',#6517);
#6517 = CARTESIAN_POINT('',(2.404253788831,-0.316526016134,-4.5));
#6518 = SURFACE_CURVE('',#6519,(#6523,#6530),.PCURVE_S1.);
#6519 = LINE('',#6520,#6521);
#6520 = CARTESIAN_POINT('',(2.404253788831,-0.316526016134,-4.5));
#6521 = VECTOR('',#6522,1.);
#6522 = DIRECTION('',(6.540312923014E-02,0.997858923239,0.));
#6523 = PCURVE('',#156,#6524);
#6524 = DEFINITIONAL_REPRESENTATION('',(#6525),#6529);
#6525 = LINE('',#6526,#6527);
#6526 = CARTESIAN_POINT('',(0.316526066134,-2.404253788831));
#6527 = VECTOR('',#6528,1.);
#6528 = DIRECTION('',(-0.997858923239,-6.540312923014E-02));
#6529 = ( GEOMETRIC_REPRESENTATION_CONTEXT(2) 
PARAMETRIC_REPRESENTATION_CONTEXT() REPRESENTATION_CONTEXT('2D SPACE',''
  ) );
#6530 = PCURVE('',#6531,#6536);
#6531 = PLANE('',#6532);
#6532 = AXIS2_PLACEMENT_3D('',#6533,#6534,#6535);
#6533 = CARTESIAN_POINT('',(2.404253788831,-0.316526016134,-4.5));
#6534 = DIRECTION('',(-0.997858923239,6.540312923014E-02,0.));
#6535 = DIRECTION('',(6.540312923014E-02,0.997858923239,0.));
#6536 = DEFINITIONAL_REPRESENTATION('',(#6537),#6541);
#6537 = LINE('',#6538,#6539);
#6538 = CARTESIAN_POINT('',(0.,0.));
#6539 = VECTOR('',#6540,1.);
#6540 = DIRECTION('',(1.,0.));
#6541 = ( GEOMETRIC_REPRESENTATION_CONTEXT(2) 
PARAMETRIC_REPRESENTATION_CONTEXT() REPRESENTATION_CONTEXT('2D SPACE',''
  ) );
#6542 = ORIENTED_EDGE('',*,*,#6543,.F.);
#6543 = EDGE_CURVE('',#6544,#6516,#6546,.T.);
#6544 = VERTEX_POINT('',#6545);
#6545 = CARTESIAN_POINT('',(3.380740392012,-0.905866657859,-4.5));
#6546 = SURFACE_CURVE('',#6547,(#6551,#6558),.PCURVE_S1.);
#6547 = LINE('',#6548,#6549);
#6548 = CARTESIAN_POINT('',(3.380740392012,-0.905866657859,-4.5));
#6549 = VECTOR('',#6550,1.);
#6550 = DIRECTION('',(-0.856156055588,0.516717339054,0.));
#6551 = PCURVE('',#156,#6552);
#6552 = DEFINITIONAL_REPRESENTATION('',(#6553),#6557);
#6553 = LINE('',#6554,#6555);
#6554 = CARTESIAN_POINT('',(0.905866707859,-3.380740392012));
#6555 = VECTOR('',#6556,1.);
#6556 = DIRECTION('',(-0.516717339054,0.856156055588));
#6557 = ( GEOMETRIC_REPRESENTATION_CONTEXT(2) 
PARAMETRIC_REPRESENTATION_CONTEXT() REPRESENTATION_CONTEXT('2D SPACE',''
  ) );
#6558 = PCURVE('',#6559,#6564);
#6559 = PLANE('',#6560);
#6560 = AXIS2_PLACEMENT_3D('',#6561,#6562,#6563);
#6561 = CARTESIAN_POINT('',(3.380740392012,-0.905866657859,-4.5));
#6562 = DIRECTION('',(-0.516717339054,-0.856156055588,0.));
#6563 = DIRECTION('',(-0.856156055588,0.516717339054,0.));
#6564 = DEFINITIONAL_REPRESENTATION('',(#6565),#6569);
#6565 = LINE('',#6566,#6567);
#6566 = CARTESIAN_POINT('',(0.,0.));
#6567 = VECTOR('',#6568,1.);
#6568 = DIRECTION('',(1.,0.));
#6569 = ( GEOMETRIC_REPRESENTATION_CONTEXT(2) 
PARAMETRIC_REPRESENTATION_CONTEXT() REPRESENTATION_CONTEXT('2D SPACE',''
  ) );
#6570 = ORIENTED_EDGE('',*,*,#6571,.F.);
#6571 = EDGE_CURVE('',#6572,#6544,#6574,.T.);
#6572 = VERTEX_POINT('',#6573);
#6573 = CARTESIAN_POINT('',(3.23357836379,-1.339392013278,-4.5));
#6574 = SURFACE_CURVE('',#6575,(#6579,#6586),.PCURVE_S1.);
#6575 = LINE('',#6576,#6577);
#6576 = CARTESIAN_POINT('',(3.23357836379,-1.339392013278,-4.5));
#6577 = VECTOR('',#6578,1.);
#6578 = DIRECTION('',(0.321439465303,0.946930129495,0.));
#6579 = PCURVE('',#156,#6580);
#6580 = DEFINITIONAL_REPRESENTATION('',(#6581),#6585);
#6581 = LINE('',#6582,#6583);
#6582 = CARTESIAN_POINT('',(1.339392063278,-3.233578363789));
#6583 = VECTOR('',#6584,1.);
#6584 = DIRECTION('',(-0.946930129495,-0.321439465303));
#6585 = ( GEOMETRIC_REPRESENTATION_CONTEXT(2) 
PARAMETRIC_REPRESENTATION_CONTEXT() REPRESENTATION_CONTEXT('2D SPACE',''
  ) );
#6586 = PCURVE('',#6587,#6592);
#6587 = PLANE('',#6588);
#6588 = AXIS2_PLACEMENT_3D('',#6589,#6590,#6591);
#6589 = CARTESIAN_POINT('',(3.23357836379,-1.339392013278,-4.5));
#6590 = DIRECTION('',(-0.946930129495,0.321439465303,0.));
#6591 = DIRECTION('',(0.321439465303,0.946930129495,0.));
#6592 = DEFINITIONAL_REPRESENTATION('',(#6593),#6597);
#6593 = LINE('',#6594,#6595);
#6594 = CARTESIAN_POINT('',(0.,0.));
#6595 = VECTOR('',#6596,1.);
#6596 = DIRECTION('',(1.,0.));
#6597 = ( GEOMETRIC_REPRESENTATION_CONTEXT(2) 
PARAMETRIC_REPRESENTATION_CONTEXT() REPRESENTATION_CONTEXT('2D SPACE',''
  ) );
#6598 = ORIENTED_EDGE('',*,*,#6599,.F.);
#6599 = EDGE_CURVE('',#6600,#6572,#6602,.T.);
#6600 = VERTEX_POINT('',#6601);
#6601 = CARTESIAN_POINT('',(2.712716441229,-1.281081332852,-4.5000001757
    ));
#6602 = SURFACE_CURVE('',#6603,(#6607,#6614),.PCURVE_S1.);
#6603 = LINE('',#6604,#6605);
#6604 = CARTESIAN_POINT('',(2.100111604177,-1.2125,-4.5));
#6605 = VECTOR('',#6606,1.);
#6606 = DIRECTION('',(0.993791852228,-0.111255356929,0.));
#6607 = PCURVE('',#156,#6608);
#6608 = DEFINITIONAL_REPRESENTATION('',(#6609),#6613);
#6609 = LINE('',#6610,#6611);
#6610 = CARTESIAN_POINT('',(1.21250005,-2.100111604177));
#6611 = VECTOR('',#6612,1.);
#6612 = DIRECTION('',(0.111255356929,-0.993791852228));
#6613 = ( GEOMETRIC_REPRESENTATION_CONTEXT(2) 
PARAMETRIC_REPRESENTATION_CONTEXT() REPRESENTATION_CONTEXT('2D SPACE',''
  ) );
#6614 = PCURVE('',#6615,#6620);
#6615 = PLANE('',#6616);
#6616 = AXIS2_PLACEMENT_3D('',#6617,#6618,#6619);
#6617 = CARTESIAN_POINT('',(2.100111604177,-1.2125,-4.5));
#6618 = DIRECTION('',(0.111255356929,0.993791852228,-0.));
#6619 = DIRECTION('',(0.993791852228,-0.111255356929,0.));
#6620 = DEFINITIONAL_REPRESENTATION('',(#6621),#6625);
#6621 = LINE('',#6622,#6623);
#6622 = CARTESIAN_POINT('',(0.,0.));
#6623 = VECTOR('',#6624,1.);
#6624 = DIRECTION('',(1.,0.));
#6625 = ( GEOMETRIC_REPRESENTATION_CONTEXT(2) 
PARAMETRIC_REPRESENTATION_CONTEXT() REPRESENTATION_CONTEXT('2D SPACE',''
  ) );
#6626 = ORIENTED_EDGE('',*,*,#6627,.T.);
#6627 = EDGE_CURVE('',#6600,#6628,#6630,.T.);
#6628 = VERTEX_POINT('',#6629);
#6629 = CARTESIAN_POINT('',(2.690487825824,-1.327130410464,-4.5000003514
    ));
#6630 = SURFACE_CURVE('',#6631,(#6636,#6643),.PCURVE_S1.);
#6631 = CIRCLE('',#6632,3.);
#6632 = AXIS2_PLACEMENT_3D('',#6633,#6634,#6635);
#6633 = CARTESIAN_POINT('',(9.037215420449E-14,4.99999084913E-08,
    -4.5000003514));
#6634 = DIRECTION('',(3.431321225571E-15,-9.104279154523E-17,-1.));
#6635 = DIRECTION('',(4.996003610813E-16,-1.,9.104279154523E-17));
#6636 = PCURVE('',#156,#6637);
#6637 = DEFINITIONAL_REPRESENTATION('',(#6638),#6642);
#6638 = CIRCLE('',#6639,3.);
#6639 = AXIS2_PLACEMENT_2D('',#6640,#6641);
#6640 = CARTESIAN_POINT('',(1.110223024625E-15,7.216449660064E-16));
#6641 = DIRECTION('',(1.,-1.657422360651E-32));
#6642 = ( GEOMETRIC_REPRESENTATION_CONTEXT(2) 
PARAMETRIC_REPRESENTATION_CONTEXT() REPRESENTATION_CONTEXT('2D SPACE',''
  ) );
#6643 = PCURVE('',#6644,#6649);
#6644 = PLANE('',#6645);
#6645 = AXIS2_PLACEMENT_3D('',#6646,#6647,#6648);
#6646 = CARTESIAN_POINT('',(-10.,-10.,-4.5));
#6647 = DIRECTION('',(0.,0.,1.));
#6648 = DIRECTION('',(1.,0.,-0.));
#6649 = DEFINITIONAL_REPRESENTATION('',(#6650),#6658);
#6650 = ( BOUNDED_CURVE() B_SPLINE_CURVE(2,(#6651,#6652,#6653,#6654,
#6655,#6656,#6657),.UNSPECIFIED.,.T.,.F.) B_SPLINE_CURVE_WITH_KNOTS((1,2
    ,2,2,2,1),(-2.094395102393,0.,2.094395102393,4.188790204786,
6.28318530718,8.377580409573),.UNSPECIFIED.) CURVE() 
GEOMETRIC_REPRESENTATION_ITEM() RATIONAL_B_SPLINE_CURVE((1.,0.5,1.,0.5,
1.,0.5,1.)) REPRESENTATION_ITEM('') );
#6651 = CARTESIAN_POINT('',(10.,7.00000005));
#6652 = CARTESIAN_POINT('',(4.803847577293,7.00000005));
#6653 = CARTESIAN_POINT('',(7.401923788647,11.50000005));
#6654 = CARTESIAN_POINT('',(10.,16.00000005));
#6655 = CARTESIAN_POINT('',(12.598076211353,11.50000005));
#6656 = CARTESIAN_POINT('',(15.196152422707,7.00000005));
#6657 = CARTESIAN_POINT('',(10.,7.00000005));
#6658 = ( GEOMETRIC_REPRESENTATION_CONTEXT(2) 
PARAMETRIC_REPRESENTATION_CONTEXT() REPRESENTATION_CONTEXT('2D SPACE',''
  ) );
#6659 = ORIENTED_EDGE('',*,*,#6660,.F.);
#6660 = EDGE_CURVE('',#6661,#6628,#6663,.T.);
#6661 = VERTEX_POINT('',#6662);
#6662 = CARTESIAN_POINT('',(2.042675124419,-1.298459766593,-4.5000001757
    ));
#6663 = SURFACE_CURVE('',#6664,(#6792,#6923),.PCURVE_S1.);
#6664 = B_SPLINE_CURVE_WITH_KNOTS('',3,(#6665,#6666,#6667,#6668,#6669,
    #6670,#6671,#6672,#6673,#6674,#6675,#6676,#6677,#6678,#6679,#6680,
    #6681,#6682,#6683,#6684,#6685,#6686,#6687,#6688,#6689,#6690,#6691,
    #6692,#6693,#6694,#6695,#6696,#6697,#6698,#6699,#6700,#6701,#6702,
    #6703,#6704,#6705,#6706,#6707,#6708,#6709,#6710,#6711,#6712,#6713,
    #6714,#6715,#6716,#6717,#6718,#6719,#6720,#6721,#6722,#6723,#6724,
    #6725,#6726,#6727,#6728,#6729,#6730,#6731,#6732,#6733,#6734,#6735,
    #6736,#6737,#6738,#6739,#6740,#6741,#6742,#6743,#6744,#6745,#6746,
    #6747,#6748,#6749,#6750,#6751,#6752,#6753,#6754,#6755,#6756,#6757,
    #6758,#6759,#6760,#6761,#6762,#6763,#6764,#6765,#6766,#6767,#6768,
    #6769,#6770,#6771,#6772,#6773,#6774,#6775,#6776,#6777,#6778,#6779,
    #6780,#6781,#6782,#6783,#6784,#6785,#6786,#6787,#6788,#6789,#6790,
    #6791),.UNSPECIFIED.,.F.,.F.,(4,1,1,1,1,1,1,1,1,1,1,1,1,1,1,1,1,1,1,
    1,1,1,1,1,1,1,1,1,1,1,1,1,1,1,1,1,1,1,1,1,1,1,1,1,1,1,1,1,1,1,1,1,1,
    1,1,1,1,1,1,1,1,1,1,1,1,1,1,1,1,1,1,1,1,1,1,1,1,1,1,1,1,1,1,1,1,1,1,
    1,1,1,1,1,1,1,1,1,1,1,1,1,1,1,1,1,1,1,1,1,1,1,1,1,1,1,1,1,1,1,1,1,1,
    1,1,1,4),(0.,3.825348486101E-02,5.430853348674E-02,
    6.675617629157E-02,7.735884378815E-02,8.679755798888E-02,
    9.542083346997E-02,0.103435317105,0.110975441185,0.118134466631,
    0.124980232214,0.131563916605,0.137925263337,0.144095870271,
    0.150101352936,0.155962819326,0.16169790603,0.167321525098,
    0.172846414439,0.178283551377,0.18364246875,0.188931500289,
    0.194157973749,0.199328364902,0.20444842177,0.209523265982,
    0.214557476318,0.219555158251,0.224520002363,0.229455333831,
    0.234364154694,0.239249180184,0.244112870201,0.248957456702,
    0.253784967687,0.258597248282,0.263395979354,0.268182693996,
    0.272958792175,0.27772555377,0.282484150212,0.287235654883,
    0.291981052431,0.296721247119,0.301457070315,0.306189287223,
    0.310919293077,0.315655371856,0.320399980632,0.32515309033,
    0.329914691623,0.33468478033,0.339463354215,0.344250411941,
    0.349045952647,0.353849975744,0.358662480811,0.363483467539,
    0.368312935692,0.373150885086,0.377997315577,0.382852227048,
    0.387715619403,0.392587492562,0.397467846459,0.402356681039,
    0.407253996253,0.41215979206,0.417074068425,0.421996825315,
    0.426928062704,0.431867780568,0.436815978885,0.441772657636,
    0.446737816804,0.451711456374,0.456693576332,0.461684176666,
    0.466683257364,0.471690818415,0.476706859811,0.481731381543,
    0.486764383603,0.491805865984,0.496855828678,0.50191427168,
    0.506981194984,0.512056598584,0.517140482477,0.522232846656,
    0.527333691118,0.532443015859,0.537560820874,0.542687106161,
    0.547821871717,0.552965117537,0.55811684362,0.563277049962,
    0.56844573656,0.573622903413,0.578808550518,0.584002677873,
    0.589205285476,0.594416373325,0.599635941417,0.604863989752,
    0.610100518327,0.615345527141,0.620599016193,0.62586098548,
    0.631131435002,0.636410364758,0.641697774745,0.646993664963,
    0.652298035411,0.657610886087,0.66293221699,0.668262028121,
    0.673600319476,0.678947091057,0.684302342861,0.689666074887,
    0.695038287136,0.700418979606,0.700983298363),.UNSPECIFIED.);
#6665 = CARTESIAN_POINT('',(2.027833611805,-1.317965462764,-4.5000003514
    ));
#6666 = CARTESIAN_POINT('',(2.03480402607,-1.30721256319,-4.5000003514)
  );
#6667 = CARTESIAN_POINT('',(2.046477138243,-1.293187004496,-4.5000003514
    ));
#6668 = CARTESIAN_POINT('',(2.063308847696,-1.278583415275,-4.5000003514
    ));
#6669 = CARTESIAN_POINT('',(2.073855337325,-1.270902277384,-4.5000003514
    ));
#6670 = CARTESIAN_POINT('',(2.083029098401,-1.265133874529,-4.5000003514
    ));
#6671 = CARTESIAN_POINT('',(2.091406718436,-1.260529136778,-4.5000003514
    ));
#6672 = CARTESIAN_POINT('',(2.099236224363,-1.256745653308,-4.5000003514
    ));
#6673 = CARTESIAN_POINT('',(2.10665452192,-1.253588685109,-4.5000003514)
  );
#6674 = CARTESIAN_POINT('',(2.113747436118,-1.250933796251,-4.5000003514
    ));
#6675 = CARTESIAN_POINT('',(2.120573311349,-1.248695319902,-4.5000003514
    ));
#6676 = CARTESIAN_POINT('',(2.127174095137,-1.246811087168,-4.5000003514
    ));
#6677 = CARTESIAN_POINT('',(2.133581229623,-1.245234162204,-4.5000003514
    ));
#6678 = CARTESIAN_POINT('',(2.139819054993,-1.243927995251,-4.5000003514
    ));
#6679 = CARTESIAN_POINT('',(2.145906907079,-1.242863403217,-4.5000003514
    ));
#6680 = CARTESIAN_POINT('',(2.151860475945,-1.242016596931,-4.5000003514
    ));
#6681 = CARTESIAN_POINT('',(2.157692722068,-1.241367841757,-4.5000003514
    ));
#6682 = CARTESIAN_POINT('',(2.163414514917,-1.240900518871,-4.5000003514
    ));
#6683 = CARTESIAN_POINT('',(2.169035090554,-1.240600449595,-4.5000003514
    ));
#6684 = CARTESIAN_POINT('',(2.17456238733,-1.240455397955,-4.5000003514)
  );
#6685 = CARTESIAN_POINT('',(2.18000329716,-1.240454697262,-4.5000003514)
  );
#6686 = CARTESIAN_POINT('',(2.185363856921,-1.240588965085,-4.5000003514
    ));
#6687 = CARTESIAN_POINT('',(2.190649396474,-1.240849882419,-4.5000003514
    ));
#6688 = CARTESIAN_POINT('',(2.195864654695,-1.241230020404,-4.5000003514
    ));
#6689 = CARTESIAN_POINT('',(2.201013871523,-1.241722702762,-4.5000003514
    ));
#6690 = CARTESIAN_POINT('',(2.206100861778,-1.242321895438,-4.5000003514
    ));
#6691 = CARTESIAN_POINT('',(2.21112907495,-1.243022117214,-4.5000003514)
  );
#6692 = CARTESIAN_POINT('',(2.216101644072,-1.243818366665,-4.5000003514
    ));
#6693 = CARTESIAN_POINT('',(2.221021426015,-1.244706061945,-4.5000003514
    ));
#6694 = CARTESIAN_POINT('',(2.225891034997,-1.245680990746,-4.5000003514
    ));
#6695 = CARTESIAN_POINT('',(2.230712870657,-1.246739268381,-4.5000003514
    ));
#6696 = CARTESIAN_POINT('',(2.235489141777,-1.247877302378,-4.5000003514
    ));
#6697 = CARTESIAN_POINT('',(2.240221886466,-1.249091762347,-4.5000003514
    ));
#6698 = CARTESIAN_POINT('',(2.244912989471,-1.25037955414,-4.5000003514)
  );
#6699 = CARTESIAN_POINT('',(2.249564197128,-1.251737797511,-4.5000003514
    ));
#6700 = CARTESIAN_POINT('',(2.254177130358,-1.253163806675,-4.5000003514
    ));
#6701 = CARTESIAN_POINT('',(2.258753296065,-1.254655073237,-4.5000003514
    ));
#6702 = CARTESIAN_POINT('',(2.26329409711,-1.256209251246,-4.5000003514)
  );
#6703 = CARTESIAN_POINT('',(2.267800841386,-1.257824143436,-4.5000003514
    ));
#6704 = CARTESIAN_POINT('',(2.272274749017,-1.259497690784,-4.5000003514
    ));
#6705 = CARTESIAN_POINT('',(2.276716962115,-1.261227956243,-4.5000003514
    ));
#6706 = CARTESIAN_POINT('',(2.281128541179,-1.263013135739,-4.5000003514
    ));
#6707 = CARTESIAN_POINT('',(2.285510507961,-1.264851472526,-4.5000003514
    ));
#6708 = CARTESIAN_POINT('',(2.289863712434,-1.2667415356,-4.5000003514)
  );
#6709 = CARTESIAN_POINT('',(2.294189352447,-1.268681145706,-4.5000003514
    ));
#6710 = CARTESIAN_POINT('',(2.298487059347,-1.270671343566,-4.5000003514
    ));
#6711 = CARTESIAN_POINT('',(2.302762260794,-1.272701667885,-4.5000003514
    ));
#6712 = CARTESIAN_POINT('',(2.307001588901,-1.274806427403,-4.5000003514
    ));
#6713 = CARTESIAN_POINT('',(2.311306709622,-1.276783890909,-4.5000003514
    ));
#6714 = CARTESIAN_POINT('',(2.315658357474,-1.278675023633,-4.5000003514
    ));
#6715 = CARTESIAN_POINT('',(2.320050120242,-1.28049341649,-4.5000003514)
  );
#6716 = CARTESIAN_POINT('',(2.324476503364,-1.282248815515,-4.5000003514
    ));
#6717 = CARTESIAN_POINT('',(2.328934065629,-1.283947386642,-4.5000003514
    ));
#6718 = CARTESIAN_POINT('',(2.333420165732,-1.285593816712,-4.5000003514
    ));
#6719 = CARTESIAN_POINT('',(2.337932774391,-1.287191694747,-4.5000003514
    ));
#6720 = CARTESIAN_POINT('',(2.342470247318,-1.288743910879,-4.5000003514
    ));
#6721 = CARTESIAN_POINT('',(2.347031223658,-1.29025284308,-4.5000003514)
  );
#6722 = CARTESIAN_POINT('',(2.351614550875,-1.291720492205,-4.5000003514
    ));
#6723 = CARTESIAN_POINT('',(2.356219236784,-1.29314856897,-4.5000003514)
  );
#6724 = CARTESIAN_POINT('',(2.360844415108,-1.294538556226,-4.5000003514
    ));
#6725 = CARTESIAN_POINT('',(2.365489320686,-1.295891753809,-4.5000003514
    ));
#6726 = CARTESIAN_POINT('',(2.370153270949,-1.297209312067,-4.5000003514
    ));
#6727 = CARTESIAN_POINT('',(2.374835651807,-1.298492257382,-4.5000003514
    ));
#6728 = CARTESIAN_POINT('',(2.379535906681,-1.299741512031,-4.5000003514
    ));
#6729 = CARTESIAN_POINT('',(2.384253527825,-1.300957909873,-4.5000003514
    ));
#6730 = CARTESIAN_POINT('',(2.388988049374,-1.302142208937,-4.5000003514
    ));
#6731 = CARTESIAN_POINT('',(2.393739041687,-1.303295101658,-4.5000003514
    ));
#6732 = CARTESIAN_POINT('',(2.398506106697,-1.304417223281,-4.5000003514
    ));
#6733 = CARTESIAN_POINT('',(2.403288874057,-1.305509158851,-4.5000003514
    ));
#6734 = CARTESIAN_POINT('',(2.4080869979,-1.306571449066,-4.5000003514)
  );
#6735 = CARTESIAN_POINT('',(2.4129001541,-1.307604595229,-4.5000003514)
  );
#6736 = CARTESIAN_POINT('',(2.41772803795,-1.308609063465,-4.5000003514)
  );
#6737 = CARTESIAN_POINT('',(2.422570362155,-1.309585288334,-4.5000003514
    ));
#6738 = CARTESIAN_POINT('',(2.427426855112,-1.310533675961,-4.5000003514
    ));
#6739 = CARTESIAN_POINT('',(2.432297259411,-1.311454606739,-4.5000003514
    ));
#6740 = CARTESIAN_POINT('',(2.437181330526,-1.312348437698,-4.5000003514
    ));
#6741 = CARTESIAN_POINT('',(2.442078835668,-1.313215504586,-4.5000003514
    ));
#6742 = CARTESIAN_POINT('',(2.446989552774,-1.314056123692,-4.5000003514
    ));
#6743 = CARTESIAN_POINT('',(2.451913269615,-1.31487059347,-4.5000003514)
  );
#6744 = CARTESIAN_POINT('',(2.456849782994,-1.31565919598,-4.5000003514)
  );
#6745 = CARTESIAN_POINT('',(2.46179889804,-1.316422198171,-4.5000003514)
  );
#6746 = CARTESIAN_POINT('',(2.466760427574,-1.317159853032,-4.5000003514
    ));
#6747 = CARTESIAN_POINT('',(2.471734191534,-1.317872400625,-4.5000003514
    ));
#6748 = CARTESIAN_POINT('',(2.476720016463,-1.318560069017,-4.5000003514
    ));
#6749 = CARTESIAN_POINT('',(2.481717735045,-1.319223075122,-4.5000003514
    ));
#6750 = CARTESIAN_POINT('',(2.486727185682,-1.319861625463,-4.5000003514
    ));
#6751 = CARTESIAN_POINT('',(2.49174821211,-1.320475916865,-4.5000003514)
  );
#6752 = CARTESIAN_POINT('',(2.496780663052,-1.321066137087,-4.5000003514
    ));
#6753 = CARTESIAN_POINT('',(2.501824391902,-1.321632465401,-4.5000003514
    ));
#6754 = CARTESIAN_POINT('',(2.506879256428,-1.322175073114,-4.5000003514
    ));
#6755 = CARTESIAN_POINT('',(2.511945118507,-1.322694124059,-4.5000003514
    ));
#6756 = CARTESIAN_POINT('',(2.517021843883,-1.323189775034,-4.5000003514
    ));
#6757 = CARTESIAN_POINT('',(2.522109301936,-1.323662176215,-4.5000003514
    ));
#6758 = CARTESIAN_POINT('',(2.527207365475,-1.324111471533,-4.5000003514
    ));
#6759 = CARTESIAN_POINT('',(2.532315910546,-1.324537799022,-4.5000003514
    ));
#6760 = CARTESIAN_POINT('',(2.537434816253,-1.324941291146,-4.5000003514
    ));
#6761 = CARTESIAN_POINT('',(2.542563964594,-1.325322075092,-4.5000003514
    ));
#6762 = CARTESIAN_POINT('',(2.547703240303,-1.325680273057,-4.5000003514
    ));
#6763 = CARTESIAN_POINT('',(2.552852530714,-1.326016002499,-4.5000003514
    ));
#6764 = CARTESIAN_POINT('',(2.558011725622,-1.326329376384,-4.5000003514
    ));
#6765 = CARTESIAN_POINT('',(2.563180717161,-1.326620503405,-4.5000003514
    ));
#6766 = CARTESIAN_POINT('',(2.568359399691,-1.3268894882,-4.5000003514)
  );
#6767 = CARTESIAN_POINT('',(2.573547669684,-1.327136431539,-4.5000003514
    ));
#6768 = CARTESIAN_POINT('',(2.578745425628,-1.327361430515,-4.5000003514
    ));
#6769 = CARTESIAN_POINT('',(2.583952567929,-1.327564578716,-4.5000003514
    ));
#6770 = CARTESIAN_POINT('',(2.589168998823,-1.32774596638,-4.5000003514)
  );
#6771 = CARTESIAN_POINT('',(2.594394622292,-1.327905680555,-4.5000003514
    ));
#6772 = CARTESIAN_POINT('',(2.599629343985,-1.328043805237,-4.5000003514
    ));
#6773 = CARTESIAN_POINT('',(2.604873071145,-1.328160421507,-4.5000003514
    ));
#6774 = CARTESIAN_POINT('',(2.610125712537,-1.328255607656,-4.5000003514
    ));
#6775 = CARTESIAN_POINT('',(2.615387178384,-1.328329439304,-4.5000003514
    ));
#6776 = CARTESIAN_POINT('',(2.620657380307,-1.328381989517,-4.5000003514
    ));
#6777 = CARTESIAN_POINT('',(2.625936231261,-1.328413328908,-4.5000003514
    ));
#6778 = CARTESIAN_POINT('',(2.631223645483,-1.328423525742,-4.5000003514
    ));
#6779 = CARTESIAN_POINT('',(2.63651953844,-1.32841264603,-4.5000003514)
  );
#6780 = CARTESIAN_POINT('',(2.641823826776,-1.328380753619,-4.5000003514
    ));
#6781 = CARTESIAN_POINT('',(2.647136428268,-1.328327910278,-4.5000003514
    ));
#6782 = CARTESIAN_POINT('',(2.652457261781,-1.328254175783,-4.5000003514
    ));
#6783 = CARTESIAN_POINT('',(2.657786247225,-1.32815960798,-4.5000003514)
  );
#6784 = CARTESIAN_POINT('',(2.663123305512,-1.328044262887,-4.5000003514
    ));
#6785 = CARTESIAN_POINT('',(2.668468358524,-1.327908194731,-4.5000003514
    ));
#6786 = CARTESIAN_POINT('',(2.673821329069,-1.327751456036,-4.5000003514
    ));
#6787 = CARTESIAN_POINT('',(2.679182140852,-1.327574097679,-4.5000003514
    ));
#6788 = CARTESIAN_POINT('',(2.684550718439,-1.32737616895,-4.5000003514)
  );
#6789 = CARTESIAN_POINT('',(2.688320024819,-1.327223012541,-4.5000003514
    ));
#6790 = CARTESIAN_POINT('',(2.690299892299,-1.327138472096,-4.5000003514
    ));
#6791 = CARTESIAN_POINT('',(2.690487825824,-1.327130410464,-4.5000003514
    ));
#6792 = PCURVE('',#156,#6793);
#6793 = DEFINITIONAL_REPRESENTATION('',(#6794),#6922);
#6794 = B_SPLINE_CURVE_WITH_KNOTS('',3,(#6795,#6796,#6797,#6798,#6799,
    #6800,#6801,#6802,#6803,#6804,#6805,#6806,#6807,#6808,#6809,#6810,
    #6811,#6812,#6813,#6814,#6815,#6816,#6817,#6818,#6819,#6820,#6821,
    #6822,#6823,#6824,#6825,#6826,#6827,#6828,#6829,#6830,#6831,#6832,
    #6833,#6834,#6835,#6836,#6837,#6838,#6839,#6840,#6841,#6842,#6843,
    #6844,#6845,#6846,#6847,#6848,#6849,#6850,#6851,#6852,#6853,#6854,
    #6855,#6856,#6857,#6858,#6859,#6860,#6861,#6862,#6863,#6864,#6865,
    #6866,#6867,#6868,#6869,#6870,#6871,#6872,#6873,#6874,#6875,#6876,
    #6877,#6878,#6879,#6880,#6881,#6882,#6883,#6884,#6885,#6886,#6887,
    #6888,#6889,#6890,#6891,#6892,#6893,#6894,#6895,#6896,#6897,#6898,
    #6899,#6900,#6901,#6902,#6903,#6904,#6905,#6906,#6907,#6908,#6909,
    #6910,#6911,#6912,#6913,#6914,#6915,#6916,#6917,#6918,#6919,#6920,
    #6921),.UNSPECIFIED.,.F.,.F.,(4,1,1,1,1,1,1,1,1,1,1,1,1,1,1,1,1,1,1,
    1,1,1,1,1,1,1,1,1,1,1,1,1,1,1,1,1,1,1,1,1,1,1,1,1,1,1,1,1,1,1,1,1,1,
    1,1,1,1,1,1,1,1,1,1,1,1,1,1,1,1,1,1,1,1,1,1,1,1,1,1,1,1,1,1,1,1,1,1,
    1,1,1,1,1,1,1,1,1,1,1,1,1,1,1,1,1,1,1,1,1,1,1,1,1,1,1,1,1,1,1,1,1,1,
    1,1,1,4),(0.,3.825348486101E-02,5.430853348674E-02,
    6.675617629157E-02,7.735884378815E-02,8.679755798888E-02,
    9.542083346997E-02,0.103435317105,0.110975441185,0.118134466631,
    0.124980232214,0.131563916605,0.137925263337,0.144095870271,
    0.150101352936,0.155962819326,0.16169790603,0.167321525098,
    0.172846414439,0.178283551377,0.18364246875,0.188931500289,
    0.194157973749,0.199328364902,0.20444842177,0.209523265982,
    0.214557476318,0.219555158251,0.224520002363,0.229455333831,
    0.234364154694,0.239249180184,0.244112870201,0.248957456702,
    0.253784967687,0.258597248282,0.263395979354,0.268182693996,
    0.272958792175,0.27772555377,0.282484150212,0.287235654883,
    0.291981052431,0.296721247119,0.301457070315,0.306189287223,
    0.310919293077,0.315655371856,0.320399980632,0.32515309033,
    0.329914691623,0.33468478033,0.339463354215,0.344250411941,
    0.349045952647,0.353849975744,0.358662480811,0.363483467539,
    0.368312935692,0.373150885086,0.377997315577,0.382852227048,
    0.387715619403,0.392587492562,0.397467846459,0.402356681039,
    0.407253996253,0.41215979206,0.417074068425,0.421996825315,
    0.426928062704,0.431867780568,0.436815978885,0.441772657636,
    0.446737816804,0.451711456374,0.456693576332,0.461684176666,
    0.466683257364,0.471690818415,0.476706859811,0.481731381543,
    0.486764383603,0.491805865984,0.496855828678,0.50191427168,
    0.506981194984,0.512056598584,0.517140482477,0.522232846656,
    0.527333691118,0.532443015859,0.537560820874,0.542687106161,
    0.547821871717,0.552965117537,0.55811684362,0.563277049962,
    0.56844573656,0.573622903413,0.578808550518,0.584002677873,
    0.589205285476,0.594416373325,0.599635941417,0.604863989752,
    0.610100518327,0.615345527141,0.620599016193,0.62586098548,
    0.631131435002,0.636410364758,0.641697774745,0.646993664963,
    0.652298035411,0.657610886087,0.66293221699,0.668262028121,
    0.673600319476,0.678947091057,0.684302342861,0.689666074887,
    0.695038287136,0.700418979606,0.700983298363),.UNSPECIFIED.);
#6795 = CARTESIAN_POINT('',(1.317965512764,-2.027833611805));
#6796 = CARTESIAN_POINT('',(1.30721261319,-2.03480402607));
#6797 = CARTESIAN_POINT('',(1.293187054496,-2.046477138243));
#6798 = CARTESIAN_POINT('',(1.278583465275,-2.063308847696));
#6799 = CARTESIAN_POINT('',(1.270902327384,-2.073855337325));
#6800 = CARTESIAN_POINT('',(1.265133924529,-2.083029098401));
#6801 = CARTESIAN_POINT('',(1.260529186778,-2.091406718436));
#6802 = CARTESIAN_POINT('',(1.256745703308,-2.099236224363));
#6803 = CARTESIAN_POINT('',(1.253588735109,-2.10665452192));
#6804 = CARTESIAN_POINT('',(1.250933846251,-2.113747436118));
#6805 = CARTESIAN_POINT('',(1.248695369902,-2.120573311349));
#6806 = CARTESIAN_POINT('',(1.246811137168,-2.127174095137));
#6807 = CARTESIAN_POINT('',(1.245234212204,-2.133581229623));
#6808 = CARTESIAN_POINT('',(1.243928045251,-2.139819054993));
#6809 = CARTESIAN_POINT('',(1.242863453217,-2.145906907079));
#6810 = CARTESIAN_POINT('',(1.242016646931,-2.151860475945));
#6811 = CARTESIAN_POINT('',(1.241367891757,-2.157692722068));
#6812 = CARTESIAN_POINT('',(1.240900568871,-2.163414514917));
#6813 = CARTESIAN_POINT('',(1.240600499595,-2.169035090554));
#6814 = CARTESIAN_POINT('',(1.240455447955,-2.17456238733));
#6815 = CARTESIAN_POINT('',(1.240454747262,-2.18000329716));
#6816 = CARTESIAN_POINT('',(1.240589015085,-2.185363856921));
#6817 = CARTESIAN_POINT('',(1.240849932419,-2.190649396474));
#6818 = CARTESIAN_POINT('',(1.241230070404,-2.195864654695));
#6819 = CARTESIAN_POINT('',(1.241722752762,-2.201013871523));
#6820 = CARTESIAN_POINT('',(1.242321945438,-2.206100861778));
#6821 = CARTESIAN_POINT('',(1.243022167214,-2.21112907495));
#6822 = CARTESIAN_POINT('',(1.243818416665,-2.216101644072));
#6823 = CARTESIAN_POINT('',(1.244706111945,-2.221021426015));
#6824 = CARTESIAN_POINT('',(1.245681040746,-2.225891034997));
#6825 = CARTESIAN_POINT('',(1.246739318381,-2.230712870657));
#6826 = CARTESIAN_POINT('',(1.247877352378,-2.235489141777));
#6827 = CARTESIAN_POINT('',(1.249091812347,-2.240221886466));
#6828 = CARTESIAN_POINT('',(1.25037960414,-2.244912989471));
#6829 = CARTESIAN_POINT('',(1.251737847511,-2.249564197128));
#6830 = CARTESIAN_POINT('',(1.253163856675,-2.254177130358));
#6831 = CARTESIAN_POINT('',(1.254655123237,-2.258753296065));
#6832 = CARTESIAN_POINT('',(1.256209301246,-2.26329409711));
#6833 = CARTESIAN_POINT('',(1.257824193436,-2.267800841386));
#6834 = CARTESIAN_POINT('',(1.259497740784,-2.272274749017));
#6835 = CARTESIAN_POINT('',(1.261228006243,-2.276716962115));
#6836 = CARTESIAN_POINT('',(1.263013185739,-2.281128541179));
#6837 = CARTESIAN_POINT('',(1.264851522526,-2.285510507961));
#6838 = CARTESIAN_POINT('',(1.2667415856,-2.289863712434));
#6839 = CARTESIAN_POINT('',(1.268681195706,-2.294189352447));
#6840 = CARTESIAN_POINT('',(1.270671393566,-2.298487059347));
#6841 = CARTESIAN_POINT('',(1.272701717885,-2.302762260794));
#6842 = CARTESIAN_POINT('',(1.274806477403,-2.307001588901));
#6843 = CARTESIAN_POINT('',(1.276783940909,-2.311306709622));
#6844 = CARTESIAN_POINT('',(1.278675073633,-2.315658357474));
#6845 = CARTESIAN_POINT('',(1.28049346649,-2.320050120242));
#6846 = CARTESIAN_POINT('',(1.282248865515,-2.324476503364));
#6847 = CARTESIAN_POINT('',(1.283947436642,-2.328934065629));
#6848 = CARTESIAN_POINT('',(1.285593866712,-2.333420165732));
#6849 = CARTESIAN_POINT('',(1.287191744747,-2.337932774391));
#6850 = CARTESIAN_POINT('',(1.288743960879,-2.342470247318));
#6851 = CARTESIAN_POINT('',(1.29025289308,-2.347031223658));
#6852 = CARTESIAN_POINT('',(1.291720542205,-2.351614550875));
#6853 = CARTESIAN_POINT('',(1.29314861897,-2.356219236784));
#6854 = CARTESIAN_POINT('',(1.294538606226,-2.360844415108));
#6855 = CARTESIAN_POINT('',(1.295891803809,-2.365489320686));
#6856 = CARTESIAN_POINT('',(1.297209362067,-2.370153270949));
#6857 = CARTESIAN_POINT('',(1.298492307382,-2.374835651807));
#6858 = CARTESIAN_POINT('',(1.299741562031,-2.379535906681));
#6859 = CARTESIAN_POINT('',(1.300957959873,-2.384253527825));
#6860 = CARTESIAN_POINT('',(1.302142258937,-2.388988049374));
#6861 = CARTESIAN_POINT('',(1.303295151658,-2.393739041687));
#6862 = CARTESIAN_POINT('',(1.304417273281,-2.398506106697));
#6863 = CARTESIAN_POINT('',(1.305509208851,-2.403288874057));
#6864 = CARTESIAN_POINT('',(1.306571499066,-2.4080869979));
#6865 = CARTESIAN_POINT('',(1.307604645229,-2.4129001541));
#6866 = CARTESIAN_POINT('',(1.308609113465,-2.41772803795));
#6867 = CARTESIAN_POINT('',(1.309585338334,-2.422570362155));
#6868 = CARTESIAN_POINT('',(1.310533725961,-2.427426855112));
#6869 = CARTESIAN_POINT('',(1.311454656739,-2.432297259411));
#6870 = CARTESIAN_POINT('',(1.312348487698,-2.437181330526));
#6871 = CARTESIAN_POINT('',(1.313215554586,-2.442078835668));
#6872 = CARTESIAN_POINT('',(1.314056173692,-2.446989552774));
#6873 = CARTESIAN_POINT('',(1.31487064347,-2.451913269615));
#6874 = CARTESIAN_POINT('',(1.31565924598,-2.456849782994));
#6875 = CARTESIAN_POINT('',(1.316422248171,-2.46179889804));
#6876 = CARTESIAN_POINT('',(1.317159903032,-2.466760427574));
#6877 = CARTESIAN_POINT('',(1.317872450625,-2.471734191534));
#6878 = CARTESIAN_POINT('',(1.318560119017,-2.476720016463));
#6879 = CARTESIAN_POINT('',(1.319223125122,-2.481717735045));
#6880 = CARTESIAN_POINT('',(1.319861675463,-2.486727185682));
#6881 = CARTESIAN_POINT('',(1.320475966865,-2.49174821211));
#6882 = CARTESIAN_POINT('',(1.321066187087,-2.496780663052));
#6883 = CARTESIAN_POINT('',(1.321632515401,-2.501824391902));
#6884 = CARTESIAN_POINT('',(1.322175123114,-2.506879256428));
#6885 = CARTESIAN_POINT('',(1.322694174059,-2.511945118507));
#6886 = CARTESIAN_POINT('',(1.323189825034,-2.517021843883));
#6887 = CARTESIAN_POINT('',(1.323662226215,-2.522109301936));
#6888 = CARTESIAN_POINT('',(1.324111521533,-2.527207365475));
#6889 = CARTESIAN_POINT('',(1.324537849022,-2.532315910546));
#6890 = CARTESIAN_POINT('',(1.324941341146,-2.537434816253));
#6891 = CARTESIAN_POINT('',(1.325322125092,-2.542563964594));
#6892 = CARTESIAN_POINT('',(1.325680323057,-2.547703240303));
#6893 = CARTESIAN_POINT('',(1.326016052499,-2.552852530714));
#6894 = CARTESIAN_POINT('',(1.326329426384,-2.558011725622));
#6895 = CARTESIAN_POINT('',(1.326620553405,-2.563180717161));
#6896 = CARTESIAN_POINT('',(1.3268895382,-2.568359399691));
#6897 = CARTESIAN_POINT('',(1.327136481539,-2.573547669684));
#6898 = CARTESIAN_POINT('',(1.327361480515,-2.578745425628));
#6899 = CARTESIAN_POINT('',(1.327564628716,-2.583952567929));
#6900 = CARTESIAN_POINT('',(1.32774601638,-2.589168998823));
#6901 = CARTESIAN_POINT('',(1.327905730555,-2.594394622292));
#6902 = CARTESIAN_POINT('',(1.328043855237,-2.599629343985));
#6903 = CARTESIAN_POINT('',(1.328160471507,-2.604873071145));
#6904 = CARTESIAN_POINT('',(1.328255657656,-2.610125712537));
#6905 = CARTESIAN_POINT('',(1.328329489304,-2.615387178384));
#6906 = CARTESIAN_POINT('',(1.328382039517,-2.620657380307));
#6907 = CARTESIAN_POINT('',(1.328413378908,-2.625936231261));
#6908 = CARTESIAN_POINT('',(1.328423575742,-2.631223645483));
#6909 = CARTESIAN_POINT('',(1.32841269603,-2.63651953844));
#6910 = CARTESIAN_POINT('',(1.328380803619,-2.641823826776));
#6911 = CARTESIAN_POINT('',(1.328327960278,-2.647136428268));
#6912 = CARTESIAN_POINT('',(1.328254225783,-2.652457261781));
#6913 = CARTESIAN_POINT('',(1.32815965798,-2.657786247225));
#6914 = CARTESIAN_POINT('',(1.328044312887,-2.663123305512));
#6915 = CARTESIAN_POINT('',(1.327908244731,-2.668468358524));
#6916 = CARTESIAN_POINT('',(1.327751506036,-2.673821329069));
#6917 = CARTESIAN_POINT('',(1.327574147679,-2.679182140852));
#6918 = CARTESIAN_POINT('',(1.32737621895,-2.684550718439));
#6919 = CARTESIAN_POINT('',(1.327223062541,-2.688320024819));
#6920 = CARTESIAN_POINT('',(1.327138522096,-2.690299892299));
#6921 = CARTESIAN_POINT('',(1.327130460464,-2.690487825824));
#6922 = ( GEOMETRIC_REPRESENTATION_CONTEXT(2) 
PARAMETRIC_REPRESENTATION_CONTEXT() REPRESENTATION_CONTEXT('2D SPACE',''
  ) );
#6923 = PCURVE('',#6644,#6924);
#6924 = DEFINITIONAL_REPRESENTATION('',(#6925),#7053);
#6925 = B_SPLINE_CURVE_WITH_KNOTS('',3,(#6926,#6927,#6928,#6929,#6930,
    #6931,#6932,#6933,#6934,#6935,#6936,#6937,#6938,#6939,#6940,#6941,
    #6942,#6943,#6944,#6945,#6946,#6947,#6948,#6949,#6950,#6951,#6952,
    #6953,#6954,#6955,#6956,#6957,#6958,#6959,#6960,#6961,#6962,#6963,
    #6964,#6965,#6966,#6967,#6968,#6969,#6970,#6971,#6972,#6973,#6974,
    #6975,#6976,#6977,#6978,#6979,#6980,#6981,#6982,#6983,#6984,#6985,
    #6986,#6987,#6988,#6989,#6990,#6991,#6992,#6993,#6994,#6995,#6996,
    #6997,#6998,#6999,#7000,#7001,#7002,#7003,#7004,#7005,#7006,#7007,
    #7008,#7009,#7010,#7011,#7012,#7013,#7014,#7015,#7016,#7017,#7018,
    #7019,#7020,#7021,#7022,#7023,#7024,#7025,#7026,#7027,#7028,#7029,
    #7030,#7031,#7032,#7033,#7034,#7035,#7036,#7037,#7038,#7039,#7040,
    #7041,#7042,#7043,#7044,#7045,#7046,#7047,#7048,#7049,#7050,#7051,
    #7052),.UNSPECIFIED.,.F.,.F.,(4,1,1,1,1,1,1,1,1,1,1,1,1,1,1,1,1,1,1,
    1,1,1,1,1,1,1,1,1,1,1,1,1,1,1,1,1,1,1,1,1,1,1,1,1,1,1,1,1,1,1,1,1,1,
    1,1,1,1,1,1,1,1,1,1,1,1,1,1,1,1,1,1,1,1,1,1,1,1,1,1,1,1,1,1,1,1,1,1,
    1,1,1,1,1,1,1,1,1,1,1,1,1,1,1,1,1,1,1,1,1,1,1,1,1,1,1,1,1,1,1,1,1,1,
    1,1,1,4),(0.,3.825348486101E-02,5.430853348674E-02,
    6.675617629157E-02,7.735884378815E-02,8.679755798888E-02,
    9.542083346997E-02,0.103435317105,0.110975441185,0.118134466631,
    0.124980232214,0.131563916605,0.137925263337,0.144095870271,
    0.150101352936,0.155962819326,0.16169790603,0.167321525098,
    0.172846414439,0.178283551377,0.18364246875,0.188931500289,
    0.194157973749,0.199328364902,0.20444842177,0.209523265982,
    0.214557476318,0.219555158251,0.224520002363,0.229455333831,
    0.234364154694,0.239249180184,0.244112870201,0.248957456702,
    0.253784967687,0.258597248282,0.263395979354,0.268182693996,
    0.272958792175,0.27772555377,0.282484150212,0.287235654883,
    0.291981052431,0.296721247119,0.301457070315,0.306189287223,
    0.310919293077,0.315655371856,0.320399980632,0.32515309033,
    0.329914691623,0.33468478033,0.339463354215,0.344250411941,
    0.349045952647,0.353849975744,0.358662480811,0.363483467539,
    0.368312935692,0.373150885086,0.377997315577,0.382852227048,
    0.387715619403,0.392587492562,0.397467846459,0.402356681039,
    0.407253996253,0.41215979206,0.417074068425,0.421996825315,
    0.426928062704,0.431867780568,0.436815978885,0.441772657636,
    0.446737816804,0.451711456374,0.456693576332,0.461684176666,
    0.466683257364,0.471690818415,0.476706859811,0.481731381543,
    0.486764383603,0.491805865984,0.496855828678,0.50191427168,
    0.506981194984,0.512056598584,0.517140482477,0.522232846656,
    0.527333691118,0.532443015859,0.537560820874,0.542687106161,
    0.547821871717,0.552965117537,0.55811684362,0.563277049962,
    0.56844573656,0.573622903413,0.578808550518,0.584002677873,
    0.589205285476,0.594416373325,0.599635941417,0.604863989752,
    0.610100518327,0.615345527141,0.620599016193,0.62586098548,
    0.631131435002,0.636410364758,0.641697774745,0.646993664963,
    0.652298035411,0.657610886087,0.66293221699,0.668262028121,
    0.673600319476,0.678947091057,0.684302342861,0.689666074887,
    0.695038287136,0.700418979606,0.700983298363),.UNSPECIFIED.);
#6926 = CARTESIAN_POINT('',(12.027833611805,8.682034537236));
#6927 = CARTESIAN_POINT('',(12.03480402607,8.69278743681));
#6928 = CARTESIAN_POINT('',(12.046477138243,8.706812995504));
#6929 = CARTESIAN_POINT('',(12.063308847696,8.721416584725));
#6930 = CARTESIAN_POINT('',(12.073855337325,8.729097722616));
#6931 = CARTESIAN_POINT('',(12.083029098401,8.734866125471));
#6932 = CARTESIAN_POINT('',(12.091406718436,8.739470863222));
#6933 = CARTESIAN_POINT('',(12.099236224363,8.743254346692));
#6934 = CARTESIAN_POINT('',(12.10665452192,8.746411314891));
#6935 = CARTESIAN_POINT('',(12.113747436118,8.749066203749));
#6936 = CARTESIAN_POINT('',(12.120573311349,8.751304680098));
#6937 = CARTESIAN_POINT('',(12.127174095137,8.753188912832));
#6938 = CARTESIAN_POINT('',(12.133581229623,8.754765837796));
#6939 = CARTESIAN_POINT('',(12.139819054993,8.756072004749));
#6940 = CARTESIAN_POINT('',(12.145906907079,8.757136596783));
#6941 = CARTESIAN_POINT('',(12.151860475945,8.757983403069));
#6942 = CARTESIAN_POINT('',(12.157692722068,8.758632158243));
#6943 = CARTESIAN_POINT('',(12.163414514917,8.759099481129));
#6944 = CARTESIAN_POINT('',(12.169035090554,8.759399550405));
#6945 = CARTESIAN_POINT('',(12.17456238733,8.759544602045));
#6946 = CARTESIAN_POINT('',(12.18000329716,8.759545302738));
#6947 = CARTESIAN_POINT('',(12.185363856921,8.759411034915));
#6948 = CARTESIAN_POINT('',(12.190649396474,8.759150117581));
#6949 = CARTESIAN_POINT('',(12.195864654695,8.758769979596));
#6950 = CARTESIAN_POINT('',(12.201013871523,8.758277297238));
#6951 = CARTESIAN_POINT('',(12.206100861778,8.757678104562));
#6952 = CARTESIAN_POINT('',(12.21112907495,8.756977882786));
#6953 = CARTESIAN_POINT('',(12.216101644072,8.756181633335));
#6954 = CARTESIAN_POINT('',(12.221021426015,8.755293938055));
#6955 = CARTESIAN_POINT('',(12.225891034997,8.754319009254));
#6956 = CARTESIAN_POINT('',(12.230712870657,8.753260731619));
#6957 = CARTESIAN_POINT('',(12.235489141777,8.752122697622));
#6958 = CARTESIAN_POINT('',(12.240221886466,8.750908237653));
#6959 = CARTESIAN_POINT('',(12.244912989471,8.74962044586));
#6960 = CARTESIAN_POINT('',(12.249564197128,8.748262202489));
#6961 = CARTESIAN_POINT('',(12.254177130358,8.746836193325));
#6962 = CARTESIAN_POINT('',(12.258753296065,8.745344926763));
#6963 = CARTESIAN_POINT('',(12.26329409711,8.743790748754));
#6964 = CARTESIAN_POINT('',(12.267800841386,8.742175856564));
#6965 = CARTESIAN_POINT('',(12.272274749017,8.740502309216));
#6966 = CARTESIAN_POINT('',(12.276716962115,8.738772043757));
#6967 = CARTESIAN_POINT('',(12.281128541179,8.736986864261));
#6968 = CARTESIAN_POINT('',(12.285510507961,8.735148527474));
#6969 = CARTESIAN_POINT('',(12.289863712434,8.7332584644));
#6970 = CARTESIAN_POINT('',(12.294189352447,8.731318854294));
#6971 = CARTESIAN_POINT('',(12.298487059347,8.729328656434));
#6972 = CARTESIAN_POINT('',(12.302762260794,8.727298332115));
#6973 = CARTESIAN_POINT('',(12.307001588901,8.725193572597));
#6974 = CARTESIAN_POINT('',(12.311306709622,8.723216109091));
#6975 = CARTESIAN_POINT('',(12.315658357474,8.721324976367));
#6976 = CARTESIAN_POINT('',(12.320050120242,8.71950658351));
#6977 = CARTESIAN_POINT('',(12.324476503364,8.717751184485));
#6978 = CARTESIAN_POINT('',(12.328934065629,8.716052613358));
#6979 = CARTESIAN_POINT('',(12.333420165732,8.714406183288));
#6980 = CARTESIAN_POINT('',(12.337932774391,8.712808305253));
#6981 = CARTESIAN_POINT('',(12.342470247318,8.711256089121));
#6982 = CARTESIAN_POINT('',(12.347031223658,8.70974715692));
#6983 = CARTESIAN_POINT('',(12.351614550875,8.708279507795));
#6984 = CARTESIAN_POINT('',(12.356219236784,8.70685143103));
#6985 = CARTESIAN_POINT('',(12.360844415108,8.705461443774));
#6986 = CARTESIAN_POINT('',(12.365489320686,8.704108246191));
#6987 = CARTESIAN_POINT('',(12.370153270949,8.702790687933));
#6988 = CARTESIAN_POINT('',(12.374835651807,8.701507742618));
#6989 = CARTESIAN_POINT('',(12.379535906681,8.700258487969));
#6990 = CARTESIAN_POINT('',(12.384253527825,8.699042090127));
#6991 = CARTESIAN_POINT('',(12.388988049374,8.697857791063));
#6992 = CARTESIAN_POINT('',(12.393739041687,8.696704898342));
#6993 = CARTESIAN_POINT('',(12.398506106697,8.695582776719));
#6994 = CARTESIAN_POINT('',(12.403288874057,8.694490841149));
#6995 = CARTESIAN_POINT('',(12.4080869979,8.693428550934));
#6996 = CARTESIAN_POINT('',(12.4129001541,8.692395404771));
#6997 = CARTESIAN_POINT('',(12.41772803795,8.691390936535));
#6998 = CARTESIAN_POINT('',(12.422570362155,8.690414711666));
#6999 = CARTESIAN_POINT('',(12.427426855112,8.689466324039));
#7000 = CARTESIAN_POINT('',(12.432297259411,8.688545393261));
#7001 = CARTESIAN_POINT('',(12.437181330526,8.687651562302));
#7002 = CARTESIAN_POINT('',(12.442078835668,8.686784495414));
#7003 = CARTESIAN_POINT('',(12.446989552774,8.685943876308));
#7004 = CARTESIAN_POINT('',(12.451913269615,8.68512940653));
#7005 = CARTESIAN_POINT('',(12.456849782994,8.68434080402));
#7006 = CARTESIAN_POINT('',(12.46179889804,8.683577801829));
#7007 = CARTESIAN_POINT('',(12.466760427574,8.682840146968));
#7008 = CARTESIAN_POINT('',(12.471734191534,8.682127599375));
#7009 = CARTESIAN_POINT('',(12.476720016463,8.681439930983));
#7010 = CARTESIAN_POINT('',(12.481717735045,8.680776924878));
#7011 = CARTESIAN_POINT('',(12.486727185682,8.680138374537));
#7012 = CARTESIAN_POINT('',(12.49174821211,8.679524083135));
#7013 = CARTESIAN_POINT('',(12.496780663052,8.678933862913));
#7014 = CARTESIAN_POINT('',(12.501824391902,8.678367534599));
#7015 = CARTESIAN_POINT('',(12.506879256428,8.677824926886));
#7016 = CARTESIAN_POINT('',(12.511945118507,8.677305875941));
#7017 = CARTESIAN_POINT('',(12.517021843883,8.676810224966));
#7018 = CARTESIAN_POINT('',(12.522109301936,8.676337823785));
#7019 = CARTESIAN_POINT('',(12.527207365475,8.675888528467));
#7020 = CARTESIAN_POINT('',(12.532315910546,8.675462200978));
#7021 = CARTESIAN_POINT('',(12.537434816253,8.675058708854));
#7022 = CARTESIAN_POINT('',(12.542563964594,8.674677924908));
#7023 = CARTESIAN_POINT('',(12.547703240303,8.674319726943));
#7024 = CARTESIAN_POINT('',(12.552852530714,8.673983997501));
#7025 = CARTESIAN_POINT('',(12.558011725622,8.673670623616));
#7026 = CARTESIAN_POINT('',(12.563180717161,8.673379496595));
#7027 = CARTESIAN_POINT('',(12.568359399691,8.6731105118));
#7028 = CARTESIAN_POINT('',(12.573547669684,8.672863568461));
#7029 = CARTESIAN_POINT('',(12.578745425628,8.672638569485));
#7030 = CARTESIAN_POINT('',(12.583952567929,8.672435421284));
#7031 = CARTESIAN_POINT('',(12.589168998823,8.67225403362));
#7032 = CARTESIAN_POINT('',(12.594394622292,8.672094319445));
#7033 = CARTESIAN_POINT('',(12.599629343985,8.671956194763));
#7034 = CARTESIAN_POINT('',(12.604873071145,8.671839578493));
#7035 = CARTESIAN_POINT('',(12.610125712537,8.671744392344));
#7036 = CARTESIAN_POINT('',(12.615387178384,8.671670560696));
#7037 = CARTESIAN_POINT('',(12.620657380307,8.671618010483));
#7038 = CARTESIAN_POINT('',(12.625936231261,8.671586671092));
#7039 = CARTESIAN_POINT('',(12.631223645483,8.671576474258));
#7040 = CARTESIAN_POINT('',(12.63651953844,8.67158735397));
#7041 = CARTESIAN_POINT('',(12.641823826776,8.671619246381));
#7042 = CARTESIAN_POINT('',(12.647136428268,8.671672089722));
#7043 = CARTESIAN_POINT('',(12.652457261781,8.671745824217));
#7044 = CARTESIAN_POINT('',(12.657786247225,8.67184039202));
#7045 = CARTESIAN_POINT('',(12.663123305512,8.671955737113));
#7046 = CARTESIAN_POINT('',(12.668468358524,8.672091805269));
#7047 = CARTESIAN_POINT('',(12.673821329069,8.672248543964));
#7048 = CARTESIAN_POINT('',(12.679182140852,8.672425902321));
#7049 = CARTESIAN_POINT('',(12.684550718439,8.67262383105));
#7050 = CARTESIAN_POINT('',(12.688320024819,8.672776987459));
#7051 = CARTESIAN_POINT('',(12.690299892299,8.672861527904));
#7052 = CARTESIAN_POINT('',(12.690487825824,8.672869589536));
#7053 = ( GEOMETRIC_REPRESENTATION_CONTEXT(2) 
PARAMETRIC_REPRESENTATION_CONTEXT() REPRESENTATION_CONTEXT('2D SPACE',''
  ) );
#7054 = ORIENTED_EDGE('',*,*,#7055,.F.);
#7055 = EDGE_CURVE('',#7056,#6661,#7058,.T.);
#7056 = VERTEX_POINT('',#7057);
#7057 = CARTESIAN_POINT('',(2.00358248822,-1.356966031204,-4.5000001757)
  );
#7058 = SURFACE_CURVE('',#7059,(#7063,#7070),.PCURVE_S1.);
#7059 = LINE('',#7060,#7061);
#7060 = CARTESIAN_POINT('',(1.923881850206,-1.476246465346,-4.5));
#7061 = VECTOR('',#7062,1.);
#7062 = DIRECTION('',(0.55557023302,0.831469612303,0.));
#7063 = PCURVE('',#156,#7064);
#7064 = DEFINITIONAL_REPRESENTATION('',(#7065),#7069);
#7065 = LINE('',#7066,#7067);
#7066 = CARTESIAN_POINT('',(1.476246515346,-1.923881850206));
#7067 = VECTOR('',#7068,1.);
#7068 = DIRECTION('',(-0.831469612303,-0.55557023302));
#7069 = ( GEOMETRIC_REPRESENTATION_CONTEXT(2) 
PARAMETRIC_REPRESENTATION_CONTEXT() REPRESENTATION_CONTEXT('2D SPACE',''
  ) );
#7070 = PCURVE('',#7071,#7076);
#7071 = PLANE('',#7072);
#7072 = AXIS2_PLACEMENT_3D('',#7073,#7074,#7075);
#7073 = CARTESIAN_POINT('',(1.923881850206,-1.476246465346,-4.5));
#7074 = DIRECTION('',(-0.831469612303,0.55557023302,0.));
#7075 = DIRECTION('',(0.55557023302,0.831469612303,0.));
#7076 = DEFINITIONAL_REPRESENTATION('',(#7077),#7081);
#7077 = LINE('',#7078,#7079);
#7078 = CARTESIAN_POINT('',(0.,0.));
#7079 = VECTOR('',#7080,1.);
#7080 = DIRECTION('',(1.,0.));
#7081 = ( GEOMETRIC_REPRESENTATION_CONTEXT(2) 
PARAMETRIC_REPRESENTATION_CONTEXT() REPRESENTATION_CONTEXT('2D SPACE',''
  ) );
#7082 = ORIENTED_EDGE('',*,*,#7083,.T.);
#7083 = EDGE_CURVE('',#7056,#7084,#7086,.T.);
#7084 = VERTEX_POINT('',#7085);
#7085 = CARTESIAN_POINT('',(2.284969154656,-1.943943355122,-4.5000003514
    ));
#7086 = SURFACE_CURVE('',#7087,(#7215,#7346),.PCURVE_S1.);
#7087 = B_SPLINE_CURVE_WITH_KNOTS('',3,(#7088,#7089,#7090,#7091,#7092,
    #7093,#7094,#7095,#7096,#7097,#7098,#7099,#7100,#7101,#7102,#7103,
    #7104,#7105,#7106,#7107,#7108,#7109,#7110,#7111,#7112,#7113,#7114,
    #7115,#7116,#7117,#7118,#7119,#7120,#7121,#7122,#7123,#7124,#7125,
    #7126,#7127,#7128,#7129,#7130,#7131,#7132,#7133,#7134,#7135,#7136,
    #7137,#7138,#7139,#7140,#7141,#7142,#7143,#7144,#7145,#7146,#7147,
    #7148,#7149,#7150,#7151,#7152,#7153,#7154,#7155,#7156,#7157,#7158,
    #7159,#7160,#7161,#7162,#7163,#7164,#7165,#7166,#7167,#7168,#7169,
    #7170,#7171,#7172,#7173,#7174,#7175,#7176,#7177,#7178,#7179,#7180,
    #7181,#7182,#7183,#7184,#7185,#7186,#7187,#7188,#7189,#7190,#7191,
    #7192,#7193,#7194,#7195,#7196,#7197,#7198,#7199,#7200,#7201,#7202,
    #7203,#7204,#7205,#7206,#7207,#7208,#7209,#7210,#7211,#7212,#7213,
    #7214),.UNSPECIFIED.,.F.,.F.,(4,1,1,1,1,1,1,1,1,1,1,1,1,1,1,1,1,1,1,
    1,1,1,1,1,1,1,1,1,1,1,1,1,1,1,1,1,1,1,1,1,1,1,1,1,1,1,1,1,1,1,1,1,1,
    1,1,1,1,1,1,1,1,1,1,1,1,1,1,1,1,1,1,1,1,1,1,1,1,1,1,1,1,1,1,1,1,1,1,
    1,1,1,1,1,1,1,1,1,1,1,1,1,1,1,1,1,1,1,1,1,1,1,1,1,1,1,1,1,1,1,1,1,1,
    1,1,1,4),(0.,3.825348486101E-02,5.430853348674E-02,
    6.675617629157E-02,7.735884378815E-02,8.679755798888E-02,
    9.542083346997E-02,0.103435317105,0.110975441185,0.118134466631,
    0.124980232214,0.131563916605,0.137925263337,0.144095870271,
    0.150101352936,0.155962819326,0.16169790603,0.167321525098,
    0.172846414439,0.178283551377,0.18364246875,0.188931500289,
    0.194157973749,0.199328364902,0.20444842177,0.209523265982,
    0.214557476318,0.219555158251,0.224520002363,0.229455333831,
    0.234364154694,0.239249180184,0.244112870201,0.248957456702,
    0.253784967687,0.258597248282,0.263395979354,0.268182693996,
    0.272958792175,0.27772555377,0.282484150212,0.287235654883,
    0.291981052431,0.296721247119,0.301457070315,0.306189287223,
    0.310919293077,0.315655371856,0.320399980632,0.32515309033,
    0.329914691623,0.33468478033,0.339463354215,0.344250411941,
    0.349045952647,0.353849975744,0.358662480811,0.363483467539,
    0.368312935692,0.373150885086,0.377997315577,0.382852227048,
    0.387715619403,0.392587492562,0.397467846459,0.402356681039,
    0.407253996253,0.41215979206,0.417074068425,0.421996825315,
    0.426928062704,0.431867780568,0.436815978885,0.441772657636,
    0.446737816804,0.451711456374,0.456693576332,0.461684176666,
    0.466683257364,0.471690818415,0.476706859811,0.481731381543,
    0.486764383603,0.491805865984,0.496855828678,0.50191427168,
    0.506981194984,0.512056598584,0.517140482477,0.522232846656,
    0.527333691118,0.532443015859,0.537560820874,0.542687106161,
    0.547821871717,0.552965117537,0.55811684362,0.563277049962,
    0.56844573656,0.573622903413,0.578808550518,0.584002677873,
    0.589205285476,0.594416373325,0.599635941417,0.604863989752,
    0.610100518327,0.615345527141,0.620599016193,0.62586098548,
    0.631131435002,0.636410364758,0.641697774745,0.646993664963,
    0.652298035411,0.657610886087,0.66293221699,0.668262028121,
    0.673600319476,0.678947091057,0.684302342861,0.689666074887,
    0.695038287136,0.700418979606,0.700983298373),.UNSPECIFIED.);
#7088 = CARTESIAN_POINT('',(2.013863139033,-1.339215207994,-4.5000003514
    ));
#7089 = CARTESIAN_POINT('',(2.006754489404,-1.349877225848,-4.5000003514
    ));
#7090 = CARTESIAN_POINT('',(1.998505579422,-1.36615399852,-4.5000003514)
  );
#7091 = CARTESIAN_POINT('',(1.991770989655,-1.38739585724,-4.5000003514)
  );
#7092 = CARTESIAN_POINT('',(1.988900066621,-1.400123234179,-4.5000003514
    ));
#7093 = CARTESIAN_POINT('',(1.987240981195,-1.410832099634,-4.5000003514
    ));
#7094 = CARTESIAN_POINT('',(1.986334609634,-1.420348749138,-4.5000003514
    ));
#7095 = CARTESIAN_POINT('',(1.985964919464,-1.429036628016,-4.5000003514
    ));
#7096 = CARTESIAN_POINT('',(1.986007399826,-1.437098624188,-4.5000003514
    ));
#7097 = CARTESIAN_POINT('',(1.986381833211,-1.444662860191,-4.5000003514
    ));
#7098 = CARTESIAN_POINT('',(1.987032700788,-1.451816860501,-4.5000003514
    ));
#7099 = CARTESIAN_POINT('',(1.987919556315,-1.458623781015,-4.5000003514
    ));
#7100 = CARTESIAN_POINT('',(1.989011773931,-1.465131094235,-4.5000003514
    ));
#7101 = CARTESIAN_POINT('',(1.990285447517,-1.471375635295,-4.5000003514
    ));
#7102 = CARTESIAN_POINT('',(1.991721450207,-1.477386724672,-4.5000003514
    ));
#7103 = CARTESIAN_POINT('',(1.993304161855,-1.483188197499,-4.5000003514
    ));
#7104 = CARTESIAN_POINT('',(1.995020602571,-1.488799775654,-4.5000003514
    ));
#7105 = CARTESIAN_POINT('',(1.996859824071,-1.494238026141,-4.5000003514
    ));
#7106 = CARTESIAN_POINT('',(1.998812470765,-1.499517049057,-4.5000003514
    ));
#7107 = CARTESIAN_POINT('',(2.000870456154,-1.504648982978,-4.5000003514
    ));
#7108 = CARTESIAN_POINT('',(2.003026719617,-1.509644383677,-4.5000003514
    ));
#7109 = CARTESIAN_POINT('',(2.005275040611,-1.514512512836,-4.5000003514
    ));
#7110 = CARTESIAN_POINT('',(2.007609894611,-1.51926156148,-4.5000003514)
  );
#7111 = CARTESIAN_POINT('',(2.010026340025,-1.523898825195,-4.5000003514
    ));
#7112 = CARTESIAN_POINT('',(2.012519928392,-1.528430843167,-4.5000003514
    ));
#7113 = CARTESIAN_POINT('',(2.015086632328,-1.532863509704,-4.5000003514
    ));
#7114 = CARTESIAN_POINT('',(2.017722787165,-1.537202164554,-4.5000003514
    ));
#7115 = CARTESIAN_POINT('',(2.020425043265,-1.54145166674,-4.5000003514)
  );
#7116 = CARTESIAN_POINT('',(2.023190326715,-1.545616455417,-4.5000003514
    ));
#7117 = CARTESIAN_POINT('',(2.026015806673,-1.54970060047,-4.5000003514)
  );
#7118 = CARTESIAN_POINT('',(2.028898868005,-1.553707844914,-4.5000003514
    ));
#7119 = CARTESIAN_POINT('',(2.031837088195,-1.557641640702,-4.5000003514
    ));
#7120 = CARTESIAN_POINT('',(2.034828217674,-1.561505179203,-4.5000003514
    ));
#7121 = CARTESIAN_POINT('',(2.037870162965,-1.565301417335,-4.5000003514
    ));
#7122 = CARTESIAN_POINT('',(2.040960972095,-1.569033100152,-4.5000003514
    ));
#7123 = CARTESIAN_POINT('',(2.044098821905,-1.572702780478,-4.5000003514
    ));
#7124 = CARTESIAN_POINT('',(2.047282006891,-1.576312836139,-4.5000003514
    ));
#7125 = CARTESIAN_POINT('',(2.05050892944,-1.579865485049,-4.5000003514)
  );
#7126 = CARTESIAN_POINT('',(2.053778090793,-1.58336279899,-4.5000003514)
  );
#7127 = CARTESIAN_POINT('',(2.057088084313,-1.586806714365,-4.5000003514
    ));
#7128 = CARTESIAN_POINT('',(2.060437584421,-1.590199047602,-4.5000003514
    ));
#7129 = CARTESIAN_POINT('',(2.063825355264,-1.593541487488,-4.5000003514
    ));
#7130 = CARTESIAN_POINT('',(2.067250189075,-1.596835668477,-4.5000003514
    ));
#7131 = CARTESIAN_POINT('',(2.070711109047,-1.600082938185,-4.5000003514
    ));
#7132 = CARTESIAN_POINT('',(2.074206589332,-1.603285260228,-4.5000003514
    ));
#7133 = CARTESIAN_POINT('',(2.077737439239,-1.60644188359,-4.5000003514)
  );
#7134 = CARTESIAN_POINT('',(2.081296206248,-1.609561938338,-4.5000003514
    ));
#7135 = CARTESIAN_POINT('',(2.08490908875,-1.612619551044,-4.5000003514)
  );
#7136 = CARTESIAN_POINT('',(2.088431186676,-1.615788028997,-4.5000003514
    ));
#7137 = CARTESIAN_POINT('',(2.091892471576,-1.619033445587,-4.5000003514
    ));
#7138 = CARTESIAN_POINT('',(2.095302878875,-1.622344526203,-4.5000003514
    ));
#7139 = CARTESIAN_POINT('',(2.098669177915,-1.625712362906,-4.5000003514
    ));
#7140 = CARTESIAN_POINT('',(2.101995665261,-1.629131352106,-4.5000003514
    ));
#7141 = CARTESIAN_POINT('',(2.105285596676,-1.632597210932,-4.5000003514
    ));
#7142 = CARTESIAN_POINT('',(2.108541462666,-1.636106653591,-4.5000003514
    ));
#7143 = CARTESIAN_POINT('',(2.111765264733,-1.639657024799,-4.5000003514
    ));
#7144 = CARTESIAN_POINT('',(2.114958646542,-1.643246132513,-4.5000003514
    ));
#7145 = CARTESIAN_POINT('',(2.118122988118,-1.646872125441,-4.5000003514
    ));
#7146 = CARTESIAN_POINT('',(2.121259466691,-1.650533414523,-4.5000003514
    ));
#7147 = CARTESIAN_POINT('',(2.124369100203,-1.654228616617,-4.5000003514
    ));
#7148 = CARTESIAN_POINT('',(2.127452778664,-1.65795651397,-4.5000003514)
  );
#7149 = CARTESIAN_POINT('',(2.130511287584,-1.661716023912,-4.5000003514
    ));
#7150 = CARTESIAN_POINT('',(2.133545325814,-1.665506175784,-4.5000003514
    ));
#7151 = CARTESIAN_POINT('',(2.136555519421,-1.669326092995,-4.5000003514
    ));
#7152 = CARTESIAN_POINT('',(2.139542432664,-1.673174978841,-4.5000003514
    ));
#7153 = CARTESIAN_POINT('',(2.142506576784,-1.677052105123,-4.5000003514
    ));
#7154 = CARTESIAN_POINT('',(2.145448417163,-1.680956802904,-4.5000003514
    ));
#7155 = CARTESIAN_POINT('',(2.148368379196,-1.684888454907,-4.5000003514
    ));
#7156 = CARTESIAN_POINT('',(2.15126685318,-1.688846489202,-4.5000003514)
  );
#7157 = CARTESIAN_POINT('',(2.154144198401,-1.692830373912,-4.5000003514
    ));
#7158 = CARTESIAN_POINT('',(2.157000746598,-1.696839612743,-4.5000003514
    ));
#7159 = CARTESIAN_POINT('',(2.159836804912,-1.700873741167,-4.5000003514
    ));
#7160 = CARTESIAN_POINT('',(2.16265265841,-1.704932323158,-4.5000003514)
  );
#7161 = CARTESIAN_POINT('',(2.16544857227,-1.70901494837,-4.5000003514)
  );
#7162 = CARTESIAN_POINT('',(2.168224793675,-1.713121229686,-4.5000003514
    ));
#7163 = CARTESIAN_POINT('',(2.170981553469,-1.717250801077,-4.5000003514
    ));
#7164 = CARTESIAN_POINT('',(2.173719067605,-1.721403315732,-4.5000003514
    ));
#7165 = CARTESIAN_POINT('',(2.176437538429,-1.725578444396,-4.5000003514
    ));
#7166 = CARTESIAN_POINT('',(2.179137155808,-1.729775873914,-4.5000003514
    ));
#7167 = CARTESIAN_POINT('',(2.181818098141,-1.733995305921,-4.5000003514
    ));
#7168 = CARTESIAN_POINT('',(2.184480533252,-1.73823645569,-4.5000003514)
  );
#7169 = CARTESIAN_POINT('',(2.187124619202,-1.742499051084,-4.5000003514
    ));
#7170 = CARTESIAN_POINT('',(2.189750505002,-1.746782831631,-4.5000003514
    ));
#7171 = CARTESIAN_POINT('',(2.19235833127,-1.751087547672,-4.5000003514)
  );
#7172 = CARTESIAN_POINT('',(2.194948230821,-1.755412959611,-4.5000003514
    ));
#7173 = CARTESIAN_POINT('',(2.197520329194,-1.759758837218,-4.5000003514
    ));
#7174 = CARTESIAN_POINT('',(2.200074745143,-1.764124959007,-4.5000003514
    ));
#7175 = CARTESIAN_POINT('',(2.202611591073,-1.768511111664,-4.5000003514
    ));
#7176 = CARTESIAN_POINT('',(2.205130973447,-1.772917089526,-4.5000003514
    ));
#7177 = CARTESIAN_POINT('',(2.207632993156,-1.777342694103,-4.5000003514
    ));
#7178 = CARTESIAN_POINT('',(2.210117745853,-1.781787733645,-4.5000003514
    ));
#7179 = CARTESIAN_POINT('',(2.212585322266,-1.786252022735,-4.5000003514
    ));
#7180 = CARTESIAN_POINT('',(2.215035808487,-1.790735381921,-4.5000003514
    ));
#7181 = CARTESIAN_POINT('',(2.217469286233,-1.795237637378,-4.5000003514
    ));
#7182 = CARTESIAN_POINT('',(2.219885833089,-1.799758620585,-4.5000003514
    ));
#7183 = CARTESIAN_POINT('',(2.222285522741,-1.804298168042,-4.5000003514
    ));
#7184 = CARTESIAN_POINT('',(2.224668425176,-1.808856120992,-4.5000003514
    ));
#7185 = CARTESIAN_POINT('',(2.227034606884,-1.813432325175,-4.5000003514
    ));
#7186 = CARTESIAN_POINT('',(2.229384131038,-1.81802663059,-4.5000003514)
  );
#7187 = CARTESIAN_POINT('',(2.231717057658,-1.82263889128,-4.5000003514)
  );
#7188 = CARTESIAN_POINT('',(2.234033443773,-1.827268965128,-4.5000003514
    ));
#7189 = CARTESIAN_POINT('',(2.236333343568,-1.831916713669,-4.5000003514
    ));
#7190 = CARTESIAN_POINT('',(2.238616808517,-1.836582001909,-4.5000003514
    ));
#7191 = CARTESIAN_POINT('',(2.240883887516,-1.841264698162,-4.5000003514
    ));
#7192 = CARTESIAN_POINT('',(2.243134627002,-1.845964673897,-4.5000003514
    ));
#7193 = CARTESIAN_POINT('',(2.245369071065,-1.850681803584,-4.5000003514
    ));
#7194 = CARTESIAN_POINT('',(2.247587261557,-1.855415964565,-4.5000003514
    ));
#7195 = CARTESIAN_POINT('',(2.24978923819,-1.860167036922,-4.5000003514)
  );
#7196 = CARTESIAN_POINT('',(2.251975038628,-1.864934903355,-4.5000003514
    ));
#7197 = CARTESIAN_POINT('',(2.254144698582,-1.869719449068,-4.5000003514
    ));
#7198 = CARTESIAN_POINT('',(2.256298251886,-1.874520561662,-4.5000003514
    ));
#7199 = CARTESIAN_POINT('',(2.258435730584,-1.879338131034,-4.5000003514
    ));
#7200 = CARTESIAN_POINT('',(2.260557164997,-1.884172049277,-4.5000003514
    ));
#7201 = CARTESIAN_POINT('',(2.262662583797,-1.889022210595,-4.5000003514
    ));
#7202 = CARTESIAN_POINT('',(2.264752014077,-1.89388851121,-4.5000003514)
  );
#7203 = CARTESIAN_POINT('',(2.266825481408,-1.898770849288,-4.5000003514
    ));
#7204 = CARTESIAN_POINT('',(2.268883009903,-1.903669124854,-4.5000003514
    ));
#7205 = CARTESIAN_POINT('',(2.270924622278,-1.908583239725,-4.5000003514
    ));
#7206 = CARTESIAN_POINT('',(2.272950339888,-1.91351309744,-4.5000003514)
  );
#7207 = CARTESIAN_POINT('',(2.274960182809,-1.918458603187,-4.5000003514
    ));
#7208 = CARTESIAN_POINT('',(2.276954169859,-1.923419663747,-4.5000003514
    ));
#7209 = CARTESIAN_POINT('',(2.278932318655,-1.928396187434,-4.5000003514
    ));
#7210 = CARTESIAN_POINT('',(2.280894645663,-1.933388084035,-4.5000003514
    ));
#7211 = CARTESIAN_POINT('',(2.28284116623,-1.938395264757,-4.5000003514)
  );
#7212 = CARTESIAN_POINT('',(2.284194801469,-1.941916457613,-4.5000003514
    ));
#7213 = CARTESIAN_POINT('',(2.284902054435,-1.943767623618,-4.5000003514
    ));
#7214 = CARTESIAN_POINT('',(2.284969154656,-1.943943355122,-4.5000003514
    ));
#7215 = PCURVE('',#156,#7216);
#7216 = DEFINITIONAL_REPRESENTATION('',(#7217),#7345);
#7217 = B_SPLINE_CURVE_WITH_KNOTS('',3,(#7218,#7219,#7220,#7221,#7222,
    #7223,#7224,#7225,#7226,#7227,#7228,#7229,#7230,#7231,#7232,#7233,
    #7234,#7235,#7236,#7237,#7238,#7239,#7240,#7241,#7242,#7243,#7244,
    #7245,#7246,#7247,#7248,#7249,#7250,#7251,#7252,#7253,#7254,#7255,
    #7256,#7257,#7258,#7259,#7260,#7261,#7262,#7263,#7264,#7265,#7266,
    #7267,#7268,#7269,#7270,#7271,#7272,#7273,#7274,#7275,#7276,#7277,
    #7278,#7279,#7280,#7281,#7282,#7283,#7284,#7285,#7286,#7287,#7288,
    #7289,#7290,#7291,#7292,#7293,#7294,#7295,#7296,#7297,#7298,#7299,
    #7300,#7301,#7302,#7303,#7304,#7305,#7306,#7307,#7308,#7309,#7310,
    #7311,#7312,#7313,#7314,#7315,#7316,#7317,#7318,#7319,#7320,#7321,
    #7322,#7323,#7324,#7325,#7326,#7327,#7328,#7329,#7330,#7331,#7332,
    #7333,#7334,#7335,#7336,#7337,#7338,#7339,#7340,#7341,#7342,#7343,
    #7344),.UNSPECIFIED.,.F.,.F.,(4,1,1,1,1,1,1,1,1,1,1,1,1,1,1,1,1,1,1,
    1,1,1,1,1,1,1,1,1,1,1,1,1,1,1,1,1,1,1,1,1,1,1,1,1,1,1,1,1,1,1,1,1,1,
    1,1,1,1,1,1,1,1,1,1,1,1,1,1,1,1,1,1,1,1,1,1,1,1,1,1,1,1,1,1,1,1,1,1,
    1,1,1,1,1,1,1,1,1,1,1,1,1,1,1,1,1,1,1,1,1,1,1,1,1,1,1,1,1,1,1,1,1,1,
    1,1,1,4),(0.,3.825348486101E-02,5.430853348674E-02,
    6.675617629157E-02,7.735884378815E-02,8.679755798888E-02,
    9.542083346997E-02,0.103435317105,0.110975441185,0.118134466631,
    0.124980232214,0.131563916605,0.137925263337,0.144095870271,
    0.150101352936,0.155962819326,0.16169790603,0.167321525098,
    0.172846414439,0.178283551377,0.18364246875,0.188931500289,
    0.194157973749,0.199328364902,0.20444842177,0.209523265982,
    0.214557476318,0.219555158251,0.224520002363,0.229455333831,
    0.234364154694,0.239249180184,0.244112870201,0.248957456702,
    0.253784967687,0.258597248282,0.263395979354,0.268182693996,
    0.272958792175,0.27772555377,0.282484150212,0.287235654883,
    0.291981052431,0.296721247119,0.301457070315,0.306189287223,
    0.310919293077,0.315655371856,0.320399980632,0.32515309033,
    0.329914691623,0.33468478033,0.339463354215,0.344250411941,
    0.349045952647,0.353849975744,0.358662480811,0.363483467539,
    0.368312935692,0.373150885086,0.377997315577,0.382852227048,
    0.387715619403,0.392587492562,0.397467846459,0.402356681039,
    0.407253996253,0.41215979206,0.417074068425,0.421996825315,
    0.426928062704,0.431867780568,0.436815978885,0.441772657636,
    0.446737816804,0.451711456374,0.456693576332,0.461684176666,
    0.466683257364,0.471690818415,0.476706859811,0.481731381543,
    0.486764383603,0.491805865984,0.496855828678,0.50191427168,
    0.506981194984,0.512056598584,0.517140482477,0.522232846656,
    0.527333691118,0.532443015859,0.537560820874,0.542687106161,
    0.547821871717,0.552965117537,0.55811684362,0.563277049962,
    0.56844573656,0.573622903413,0.578808550518,0.584002677873,
    0.589205285476,0.594416373325,0.599635941417,0.604863989752,
    0.610100518327,0.615345527141,0.620599016193,0.62586098548,
    0.631131435002,0.636410364758,0.641697774745,0.646993664963,
    0.652298035411,0.657610886087,0.66293221699,0.668262028121,
    0.673600319476,0.678947091057,0.684302342861,0.689666074887,
    0.695038287136,0.700418979606,0.700983298373),.UNSPECIFIED.);
#7218 = CARTESIAN_POINT('',(1.339215257994,-2.013863139033));
#7219 = CARTESIAN_POINT('',(1.349877275848,-2.006754489404));
#7220 = CARTESIAN_POINT('',(1.36615404852,-1.998505579422));
#7221 = CARTESIAN_POINT('',(1.38739590724,-1.991770989655));
#7222 = CARTESIAN_POINT('',(1.400123284179,-1.988900066621));
#7223 = CARTESIAN_POINT('',(1.410832149634,-1.987240981195));
#7224 = CARTESIAN_POINT('',(1.420348799138,-1.986334609634));
#7225 = CARTESIAN_POINT('',(1.429036678016,-1.985964919464));
#7226 = CARTESIAN_POINT('',(1.437098674188,-1.986007399826));
#7227 = CARTESIAN_POINT('',(1.444662910191,-1.986381833211));
#7228 = CARTESIAN_POINT('',(1.451816910501,-1.987032700788));
#7229 = CARTESIAN_POINT('',(1.458623831015,-1.987919556315));
#7230 = CARTESIAN_POINT('',(1.465131144235,-1.989011773931));
#7231 = CARTESIAN_POINT('',(1.471375685295,-1.990285447517));
#7232 = CARTESIAN_POINT('',(1.477386774672,-1.991721450207));
#7233 = CARTESIAN_POINT('',(1.483188247499,-1.993304161855));
#7234 = CARTESIAN_POINT('',(1.488799825654,-1.995020602571));
#7235 = CARTESIAN_POINT('',(1.494238076141,-1.996859824071));
#7236 = CARTESIAN_POINT('',(1.499517099057,-1.998812470765));
#7237 = CARTESIAN_POINT('',(1.504649032978,-2.000870456154));
#7238 = CARTESIAN_POINT('',(1.509644433677,-2.003026719617));
#7239 = CARTESIAN_POINT('',(1.514512562836,-2.005275040611));
#7240 = CARTESIAN_POINT('',(1.51926161148,-2.007609894611));
#7241 = CARTESIAN_POINT('',(1.523898875195,-2.010026340025));
#7242 = CARTESIAN_POINT('',(1.528430893167,-2.012519928392));
#7243 = CARTESIAN_POINT('',(1.532863559704,-2.015086632328));
#7244 = CARTESIAN_POINT('',(1.537202214554,-2.017722787165));
#7245 = CARTESIAN_POINT('',(1.54145171674,-2.020425043265));
#7246 = CARTESIAN_POINT('',(1.545616505417,-2.023190326715));
#7247 = CARTESIAN_POINT('',(1.54970065047,-2.026015806673));
#7248 = CARTESIAN_POINT('',(1.553707894914,-2.028898868005));
#7249 = CARTESIAN_POINT('',(1.557641690702,-2.031837088195));
#7250 = CARTESIAN_POINT('',(1.561505229203,-2.034828217674));
#7251 = CARTESIAN_POINT('',(1.565301467335,-2.037870162965));
#7252 = CARTESIAN_POINT('',(1.569033150152,-2.040960972095));
#7253 = CARTESIAN_POINT('',(1.572702830478,-2.044098821905));
#7254 = CARTESIAN_POINT('',(1.576312886139,-2.047282006891));
#7255 = CARTESIAN_POINT('',(1.579865535049,-2.05050892944));
#7256 = CARTESIAN_POINT('',(1.58336284899,-2.053778090793));
#7257 = CARTESIAN_POINT('',(1.586806764365,-2.057088084313));
#7258 = CARTESIAN_POINT('',(1.590199097602,-2.060437584421));
#7259 = CARTESIAN_POINT('',(1.593541537488,-2.063825355264));
#7260 = CARTESIAN_POINT('',(1.596835718477,-2.067250189075));
#7261 = CARTESIAN_POINT('',(1.600082988185,-2.070711109047));
#7262 = CARTESIAN_POINT('',(1.603285310228,-2.074206589332));
#7263 = CARTESIAN_POINT('',(1.60644193359,-2.077737439239));
#7264 = CARTESIAN_POINT('',(1.609561988338,-2.081296206248));
#7265 = CARTESIAN_POINT('',(1.612619601044,-2.08490908875));
#7266 = CARTESIAN_POINT('',(1.615788078997,-2.088431186676));
#7267 = CARTESIAN_POINT('',(1.619033495587,-2.091892471576));
#7268 = CARTESIAN_POINT('',(1.622344576203,-2.095302878875));
#7269 = CARTESIAN_POINT('',(1.625712412906,-2.098669177915));
#7270 = CARTESIAN_POINT('',(1.629131402106,-2.101995665261));
#7271 = CARTESIAN_POINT('',(1.632597260932,-2.105285596676));
#7272 = CARTESIAN_POINT('',(1.636106703591,-2.108541462666));
#7273 = CARTESIAN_POINT('',(1.639657074799,-2.111765264733));
#7274 = CARTESIAN_POINT('',(1.643246182513,-2.114958646542));
#7275 = CARTESIAN_POINT('',(1.646872175441,-2.118122988118));
#7276 = CARTESIAN_POINT('',(1.650533464523,-2.121259466691));
#7277 = CARTESIAN_POINT('',(1.654228666617,-2.124369100203));
#7278 = CARTESIAN_POINT('',(1.65795656397,-2.127452778664));
#7279 = CARTESIAN_POINT('',(1.661716073912,-2.130511287584));
#7280 = CARTESIAN_POINT('',(1.665506225784,-2.133545325814));
#7281 = CARTESIAN_POINT('',(1.669326142995,-2.136555519421));
#7282 = CARTESIAN_POINT('',(1.673175028841,-2.139542432664));
#7283 = CARTESIAN_POINT('',(1.677052155123,-2.142506576784));
#7284 = CARTESIAN_POINT('',(1.680956852904,-2.145448417163));
#7285 = CARTESIAN_POINT('',(1.684888504907,-2.148368379196));
#7286 = CARTESIAN_POINT('',(1.688846539202,-2.15126685318));
#7287 = CARTESIAN_POINT('',(1.692830423912,-2.154144198401));
#7288 = CARTESIAN_POINT('',(1.696839662743,-2.157000746598));
#7289 = CARTESIAN_POINT('',(1.700873791167,-2.159836804912));
#7290 = CARTESIAN_POINT('',(1.704932373158,-2.16265265841));
#7291 = CARTESIAN_POINT('',(1.70901499837,-2.16544857227));
#7292 = CARTESIAN_POINT('',(1.713121279686,-2.168224793675));
#7293 = CARTESIAN_POINT('',(1.717250851077,-2.170981553469));
#7294 = CARTESIAN_POINT('',(1.721403365732,-2.173719067605));
#7295 = CARTESIAN_POINT('',(1.725578494396,-2.176437538429));
#7296 = CARTESIAN_POINT('',(1.729775923914,-2.179137155808));
#7297 = CARTESIAN_POINT('',(1.733995355921,-2.181818098141));
#7298 = CARTESIAN_POINT('',(1.73823650569,-2.184480533252));
#7299 = CARTESIAN_POINT('',(1.742499101084,-2.187124619202));
#7300 = CARTESIAN_POINT('',(1.746782881631,-2.189750505002));
#7301 = CARTESIAN_POINT('',(1.751087597672,-2.19235833127));
#7302 = CARTESIAN_POINT('',(1.755413009611,-2.194948230821));
#7303 = CARTESIAN_POINT('',(1.759758887218,-2.197520329194));
#7304 = CARTESIAN_POINT('',(1.764125009007,-2.200074745143));
#7305 = CARTESIAN_POINT('',(1.768511161664,-2.202611591073));
#7306 = CARTESIAN_POINT('',(1.772917139526,-2.205130973447));
#7307 = CARTESIAN_POINT('',(1.777342744103,-2.207632993156));
#7308 = CARTESIAN_POINT('',(1.781787783645,-2.210117745853));
#7309 = CARTESIAN_POINT('',(1.786252072735,-2.212585322266));
#7310 = CARTESIAN_POINT('',(1.790735431921,-2.215035808487));
#7311 = CARTESIAN_POINT('',(1.795237687378,-2.217469286233));
#7312 = CARTESIAN_POINT('',(1.799758670585,-2.219885833089));
#7313 = CARTESIAN_POINT('',(1.804298218042,-2.222285522741));
#7314 = CARTESIAN_POINT('',(1.808856170992,-2.224668425176));
#7315 = CARTESIAN_POINT('',(1.813432375175,-2.227034606884));
#7316 = CARTESIAN_POINT('',(1.81802668059,-2.229384131038));
#7317 = CARTESIAN_POINT('',(1.82263894128,-2.231717057658));
#7318 = CARTESIAN_POINT('',(1.827269015128,-2.234033443773));
#7319 = CARTESIAN_POINT('',(1.831916763669,-2.236333343568));
#7320 = CARTESIAN_POINT('',(1.836582051909,-2.238616808517));
#7321 = CARTESIAN_POINT('',(1.841264748162,-2.240883887516));
#7322 = CARTESIAN_POINT('',(1.845964723897,-2.243134627002));
#7323 = CARTESIAN_POINT('',(1.850681853584,-2.245369071065));
#7324 = CARTESIAN_POINT('',(1.855416014565,-2.247587261557));
#7325 = CARTESIAN_POINT('',(1.860167086922,-2.24978923819));
#7326 = CARTESIAN_POINT('',(1.864934953355,-2.251975038628));
#7327 = CARTESIAN_POINT('',(1.869719499068,-2.254144698582));
#7328 = CARTESIAN_POINT('',(1.874520611662,-2.256298251886));
#7329 = CARTESIAN_POINT('',(1.879338181034,-2.258435730584));
#7330 = CARTESIAN_POINT('',(1.884172099277,-2.260557164997));
#7331 = CARTESIAN_POINT('',(1.889022260595,-2.262662583797));
#7332 = CARTESIAN_POINT('',(1.89388856121,-2.264752014077));
#7333 = CARTESIAN_POINT('',(1.898770899288,-2.266825481408));
#7334 = CARTESIAN_POINT('',(1.903669174854,-2.268883009903));
#7335 = CARTESIAN_POINT('',(1.908583289725,-2.270924622278));
#7336 = CARTESIAN_POINT('',(1.91351314744,-2.272950339888));
#7337 = CARTESIAN_POINT('',(1.918458653187,-2.274960182809));
#7338 = CARTESIAN_POINT('',(1.923419713747,-2.276954169859));
#7339 = CARTESIAN_POINT('',(1.928396237434,-2.278932318655));
#7340 = CARTESIAN_POINT('',(1.933388134035,-2.280894645663));
#7341 = CARTESIAN_POINT('',(1.938395314757,-2.28284116623));
#7342 = CARTESIAN_POINT('',(1.941916507613,-2.284194801469));
#7343 = CARTESIAN_POINT('',(1.943767673618,-2.284902054435));
#7344 = CARTESIAN_POINT('',(1.943943405122,-2.284969154656));
#7345 = ( GEOMETRIC_REPRESENTATION_CONTEXT(2) 
PARAMETRIC_REPRESENTATION_CONTEXT() REPRESENTATION_CONTEXT('2D SPACE',''
  ) );
#7346 = PCURVE('',#7347,#7352);
#7347 = PLANE('',#7348);
#7348 = AXIS2_PLACEMENT_3D('',#7349,#7350,#7351);
#7349 = CARTESIAN_POINT('',(-10.,-10.,-4.5));
#7350 = DIRECTION('',(0.,0.,1.));
#7351 = DIRECTION('',(1.,0.,-0.));
#7352 = DEFINITIONAL_REPRESENTATION('',(#7353),#7481);
#7353 = B_SPLINE_CURVE_WITH_KNOTS('',3,(#7354,#7355,#7356,#7357,#7358,
    #7359,#7360,#7361,#7362,#7363,#7364,#7365,#7366,#7367,#7368,#7369,
    #7370,#7371,#7372,#7373,#7374,#7375,#7376,#7377,#7378,#7379,#7380,
    #7381,#7382,#7383,#7384,#7385,#7386,#7387,#7388,#7389,#7390,#7391,
    #7392,#7393,#7394,#7395,#7396,#7397,#7398,#7399,#7400,#7401,#7402,
    #7403,#7404,#7405,#7406,#7407,#7408,#7409,#7410,#7411,#7412,#7413,
    #7414,#7415,#7416,#7417,#7418,#7419,#7420,#7421,#7422,#7423,#7424,
    #7425,#7426,#7427,#7428,#7429,#7430,#7431,#7432,#7433,#7434,#7435,
    #7436,#7437,#7438,#7439,#7440,#7441,#7442,#7443,#7444,#7445,#7446,
    #7447,#7448,#7449,#7450,#7451,#7452,#7453,#7454,#7455,#7456,#7457,
    #7458,#7459,#7460,#7461,#7462,#7463,#7464,#7465,#7466,#7467,#7468,
    #7469,#7470,#7471,#7472,#7473,#7474,#7475,#7476,#7477,#7478,#7479,
    #7480),.UNSPECIFIED.,.F.,.F.,(4,1,1,1,1,1,1,1,1,1,1,1,1,1,1,1,1,1,1,
    1,1,1,1,1,1,1,1,1,1,1,1,1,1,1,1,1,1,1,1,1,1,1,1,1,1,1,1,1,1,1,1,1,1,
    1,1,1,1,1,1,1,1,1,1,1,1,1,1,1,1,1,1,1,1,1,1,1,1,1,1,1,1,1,1,1,1,1,1,
    1,1,1,1,1,1,1,1,1,1,1,1,1,1,1,1,1,1,1,1,1,1,1,1,1,1,1,1,1,1,1,1,1,1,
    1,1,1,4),(0.,3.825348486101E-02,5.430853348674E-02,
    6.675617629157E-02,7.735884378815E-02,8.679755798888E-02,
    9.542083346997E-02,0.103435317105,0.110975441185,0.118134466631,
    0.124980232214,0.131563916605,0.137925263337,0.144095870271,
    0.150101352936,0.155962819326,0.16169790603,0.167321525098,
    0.172846414439,0.178283551377,0.18364246875,0.188931500289,
    0.194157973749,0.199328364902,0.20444842177,0.209523265982,
    0.214557476318,0.219555158251,0.224520002363,0.229455333831,
    0.234364154694,0.239249180184,0.244112870201,0.248957456702,
    0.253784967687,0.258597248282,0.263395979354,0.268182693996,
    0.272958792175,0.27772555377,0.282484150212,0.287235654883,
    0.291981052431,0.296721247119,0.301457070315,0.306189287223,
    0.310919293077,0.315655371856,0.320399980632,0.32515309033,
    0.329914691623,0.33468478033,0.339463354215,0.344250411941,
    0.349045952647,0.353849975744,0.358662480811,0.363483467539,
    0.368312935692,0.373150885086,0.377997315577,0.382852227048,
    0.387715619403,0.392587492562,0.397467846459,0.402356681039,
    0.407253996253,0.41215979206,0.417074068425,0.421996825315,
    0.426928062704,0.431867780568,0.436815978885,0.441772657636,
    0.446737816804,0.451711456374,0.456693576332,0.461684176666,
    0.466683257364,0.471690818415,0.476706859811,0.481731381543,
    0.486764383603,0.491805865984,0.496855828678,0.50191427168,
    0.506981194984,0.512056598584,0.517140482477,0.522232846656,
    0.527333691118,0.532443015859,0.537560820874,0.542687106161,
    0.547821871717,0.552965117537,0.55811684362,0.563277049962,
    0.56844573656,0.573622903413,0.578808550518,0.584002677873,
    0.589205285476,0.594416373325,0.599635941417,0.604863989752,
    0.610100518327,0.615345527141,0.620599016193,0.62586098548,
    0.631131435002,0.636410364758,0.641697774745,0.646993664963,
    0.652298035411,0.657610886087,0.66293221699,0.668262028121,
    0.673600319476,0.678947091057,0.684302342861,0.689666074887,
    0.695038287136,0.700418979606,0.700983298373),.UNSPECIFIED.);
#7354 = CARTESIAN_POINT('',(12.013863139033,8.660784792006));
#7355 = CARTESIAN_POINT('',(12.006754489404,8.650122774152));
#7356 = CARTESIAN_POINT('',(11.998505579422,8.63384600148));
#7357 = CARTESIAN_POINT('',(11.991770989655,8.61260414276));
#7358 = CARTESIAN_POINT('',(11.988900066621,8.599876765821));
#7359 = CARTESIAN_POINT('',(11.987240981195,8.589167900366));
#7360 = CARTESIAN_POINT('',(11.986334609634,8.579651250862));
#7361 = CARTESIAN_POINT('',(11.985964919464,8.570963371984));
#7362 = CARTESIAN_POINT('',(11.986007399826,8.562901375812));
#7363 = CARTESIAN_POINT('',(11.986381833211,8.555337139809));
#7364 = CARTESIAN_POINT('',(11.987032700788,8.548183139499));
#7365 = CARTESIAN_POINT('',(11.987919556315,8.541376218985));
#7366 = CARTESIAN_POINT('',(11.989011773931,8.534868905765));
#7367 = CARTESIAN_POINT('',(11.990285447517,8.528624364705));
#7368 = CARTESIAN_POINT('',(11.991721450207,8.522613275328));
#7369 = CARTESIAN_POINT('',(11.993304161855,8.516811802501));
#7370 = CARTESIAN_POINT('',(11.995020602571,8.511200224346));
#7371 = CARTESIAN_POINT('',(11.996859824071,8.505761973859));
#7372 = CARTESIAN_POINT('',(11.998812470765,8.500482950943));
#7373 = CARTESIAN_POINT('',(12.000870456154,8.495351017022));
#7374 = CARTESIAN_POINT('',(12.003026719617,8.490355616323));
#7375 = CARTESIAN_POINT('',(12.005275040611,8.485487487164));
#7376 = CARTESIAN_POINT('',(12.007609894611,8.48073843852));
#7377 = CARTESIAN_POINT('',(12.010026340025,8.476101174805));
#7378 = CARTESIAN_POINT('',(12.012519928392,8.471569156833));
#7379 = CARTESIAN_POINT('',(12.015086632328,8.467136490296));
#7380 = CARTESIAN_POINT('',(12.017722787165,8.462797835446));
#7381 = CARTESIAN_POINT('',(12.020425043265,8.45854833326));
#7382 = CARTESIAN_POINT('',(12.023190326715,8.454383544583));
#7383 = CARTESIAN_POINT('',(12.026015806673,8.45029939953));
#7384 = CARTESIAN_POINT('',(12.028898868005,8.446292155086));
#7385 = CARTESIAN_POINT('',(12.031837088195,8.442358359298));
#7386 = CARTESIAN_POINT('',(12.034828217674,8.438494820797));
#7387 = CARTESIAN_POINT('',(12.037870162965,8.434698582665));
#7388 = CARTESIAN_POINT('',(12.040960972095,8.430966899848));
#7389 = CARTESIAN_POINT('',(12.044098821905,8.427297219522));
#7390 = CARTESIAN_POINT('',(12.047282006891,8.423687163861));
#7391 = CARTESIAN_POINT('',(12.05050892944,8.420134514951));
#7392 = CARTESIAN_POINT('',(12.053778090793,8.41663720101));
#7393 = CARTESIAN_POINT('',(12.057088084313,8.413193285635));
#7394 = CARTESIAN_POINT('',(12.060437584421,8.409800952398));
#7395 = CARTESIAN_POINT('',(12.063825355264,8.406458512512));
#7396 = CARTESIAN_POINT('',(12.067250189075,8.403164331523));
#7397 = CARTESIAN_POINT('',(12.070711109047,8.399917061815));
#7398 = CARTESIAN_POINT('',(12.074206589332,8.396714739772));
#7399 = CARTESIAN_POINT('',(12.077737439239,8.39355811641));
#7400 = CARTESIAN_POINT('',(12.081296206248,8.390438061662));
#7401 = CARTESIAN_POINT('',(12.08490908875,8.387380448956));
#7402 = CARTESIAN_POINT('',(12.088431186676,8.384211971003));
#7403 = CARTESIAN_POINT('',(12.091892471576,8.380966554413));
#7404 = CARTESIAN_POINT('',(12.095302878875,8.377655473797));
#7405 = CARTESIAN_POINT('',(12.098669177915,8.374287637094));
#7406 = CARTESIAN_POINT('',(12.101995665261,8.370868647894));
#7407 = CARTESIAN_POINT('',(12.105285596676,8.367402789068));
#7408 = CARTESIAN_POINT('',(12.108541462666,8.363893346409));
#7409 = CARTESIAN_POINT('',(12.111765264733,8.360342975201));
#7410 = CARTESIAN_POINT('',(12.114958646542,8.356753867487));
#7411 = CARTESIAN_POINT('',(12.118122988118,8.353127874559));
#7412 = CARTESIAN_POINT('',(12.121259466691,8.349466585477));
#7413 = CARTESIAN_POINT('',(12.124369100203,8.345771383383));
#7414 = CARTESIAN_POINT('',(12.127452778664,8.34204348603));
#7415 = CARTESIAN_POINT('',(12.130511287584,8.338283976088));
#7416 = CARTESIAN_POINT('',(12.133545325814,8.334493824216));
#7417 = CARTESIAN_POINT('',(12.136555519421,8.330673907005));
#7418 = CARTESIAN_POINT('',(12.139542432664,8.326825021159));
#7419 = CARTESIAN_POINT('',(12.142506576784,8.322947894877));
#7420 = CARTESIAN_POINT('',(12.145448417163,8.319043197096));
#7421 = CARTESIAN_POINT('',(12.148368379196,8.315111545093));
#7422 = CARTESIAN_POINT('',(12.15126685318,8.311153510798));
#7423 = CARTESIAN_POINT('',(12.154144198401,8.307169626088));
#7424 = CARTESIAN_POINT('',(12.157000746598,8.303160387257));
#7425 = CARTESIAN_POINT('',(12.159836804912,8.299126258833));
#7426 = CARTESIAN_POINT('',(12.16265265841,8.295067676842));
#7427 = CARTESIAN_POINT('',(12.16544857227,8.29098505163));
#7428 = CARTESIAN_POINT('',(12.168224793675,8.286878770314));
#7429 = CARTESIAN_POINT('',(12.170981553469,8.282749198923));
#7430 = CARTESIAN_POINT('',(12.173719067605,8.278596684268));
#7431 = CARTESIAN_POINT('',(12.176437538429,8.274421555604));
#7432 = CARTESIAN_POINT('',(12.179137155808,8.270224126086));
#7433 = CARTESIAN_POINT('',(12.181818098141,8.266004694079));
#7434 = CARTESIAN_POINT('',(12.184480533252,8.26176354431));
#7435 = CARTESIAN_POINT('',(12.187124619202,8.257500948916));
#7436 = CARTESIAN_POINT('',(12.189750505002,8.253217168369));
#7437 = CARTESIAN_POINT('',(12.19235833127,8.248912452328));
#7438 = CARTESIAN_POINT('',(12.194948230821,8.244587040389));
#7439 = CARTESIAN_POINT('',(12.197520329194,8.240241162782));
#7440 = CARTESIAN_POINT('',(12.200074745143,8.235875040993));
#7441 = CARTESIAN_POINT('',(12.202611591073,8.231488888336));
#7442 = CARTESIAN_POINT('',(12.205130973447,8.227082910474));
#7443 = CARTESIAN_POINT('',(12.207632993156,8.222657305897));
#7444 = CARTESIAN_POINT('',(12.210117745853,8.218212266355));
#7445 = CARTESIAN_POINT('',(12.212585322266,8.213747977265));
#7446 = CARTESIAN_POINT('',(12.215035808487,8.209264618079));
#7447 = CARTESIAN_POINT('',(12.217469286233,8.204762362622));
#7448 = CARTESIAN_POINT('',(12.219885833089,8.200241379415));
#7449 = CARTESIAN_POINT('',(12.222285522741,8.195701831958));
#7450 = CARTESIAN_POINT('',(12.224668425176,8.191143879008));
#7451 = CARTESIAN_POINT('',(12.227034606884,8.186567674825));
#7452 = CARTESIAN_POINT('',(12.229384131038,8.18197336941));
#7453 = CARTESIAN_POINT('',(12.231717057658,8.17736110872));
#7454 = CARTESIAN_POINT('',(12.234033443773,8.172731034872));
#7455 = CARTESIAN_POINT('',(12.236333343568,8.168083286331));
#7456 = CARTESIAN_POINT('',(12.238616808517,8.163417998091));
#7457 = CARTESIAN_POINT('',(12.240883887516,8.158735301838));
#7458 = CARTESIAN_POINT('',(12.243134627002,8.154035326103));
#7459 = CARTESIAN_POINT('',(12.245369071065,8.149318196416));
#7460 = CARTESIAN_POINT('',(12.247587261557,8.144584035435));
#7461 = CARTESIAN_POINT('',(12.24978923819,8.139832963078));
#7462 = CARTESIAN_POINT('',(12.251975038628,8.135065096645));
#7463 = CARTESIAN_POINT('',(12.254144698582,8.130280550932));
#7464 = CARTESIAN_POINT('',(12.256298251886,8.125479438338));
#7465 = CARTESIAN_POINT('',(12.258435730584,8.120661868966));
#7466 = CARTESIAN_POINT('',(12.260557164997,8.115827950723));
#7467 = CARTESIAN_POINT('',(12.262662583797,8.110977789405));
#7468 = CARTESIAN_POINT('',(12.264752014077,8.10611148879));
#7469 = CARTESIAN_POINT('',(12.266825481408,8.101229150712));
#7470 = CARTESIAN_POINT('',(12.268883009903,8.096330875146));
#7471 = CARTESIAN_POINT('',(12.270924622278,8.091416760275));
#7472 = CARTESIAN_POINT('',(12.272950339888,8.08648690256));
#7473 = CARTESIAN_POINT('',(12.274960182809,8.081541396813));
#7474 = CARTESIAN_POINT('',(12.276954169859,8.076580336253));
#7475 = CARTESIAN_POINT('',(12.278932318655,8.071603812566));
#7476 = CARTESIAN_POINT('',(12.280894645663,8.066611915965));
#7477 = CARTESIAN_POINT('',(12.28284116623,8.061604735243));
#7478 = CARTESIAN_POINT('',(12.284194801469,8.058083542387));
#7479 = CARTESIAN_POINT('',(12.284902054435,8.056232376382));
#7480 = CARTESIAN_POINT('',(12.284969154656,8.056056644878));
#7481 = ( GEOMETRIC_REPRESENTATION_CONTEXT(2) 
PARAMETRIC_REPRESENTATION_CONTEXT() REPRESENTATION_CONTEXT('2D SPACE',''
  ) );
#7482 = ORIENTED_EDGE('',*,*,#7483,.T.);
#7483 = EDGE_CURVE('',#7084,#7484,#7486,.T.);
#7484 = VERTEX_POINT('',#7485);
#7485 = CARTESIAN_POINT('',(2.221676455413,-2.015974584629,-4.5000001757
    ));
#7486 = SURFACE_CURVE('',#7487,(#7492,#7499),.PCURVE_S1.);
#7487 = CIRCLE('',#7488,3.);
#7488 = AXIS2_PLACEMENT_3D('',#7489,#7490,#7491);
#7489 = CARTESIAN_POINT('',(9.037215420449E-14,4.99999084913E-08,
    -4.5000003514));
#7490 = DIRECTION('',(3.431321225571E-15,-9.104279154523E-17,-1.));
#7491 = DIRECTION('',(4.996003610813E-16,-1.,9.104279154523E-17));
#7492 = PCURVE('',#156,#7493);
#7493 = DEFINITIONAL_REPRESENTATION('',(#7494),#7498);
#7494 = CIRCLE('',#7495,3.);
#7495 = AXIS2_PLACEMENT_2D('',#7496,#7497);
#7496 = CARTESIAN_POINT('',(1.110223024625E-15,7.216449660064E-16));
#7497 = DIRECTION('',(1.,-1.657422360651E-32));
#7498 = ( GEOMETRIC_REPRESENTATION_CONTEXT(2) 
PARAMETRIC_REPRESENTATION_CONTEXT() REPRESENTATION_CONTEXT('2D SPACE',''
  ) );
#7499 = PCURVE('',#7347,#7500);
#7500 = DEFINITIONAL_REPRESENTATION('',(#7501),#7509);
#7501 = ( BOUNDED_CURVE() B_SPLINE_CURVE(2,(#7502,#7503,#7504,#7505,
#7506,#7507,#7508),.UNSPECIFIED.,.T.,.F.) B_SPLINE_CURVE_WITH_KNOTS((1,2
    ,2,2,2,1),(-2.094395102393,0.,2.094395102393,4.188790204786,
6.28318530718,8.377580409573),.UNSPECIFIED.) CURVE() 
GEOMETRIC_REPRESENTATION_ITEM() RATIONAL_B_SPLINE_CURVE((1.,0.5,1.,0.5,
1.,0.5,1.)) REPRESENTATION_ITEM('') );
#7502 = CARTESIAN_POINT('',(10.,7.00000005));
#7503 = CARTESIAN_POINT('',(4.803847577293,7.00000005));
#7504 = CARTESIAN_POINT('',(7.401923788647,11.50000005));
#7505 = CARTESIAN_POINT('',(10.,16.00000005));
#7506 = CARTESIAN_POINT('',(12.598076211353,11.50000005));
#7507 = CARTESIAN_POINT('',(15.196152422707,7.00000005));
#7508 = CARTESIAN_POINT('',(10.,7.00000005));
#7509 = ( GEOMETRIC_REPRESENTATION_CONTEXT(2) 
PARAMETRIC_REPRESENTATION_CONTEXT() REPRESENTATION_CONTEXT('2D SPACE',''
  ) );
#7510 = ORIENTED_EDGE('',*,*,#7511,.F.);
#7511 = EDGE_CURVE('',#7512,#7484,#7514,.T.);
#7512 = VERTEX_POINT('',#7513);
#7513 = CARTESIAN_POINT('',(2.474873734153,-2.474873734153,-4.5));
#7514 = SURFACE_CURVE('',#7515,(#7519,#7526),.PCURVE_S1.);
#7515 = LINE('',#7516,#7517);
#7516 = CARTESIAN_POINT('',(2.474873734153,-2.474873734153,-4.5));
#7517 = VECTOR('',#7518,1.);
#7518 = DIRECTION('',(-0.483094224216,0.875568369991,0.));
#7519 = PCURVE('',#156,#7520);
#7520 = DEFINITIONAL_REPRESENTATION('',(#7521),#7525);
#7521 = LINE('',#7522,#7523);
#7522 = CARTESIAN_POINT('',(2.474873784153,-2.474873734153));
#7523 = VECTOR('',#7524,1.);
#7524 = DIRECTION('',(-0.875568369991,0.483094224216));
#7525 = ( GEOMETRIC_REPRESENTATION_CONTEXT(2) 
PARAMETRIC_REPRESENTATION_CONTEXT() REPRESENTATION_CONTEXT('2D SPACE',''
  ) );
#7526 = PCURVE('',#7527,#7532);
#7527 = PLANE('',#7528);
#7528 = AXIS2_PLACEMENT_3D('',#7529,#7530,#7531);
#7529 = CARTESIAN_POINT('',(2.474873734153,-2.474873734153,-4.5));
#7530 = DIRECTION('',(-0.875568369991,-0.483094224216,0.));
#7531 = DIRECTION('',(-0.483094224216,0.875568369991,0.));
#7532 = DEFINITIONAL_REPRESENTATION('',(#7533),#7537);
#7533 = LINE('',#7534,#7535);
#7534 = CARTESIAN_POINT('',(0.,0.));
#7535 = VECTOR('',#7536,1.);
#7536 = DIRECTION('',(1.,0.));
#7537 = ( GEOMETRIC_REPRESENTATION_CONTEXT(2) 
PARAMETRIC_REPRESENTATION_CONTEXT() REPRESENTATION_CONTEXT('2D SPACE',''
  ) );
#7538 = ORIENTED_EDGE('',*,*,#7539,.F.);
#7539 = EDGE_CURVE('',#7540,#7512,#7542,.T.);
#7540 = VERTEX_POINT('',#7541);
#7541 = CARTESIAN_POINT('',(2.130665001531,-2.776736691019,-4.5));
#7542 = SURFACE_CURVE('',#7543,(#7547,#7554),.PCURVE_S1.);
#7543 = LINE('',#7544,#7545);
#7544 = CARTESIAN_POINT('',(2.130665001531,-2.776736691019,-4.5));
#7545 = VECTOR('',#7546,1.);
#7546 = DIRECTION('',(0.751839807479,0.6593458151,0.));
#7547 = PCURVE('',#156,#7548);
#7548 = DEFINITIONAL_REPRESENTATION('',(#7549),#7553);
#7549 = LINE('',#7550,#7551);
#7550 = CARTESIAN_POINT('',(2.776736741019,-2.13066500153));
#7551 = VECTOR('',#7552,1.);
#7552 = DIRECTION('',(-0.6593458151,-0.751839807479));
#7553 = ( GEOMETRIC_REPRESENTATION_CONTEXT(2) 
PARAMETRIC_REPRESENTATION_CONTEXT() REPRESENTATION_CONTEXT('2D SPACE',''
  ) );
#7554 = PCURVE('',#7555,#7560);
#7555 = PLANE('',#7556);
#7556 = AXIS2_PLACEMENT_3D('',#7557,#7558,#7559);
#7557 = CARTESIAN_POINT('',(2.130665001531,-2.776736691019,-4.5));
#7558 = DIRECTION('',(-0.6593458151,0.751839807479,0.));
#7559 = DIRECTION('',(0.751839807479,0.6593458151,0.));
#7560 = DEFINITIONAL_REPRESENTATION('',(#7561),#7565);
#7561 = LINE('',#7562,#7563);
#7562 = CARTESIAN_POINT('',(0.,0.));
#7563 = VECTOR('',#7564,1.);
#7564 = DIRECTION('',(1.,0.));
#7565 = ( GEOMETRIC_REPRESENTATION_CONTEXT(2) 
PARAMETRIC_REPRESENTATION_CONTEXT() REPRESENTATION_CONTEXT('2D SPACE',''
  ) );
#7566 = ORIENTED_EDGE('',*,*,#7567,.F.);
#7567 = EDGE_CURVE('',#7568,#7540,#7570,.T.);
#7568 = VERTEX_POINT('',#7569);
#7569 = CARTESIAN_POINT('',(1.2125,-2.100111604177,-4.5));
#7570 = SURFACE_CURVE('',#7571,(#7575,#7582),.PCURVE_S1.);
#7571 = LINE('',#7572,#7573);
#7572 = CARTESIAN_POINT('',(1.2125,-2.100111604177,-4.5));
#7573 = VECTOR('',#7574,1.);
#7574 = DIRECTION('',(0.805021311639,-0.593245891522,0.));
#7575 = PCURVE('',#156,#7576);
#7576 = DEFINITIONAL_REPRESENTATION('',(#7577),#7581);
#7577 = LINE('',#7578,#7579);
#7578 = CARTESIAN_POINT('',(2.100111654177,-1.2125));
#7579 = VECTOR('',#7580,1.);
#7580 = DIRECTION('',(0.593245891522,-0.805021311639));
#7581 = ( GEOMETRIC_REPRESENTATION_CONTEXT(2) 
PARAMETRIC_REPRESENTATION_CONTEXT() REPRESENTATION_CONTEXT('2D SPACE',''
  ) );
#7582 = PCURVE('',#7583,#7588);
#7583 = PLANE('',#7584);
#7584 = AXIS2_PLACEMENT_3D('',#7585,#7586,#7587);
#7585 = CARTESIAN_POINT('',(1.2125,-2.100111604177,-4.5));
#7586 = DIRECTION('',(0.593245891522,0.805021311639,-0.));
#7587 = DIRECTION('',(0.805021311639,-0.593245891522,0.));
#7588 = DEFINITIONAL_REPRESENTATION('',(#7589),#7593);
#7589 = LINE('',#7590,#7591);
#7590 = CARTESIAN_POINT('',(0.,0.));
#7591 = VECTOR('',#7592,1.);
#7592 = DIRECTION('',(1.,0.));
#7593 = ( GEOMETRIC_REPRESENTATION_CONTEXT(2) 
PARAMETRIC_REPRESENTATION_CONTEXT() REPRESENTATION_CONTEXT('2D SPACE',''
  ) );
#7594 = ORIENTED_EDGE('',*,*,#7595,.F.);
#7595 = EDGE_CURVE('',#7596,#7568,#7598,.T.);
#7596 = VERTEX_POINT('',#7597);
#7597 = CARTESIAN_POINT('',(1.200354310425,-2.106101195437,-4.5000001757
    ));
#7598 = SURFACE_CURVE('',#7599,(#7603,#7610),.PCURVE_S1.);
#7599 = LINE('',#7600,#7601);
#7600 = CARTESIAN_POINT('',(0.928007323485,-2.24040786634,-4.5));
#7601 = VECTOR('',#7602,1.);
#7602 = DIRECTION('',(0.896872741533,0.442288690219,0.));
#7603 = PCURVE('',#156,#7604);
#7604 = DEFINITIONAL_REPRESENTATION('',(#7605),#7609);
#7605 = LINE('',#7606,#7607);
#7606 = CARTESIAN_POINT('',(2.24040791634,-0.928007323485));
#7607 = VECTOR('',#7608,1.);
#7608 = DIRECTION('',(-0.442288690219,-0.896872741533));
#7609 = ( GEOMETRIC_REPRESENTATION_CONTEXT(2) 
PARAMETRIC_REPRESENTATION_CONTEXT() REPRESENTATION_CONTEXT('2D SPACE',''
  ) );
#7610 = PCURVE('',#7611,#7616);
#7611 = PLANE('',#7612);
#7612 = AXIS2_PLACEMENT_3D('',#7613,#7614,#7615);
#7613 = CARTESIAN_POINT('',(0.928007323485,-2.24040786634,-4.5));
#7614 = DIRECTION('',(-0.442288690219,0.896872741533,0.));
#7615 = DIRECTION('',(0.896872741533,0.442288690219,0.));
#7616 = DEFINITIONAL_REPRESENTATION('',(#7617),#7621);
#7617 = LINE('',#7618,#7619);
#7618 = CARTESIAN_POINT('',(0.,0.));
#7619 = VECTOR('',#7620,1.);
#7620 = DIRECTION('',(1.,0.));
#7621 = ( GEOMETRIC_REPRESENTATION_CONTEXT(2) 
PARAMETRIC_REPRESENTATION_CONTEXT() REPRESENTATION_CONTEXT('2D SPACE',''
  ) );
#7622 = ORIENTED_EDGE('',*,*,#7623,.T.);
#7623 = EDGE_CURVE('',#7596,#7624,#7626,.T.);
#7624 = VERTEX_POINT('',#7625);
#7625 = CARTESIAN_POINT('',(1.215240639216,-2.74284339957,-4.5000003514)
  );
#7626 = SURFACE_CURVE('',#7627,(#7755,#7886),.PCURVE_S1.);
#7627 = B_SPLINE_CURVE_WITH_KNOTS('',3,(#7628,#7629,#7630,#7631,#7632,
    #7633,#7634,#7635,#7636,#7637,#7638,#7639,#7640,#7641,#7642,#7643,
    #7644,#7645,#7646,#7647,#7648,#7649,#7650,#7651,#7652,#7653,#7654,
    #7655,#7656,#7657,#7658,#7659,#7660,#7661,#7662,#7663,#7664,#7665,
    #7666,#7667,#7668,#7669,#7670,#7671,#7672,#7673,#7674,#7675,#7676,
    #7677,#7678,#7679,#7680,#7681,#7682,#7683,#7684,#7685,#7686,#7687,
    #7688,#7689,#7690,#7691,#7692,#7693,#7694,#7695,#7696,#7697,#7698,
    #7699,#7700,#7701,#7702,#7703,#7704,#7705,#7706,#7707,#7708,#7709,
    #7710,#7711,#7712,#7713,#7714,#7715,#7716,#7717,#7718,#7719,#7720,
    #7721,#7722,#7723,#7724,#7725,#7726,#7727,#7728,#7729,#7730,#7731,
    #7732,#7733,#7734,#7735,#7736,#7737,#7738,#7739,#7740,#7741,#7742,
    #7743,#7744,#7745,#7746,#7747,#7748,#7749,#7750,#7751,#7752,#7753,
    #7754),.UNSPECIFIED.,.F.,.F.,(4,1,1,1,1,1,1,1,1,1,1,1,1,1,1,1,1,1,1,
    1,1,1,1,1,1,1,1,1,1,1,1,1,1,1,1,1,1,1,1,1,1,1,1,1,1,1,1,1,1,1,1,1,1,
    1,1,1,1,1,1,1,1,1,1,1,1,1,1,1,1,1,1,1,1,1,1,1,1,1,1,1,1,1,1,1,1,1,1,
    1,1,1,1,1,1,1,1,1,1,1,1,1,1,1,1,1,1,1,1,1,1,1,1,1,1,1,1,1,1,1,1,1,1,
    1,1,1,4),(0.,3.825348486101E-02,5.430853348674E-02,
    6.675617629157E-02,7.735884378815E-02,8.679755798888E-02,
    9.542083346997E-02,0.103435317105,0.110975441185,0.118134466631,
    0.124980232214,0.131563916605,0.137925263337,0.144095870271,
    0.150101352936,0.155962819326,0.16169790603,0.167321525098,
    0.172846414439,0.178283551377,0.18364246875,0.188931500289,
    0.194157973749,0.199328364902,0.20444842177,0.209523265982,
    0.214557476318,0.219555158251,0.224520002363,0.229455333832,
    0.234364154694,0.239249180184,0.244112870201,0.248957456702,
    0.253784967687,0.258597248282,0.263395979354,0.268182693996,
    0.272958792175,0.27772555377,0.282484150212,0.287235654883,
    0.291981052431,0.296721247119,0.301457070315,0.306189287223,
    0.310919293077,0.315655371856,0.320399980632,0.32515309033,
    0.329914691623,0.33468478033,0.339463354215,0.344250411941,
    0.349045952647,0.353849975744,0.358662480811,0.363483467539,
    0.368312935692,0.373150885086,0.377997315577,0.382852227048,
    0.387715619403,0.392587492562,0.397467846459,0.402356681039,
    0.407253996253,0.41215979206,0.417074068425,0.421996825315,
    0.426928062704,0.431867780568,0.436815978885,0.441772657636,
    0.446737816804,0.451711456374,0.456693576332,0.461684176666,
    0.466683257364,0.471690818415,0.476706859811,0.481731381543,
    0.486764383603,0.491805865984,0.496855828678,0.50191427168,
    0.506981194984,0.512056598584,0.517140482477,0.522232846656,
    0.527333691118,0.532443015859,0.537560820874,0.542687106161,
    0.547821871717,0.552965117537,0.55811684362,0.563277049962,
    0.56844573656,0.573622903413,0.578808550518,0.584002677873,
    0.589205285476,0.594416373325,0.599635941417,0.604863989752,
    0.610100518327,0.615345527141,0.620599016193,0.62586098548,
    0.631131435002,0.636410364758,0.641697774745,0.646993664963,
    0.652298035411,0.657610886087,0.66293221699,0.668262028121,
    0.673600319476,0.678947091057,0.684302342861,0.689666074887,
    0.695038287136,0.700418979606,0.700983298373),.UNSPECIFIED.);
#7628 = CARTESIAN_POINT('',(1.233364268863,-2.080373673707,-4.5000003514
    ));
#7629 = CARTESIAN_POINT('',(1.222333520682,-2.086895492381,-4.5000003514
    ));
#7630 = CARTESIAN_POINT('',(1.207839282606,-2.097981289922,-4.5000003514
    ));
#7631 = CARTESIAN_POINT('',(1.1925551298,-2.114197514336,-4.5000003514)
  );
#7632 = CARTESIAN_POINT('',(1.18444631563,-2.124418837907,-4.5000003514)
  );
#7633 = CARTESIAN_POINT('',(1.178305128726,-2.133347342104,-4.5000003514
    ));
#7634 = CARTESIAN_POINT('',(1.173359396696,-2.141528287153,-4.5000003514
    ));
#7635 = CARTESIAN_POINT('',(1.16925678799,-2.149195392997,-4.5000003514)
  );
#7636 = CARTESIAN_POINT('',(1.165797092429,-2.156477432099,-4.5000003514
    ));
#7637 = CARTESIAN_POINT('',(1.162852446252,-2.163455033805,-4.5000003514
    ));
#7638 = CARTESIAN_POINT('',(1.160334853272,-2.170182966223,-4.5000003514
    ));
#7639 = CARTESIAN_POINT('',(1.158180470368,-2.176700581884,-4.5000003514
    ));
#7640 = CARTESIAN_POINT('',(1.156341107044,-2.183037363972,-4.5000003514
    ));
#7641 = CARTESIAN_POINT('',(1.154779242469,-2.189216127319,-4.5000003514
    ));
#7642 = CARTESIAN_POINT('',(1.153464922253,-2.195254989927,-4.5000003514
    ));
#7643 = CARTESIAN_POINT('',(1.152373731452,-2.20116864918,-4.5000003514)
  );
#7644 = CARTESIAN_POINT('',(1.151485418588,-2.206969242113,-4.5000003514
    ));
#7645 = CARTESIAN_POINT('',(1.150782931445,-2.212666944799,-4.5000003514
    ));
#7646 = CARTESIAN_POINT('',(1.150251723125,-2.218270401748,-4.5000003514
    ));
#7647 = CARTESIAN_POINT('',(1.149879241212,-2.223787040839,-4.5000003514
    ));
#7648 = CARTESIAN_POINT('',(1.14965454433,-2.229223309005,-4.5000003514)
  );
#7649 = CARTESIAN_POINT('',(1.149568009469,-2.234584851742,-4.5000003514
    ));
#7650 = CARTESIAN_POINT('',(1.149611105251,-2.239876651906,-4.5000003514
    ));
#7651 = CARTESIAN_POINT('',(1.14977621402,-2.245103138517,-4.5000003514)
  );
#7652 = CARTESIAN_POINT('',(1.150056490604,-2.250268273063,-4.5000003514
    ));
#7653 = CARTESIAN_POINT('',(1.150445749012,-2.255375618715,-4.5000003514
    ));
#7654 = CARTESIAN_POINT('',(1.150938370662,-2.260428396382,-4.5000003514
    ));
#7655 = CARTESIAN_POINT('',(1.151529229383,-2.265429530536,-4.5000003514
    ));
#7656 = CARTESIAN_POINT('',(1.1522136296,-2.270381686998,-4.5000003514)
  );
#7657 = CARTESIAN_POINT('',(1.152987254952,-2.275287304352,-4.5000003514
    ));
#7658 = CARTESIAN_POINT('',(1.153846125254,-2.280148620273,-4.5000003514
    ));
#7659 = CARTESIAN_POINT('',(1.154786560146,-2.284967693773,-4.5000003514
    ));
#7660 = CARTESIAN_POINT('',(1.155805148156,-2.289746424125,-4.5000003514
    ));
#7661 = CARTESIAN_POINT('',(1.156898720165,-2.294486567094,-4.5000003514
    ));
#7662 = CARTESIAN_POINT('',(1.158064326474,-2.29918974896,-4.5000003514)
  );
#7663 = CARTESIAN_POINT('',(1.159299216844,-2.303857478696,-4.5000003514
    ));
#7664 = CARTESIAN_POINT('',(1.160600822969,-2.308491158663,-4.5000003514
    ));
#7665 = CARTESIAN_POINT('',(1.161966743131,-2.31309209395,-4.5000003514)
  );
#7666 = CARTESIAN_POINT('',(1.163394728085,-2.317661500885,-4.5000003514
    ));
#7667 = CARTESIAN_POINT('',(1.164882670319,-2.322200513786,-4.5000003514
    ));
#7668 = CARTESIAN_POINT('',(1.166428587411,-2.326710194053,-4.5000003514
    ));
#7669 = CARTESIAN_POINT('',(1.168030633156,-2.331191527014,-4.5000003514
    ));
#7670 = CARTESIAN_POINT('',(1.169687010233,-2.33564546123,-4.5000003514)
  );
#7671 = CARTESIAN_POINT('',(1.171396253859,-2.340072787041,-4.5000003514
    ));
#7672 = CARTESIAN_POINT('',(1.173156137312,-2.344474611562,-4.5000003514
    ));
#7673 = CARTESIAN_POINT('',(1.174967715608,-2.348850609299,-4.5000003514
    ));
#7674 = CARTESIAN_POINT('',(1.176820312871,-2.35320577263,-4.5000003514)
  );
#7675 = CARTESIAN_POINT('',(1.178748759095,-2.357528157456,-4.5000003514
    ));
#7676 = CARTESIAN_POINT('',(1.180547308614,-2.361911038468,-4.5000003514
    ));
#7677 = CARTESIAN_POINT('',(1.182257685068,-2.366336853014,-4.5000003514
    ));
#7678 = CARTESIAN_POINT('',(1.183893731833,-2.370799753839,-4.5000003514
    ));
#7679 = CARTESIAN_POINT('',(1.185465412886,-2.375294652275,-4.5000003514
    ));
#7680 = CARTESIAN_POINT('',(1.186979030607,-2.379818363872,-4.5000003514
    ));
#7681 = CARTESIAN_POINT('',(1.188439376602,-2.384368442519,-4.5000003514
    ));
#7682 = CARTESIAN_POINT('',(1.189850120394,-2.388943008408,-4.5000003514
    ));
#7683 = CARTESIAN_POINT('',(1.191214217358,-2.39354053763,-4.5000003514)
  );
#7684 = CARTESIAN_POINT('',(1.192534099476,-2.398159768385,-4.5000003514
    ));
#7685 = CARTESIAN_POINT('',(1.193811813354,-2.402799631483,-4.5000003514
    ));
#7686 = CARTESIAN_POINT('',(1.195049109106,-2.407459206013,-4.5000003514
    ));
#7687 = CARTESIAN_POINT('',(1.196247503989,-2.412137687476,-4.5000003514
    ));
#7688 = CARTESIAN_POINT('',(1.197408328239,-2.416834364875,-4.5000003514
    ));
#7689 = CARTESIAN_POINT('',(1.198532759328,-2.421548603577,-4.5000003514
    ));
#7690 = CARTESIAN_POINT('',(1.19962184805,-2.426279832269,-4.5000003514)
  );
#7691 = CARTESIAN_POINT('',(1.200676538814,-2.431027532813,-4.5000003514
    ));
#7692 = CARTESIAN_POINT('',(1.201697685674,-2.435791232222,-4.5000003514
    ));
#7693 = CARTESIAN_POINT('',(1.202686065199,-2.440570496233,-4.5000003514
    ));
#7694 = CARTESIAN_POINT('',(1.203642386921,-2.445364924076,-4.5000003514
    ));
#7695 = CARTESIAN_POINT('',(1.204567301937,-2.450174144175,-4.5000003514
    ));
#7696 = CARTESIAN_POINT('',(1.205461410041,-2.454997810583,-4.5000003514
    ));
#7697 = CARTESIAN_POINT('',(1.206325265712,-2.459835599984,-4.5000003514
    ));
#7698 = CARTESIAN_POINT('',(1.207159383173,-2.464687209167,-4.5000003514
    ));
#7699 = CARTESIAN_POINT('',(1.207964240697,-2.469552352871,-4.5000003514
    ));
#7700 = CARTESIAN_POINT('',(1.208740284306,-2.474430761938,-4.5000003514
    ));
#7701 = CARTESIAN_POINT('',(1.209487930958,-2.479322181713,-4.5000003514
    ));
#7702 = CARTESIAN_POINT('',(1.210207571324,-2.484226370665,-4.5000003514
    ));
#7703 = CARTESIAN_POINT('',(1.210899572198,-2.489143099174,-4.5000003514
    ));
#7704 = CARTESIAN_POINT('',(1.211564278625,-2.49407214847,-4.5000003514)
  );
#7705 = CARTESIAN_POINT('',(1.212202015769,-2.499013309702,-4.5000003514
    ));
#7706 = CARTESIAN_POINT('',(1.212813090569,-2.503966383105,-4.5000003514
    ));
#7707 = CARTESIAN_POINT('',(1.213397793211,-2.508931177268,-4.5000003514
    ));
#7708 = CARTESIAN_POINT('',(1.21395639844,-2.513907508475,-4.5000003514)
  );
#7709 = CARTESIAN_POINT('',(1.214489166736,-2.51889520012,-4.5000003514)
  );
#7710 = CARTESIAN_POINT('',(1.214996345372,-2.523894082179,-4.5000003514
    ));
#7711 = CARTESIAN_POINT('',(1.215478169361,-2.52890399073,-4.5000003514)
  );
#7712 = CARTESIAN_POINT('',(1.215934862322,-2.533924767528,-4.5000003514
    ));
#7713 = CARTESIAN_POINT('',(1.216366637256,-2.538956259615,-4.5000003514
    ));
#7714 = CARTESIAN_POINT('',(1.216773697253,-2.543998318964,-4.5000003514
    ));
#7715 = CARTESIAN_POINT('',(1.217156236144,-2.549050802155,-4.5000003514
    ));
#7716 = CARTESIAN_POINT('',(1.21751443908,-2.554113570086,-4.5000003514)
  );
#7717 = CARTESIAN_POINT('',(1.217848483083,-2.559186487699,-4.5000003514
    ));
#7718 = CARTESIAN_POINT('',(1.21815853753,-2.564269423734,-4.5000003514)
  );
#7719 = CARTESIAN_POINT('',(1.218444764615,-2.569362250502,-4.5000003514
    ));
#7720 = CARTESIAN_POINT('',(1.218707319764,-2.574464843677,-4.5000003514
    ));
#7721 = CARTESIAN_POINT('',(1.218946352021,-2.579577082101,-4.5000003514
    ));
#7722 = CARTESIAN_POINT('',(1.219162004409,-2.584698847609,-4.5000003514
    ));
#7723 = CARTESIAN_POINT('',(1.219354414253,-2.589830024861,-4.5000003514
    ));
#7724 = CARTESIAN_POINT('',(1.219523713493,-2.594970501189,-4.5000003514
    ));
#7725 = CARTESIAN_POINT('',(1.219670028967,-2.600120166458,-4.5000003514
    ));
#7726 = CARTESIAN_POINT('',(1.219793482671,-2.605278912931,-4.5000003514
    ));
#7727 = CARTESIAN_POINT('',(1.219894192013,-2.610446635149,-4.5000003514
    ));
#7728 = CARTESIAN_POINT('',(1.219972270035,-2.615623229811,-4.5000003514
    ));
#7729 = CARTESIAN_POINT('',(1.220027825634,-2.620808595675,-4.5000003514
    ));
#7730 = CARTESIAN_POINT('',(1.220060963758,-2.626002633449,-4.5000003514
    ));
#7731 = CARTESIAN_POINT('',(1.220071785598,-2.631205245704,-4.5000003514
    ));
#7732 = CARTESIAN_POINT('',(1.220060388759,-2.636416336785,-4.5000003514
    ));
#7733 = CARTESIAN_POINT('',(1.220026867431,-2.641635812724,-4.5000003514
    ));
#7734 = CARTESIAN_POINT('',(1.219971312539,-2.646863581168,-4.5000003514
    ));
#7735 = CARTESIAN_POINT('',(1.219893811894,-2.652099551306,-4.5000003514
    ));
#7736 = CARTESIAN_POINT('',(1.219794450325,-2.657343633795,-4.5000003514
    ));
#7737 = CARTESIAN_POINT('',(1.219673309813,-2.662595740703,-4.5000003514
    ));
#7738 = CARTESIAN_POINT('',(1.219530469611,-2.667855785442,-4.5000003514
    ));
#7739 = CARTESIAN_POINT('',(1.219366006361,-2.673123682715,-4.5000003514
    ));
#7740 = CARTESIAN_POINT('',(1.2191799942,-2.678399348457,-4.5000003514)
  );
#7741 = CARTESIAN_POINT('',(1.218972504866,-2.68368269979,-4.5000003514)
  );
#7742 = CARTESIAN_POINT('',(1.218743607793,-2.688973654969,-4.5000003514
    ));
#7743 = CARTESIAN_POINT('',(1.218493370206,-2.694272133338,-4.5000003514
    ));
#7744 = CARTESIAN_POINT('',(1.218221857207,-2.699578055286,-4.5000003514
    ));
#7745 = CARTESIAN_POINT('',(1.217929131862,-2.704891342209,-4.5000003514
    ));
#7746 = CARTESIAN_POINT('',(1.217615255265,-2.710211916465,-4.5000003514
    ));
#7747 = CARTESIAN_POINT('',(1.217280286642,-2.71553970134,-4.5000003514)
  );
#7748 = CARTESIAN_POINT('',(1.21692428339,-2.720874621013,-4.5000003514)
  );
#7749 = CARTESIAN_POINT('',(1.216547301167,-2.726216600523,-4.5000003514
    ));
#7750 = CARTESIAN_POINT('',(1.216149393947,-2.731565565731,-4.5000003514
    ));
#7751 = CARTESIAN_POINT('',(1.215730614085,-2.736921443299,-4.5000003514
    ));
#7752 = CARTESIAN_POINT('',(1.215422408971,-2.74068124876,-4.5000003514)
  );
#7753 = CARTESIAN_POINT('',(1.215256431047,-2.742655957261,-4.5000003514
    ));
#7754 = CARTESIAN_POINT('',(1.215240639216,-2.74284339957,-4.5000003514)
  );
#7755 = PCURVE('',#156,#7756);
#7756 = DEFINITIONAL_REPRESENTATION('',(#7757),#7885);
#7757 = B_SPLINE_CURVE_WITH_KNOTS('',3,(#7758,#7759,#7760,#7761,#7762,
    #7763,#7764,#7765,#7766,#7767,#7768,#7769,#7770,#7771,#7772,#7773,
    #7774,#7775,#7776,#7777,#7778,#7779,#7780,#7781,#7782,#7783,#7784,
    #7785,#7786,#7787,#7788,#7789,#7790,#7791,#7792,#7793,#7794,#7795,
    #7796,#7797,#7798,#7799,#7800,#7801,#7802,#7803,#7804,#7805,#7806,
    #7807,#7808,#7809,#7810,#7811,#7812,#7813,#7814,#7815,#7816,#7817,
    #7818,#7819,#7820,#7821,#7822,#7823,#7824,#7825,#7826,#7827,#7828,
    #7829,#7830,#7831,#7832,#7833,#7834,#7835,#7836,#7837,#7838,#7839,
    #7840,#7841,#7842,#7843,#7844,#7845,#7846,#7847,#7848,#7849,#7850,
    #7851,#7852,#7853,#7854,#7855,#7856,#7857,#7858,#7859,#7860,#7861,
    #7862,#7863,#7864,#7865,#7866,#7867,#7868,#7869,#7870,#7871,#7872,
    #7873,#7874,#7875,#7876,#7877,#7878,#7879,#7880,#7881,#7882,#7883,
    #7884),.UNSPECIFIED.,.F.,.F.,(4,1,1,1,1,1,1,1,1,1,1,1,1,1,1,1,1,1,1,
    1,1,1,1,1,1,1,1,1,1,1,1,1,1,1,1,1,1,1,1,1,1,1,1,1,1,1,1,1,1,1,1,1,1,
    1,1,1,1,1,1,1,1,1,1,1,1,1,1,1,1,1,1,1,1,1,1,1,1,1,1,1,1,1,1,1,1,1,1,
    1,1,1,1,1,1,1,1,1,1,1,1,1,1,1,1,1,1,1,1,1,1,1,1,1,1,1,1,1,1,1,1,1,1,
    1,1,1,4),(0.,3.825348486101E-02,5.430853348674E-02,
    6.675617629157E-02,7.735884378815E-02,8.679755798888E-02,
    9.542083346997E-02,0.103435317105,0.110975441185,0.118134466631,
    0.124980232214,0.131563916605,0.137925263337,0.144095870271,
    0.150101352936,0.155962819326,0.16169790603,0.167321525098,
    0.172846414439,0.178283551377,0.18364246875,0.188931500289,
    0.194157973749,0.199328364902,0.20444842177,0.209523265982,
    0.214557476318,0.219555158251,0.224520002363,0.229455333832,
    0.234364154694,0.239249180184,0.244112870201,0.248957456702,
    0.253784967687,0.258597248282,0.263395979354,0.268182693996,
    0.272958792175,0.27772555377,0.282484150212,0.287235654883,
    0.291981052431,0.296721247119,0.301457070315,0.306189287223,
    0.310919293077,0.315655371856,0.320399980632,0.32515309033,
    0.329914691623,0.33468478033,0.339463354215,0.344250411941,
    0.349045952647,0.353849975744,0.358662480811,0.363483467539,
    0.368312935692,0.373150885086,0.377997315577,0.382852227048,
    0.387715619403,0.392587492562,0.397467846459,0.402356681039,
    0.407253996253,0.41215979206,0.417074068425,0.421996825315,
    0.426928062704,0.431867780568,0.436815978885,0.441772657636,
    0.446737816804,0.451711456374,0.456693576332,0.461684176666,
    0.466683257364,0.471690818415,0.476706859811,0.481731381543,
    0.486764383603,0.491805865984,0.496855828678,0.50191427168,
    0.506981194984,0.512056598584,0.517140482477,0.522232846656,
    0.527333691118,0.532443015859,0.537560820874,0.542687106161,
    0.547821871717,0.552965117537,0.55811684362,0.563277049962,
    0.56844573656,0.573622903413,0.578808550518,0.584002677873,
    0.589205285476,0.594416373325,0.599635941417,0.604863989752,
    0.610100518327,0.615345527141,0.620599016193,0.62586098548,
    0.631131435002,0.636410364758,0.641697774745,0.646993664963,
    0.652298035411,0.657610886087,0.66293221699,0.668262028121,
    0.673600319476,0.678947091057,0.684302342861,0.689666074887,
    0.695038287136,0.700418979606,0.700983298373),.UNSPECIFIED.);
#7758 = CARTESIAN_POINT('',(2.080373723707,-1.233364268863));
#7759 = CARTESIAN_POINT('',(2.086895542381,-1.222333520682));
#7760 = CARTESIAN_POINT('',(2.097981339922,-1.207839282606));
#7761 = CARTESIAN_POINT('',(2.114197564336,-1.1925551298));
#7762 = CARTESIAN_POINT('',(2.124418887907,-1.18444631563));
#7763 = CARTESIAN_POINT('',(2.133347392104,-1.178305128726));
#7764 = CARTESIAN_POINT('',(2.141528337153,-1.173359396696));
#7765 = CARTESIAN_POINT('',(2.149195442997,-1.16925678799));
#7766 = CARTESIAN_POINT('',(2.156477482099,-1.165797092429));
#7767 = CARTESIAN_POINT('',(2.163455083805,-1.162852446252));
#7768 = CARTESIAN_POINT('',(2.170183016223,-1.160334853272));
#7769 = CARTESIAN_POINT('',(2.176700631884,-1.158180470368));
#7770 = CARTESIAN_POINT('',(2.183037413972,-1.156341107044));
#7771 = CARTESIAN_POINT('',(2.189216177319,-1.154779242469));
#7772 = CARTESIAN_POINT('',(2.195255039927,-1.153464922253));
#7773 = CARTESIAN_POINT('',(2.20116869918,-1.152373731452));
#7774 = CARTESIAN_POINT('',(2.206969292113,-1.151485418588));
#7775 = CARTESIAN_POINT('',(2.212666994799,-1.150782931445));
#7776 = CARTESIAN_POINT('',(2.218270451748,-1.150251723125));
#7777 = CARTESIAN_POINT('',(2.223787090839,-1.149879241212));
#7778 = CARTESIAN_POINT('',(2.229223359005,-1.14965454433));
#7779 = CARTESIAN_POINT('',(2.234584901742,-1.149568009469));
#7780 = CARTESIAN_POINT('',(2.239876701906,-1.149611105251));
#7781 = CARTESIAN_POINT('',(2.245103188517,-1.14977621402));
#7782 = CARTESIAN_POINT('',(2.250268323063,-1.150056490604));
#7783 = CARTESIAN_POINT('',(2.255375668715,-1.150445749012));
#7784 = CARTESIAN_POINT('',(2.260428446382,-1.150938370662));
#7785 = CARTESIAN_POINT('',(2.265429580536,-1.151529229383));
#7786 = CARTESIAN_POINT('',(2.270381736998,-1.1522136296));
#7787 = CARTESIAN_POINT('',(2.275287354352,-1.152987254952));
#7788 = CARTESIAN_POINT('',(2.280148670273,-1.153846125254));
#7789 = CARTESIAN_POINT('',(2.284967743773,-1.154786560146));
#7790 = CARTESIAN_POINT('',(2.289746474125,-1.155805148156));
#7791 = CARTESIAN_POINT('',(2.294486617094,-1.156898720165));
#7792 = CARTESIAN_POINT('',(2.29918979896,-1.158064326474));
#7793 = CARTESIAN_POINT('',(2.303857528696,-1.159299216844));
#7794 = CARTESIAN_POINT('',(2.308491208663,-1.160600822969));
#7795 = CARTESIAN_POINT('',(2.31309214395,-1.161966743131));
#7796 = CARTESIAN_POINT('',(2.317661550885,-1.163394728085));
#7797 = CARTESIAN_POINT('',(2.322200563786,-1.164882670319));
#7798 = CARTESIAN_POINT('',(2.326710244053,-1.166428587411));
#7799 = CARTESIAN_POINT('',(2.331191577014,-1.168030633156));
#7800 = CARTESIAN_POINT('',(2.33564551123,-1.169687010233));
#7801 = CARTESIAN_POINT('',(2.340072837041,-1.171396253859));
#7802 = CARTESIAN_POINT('',(2.344474661562,-1.173156137312));
#7803 = CARTESIAN_POINT('',(2.348850659299,-1.174967715608));
#7804 = CARTESIAN_POINT('',(2.35320582263,-1.176820312871));
#7805 = CARTESIAN_POINT('',(2.357528207456,-1.178748759095));
#7806 = CARTESIAN_POINT('',(2.361911088468,-1.180547308614));
#7807 = CARTESIAN_POINT('',(2.366336903014,-1.182257685068));
#7808 = CARTESIAN_POINT('',(2.370799803839,-1.183893731833));
#7809 = CARTESIAN_POINT('',(2.375294702275,-1.185465412886));
#7810 = CARTESIAN_POINT('',(2.379818413872,-1.186979030607));
#7811 = CARTESIAN_POINT('',(2.384368492519,-1.188439376602));
#7812 = CARTESIAN_POINT('',(2.388943058408,-1.189850120394));
#7813 = CARTESIAN_POINT('',(2.39354058763,-1.191214217358));
#7814 = CARTESIAN_POINT('',(2.398159818385,-1.192534099476));
#7815 = CARTESIAN_POINT('',(2.402799681483,-1.193811813354));
#7816 = CARTESIAN_POINT('',(2.407459256013,-1.195049109106));
#7817 = CARTESIAN_POINT('',(2.412137737476,-1.196247503989));
#7818 = CARTESIAN_POINT('',(2.416834414875,-1.197408328239));
#7819 = CARTESIAN_POINT('',(2.421548653577,-1.198532759328));
#7820 = CARTESIAN_POINT('',(2.426279882269,-1.19962184805));
#7821 = CARTESIAN_POINT('',(2.431027582813,-1.200676538814));
#7822 = CARTESIAN_POINT('',(2.435791282222,-1.201697685674));
#7823 = CARTESIAN_POINT('',(2.440570546233,-1.202686065199));
#7824 = CARTESIAN_POINT('',(2.445364974076,-1.203642386921));
#7825 = CARTESIAN_POINT('',(2.450174194175,-1.204567301937));
#7826 = CARTESIAN_POINT('',(2.454997860583,-1.205461410041));
#7827 = CARTESIAN_POINT('',(2.459835649984,-1.206325265712));
#7828 = CARTESIAN_POINT('',(2.464687259167,-1.207159383173));
#7829 = CARTESIAN_POINT('',(2.469552402871,-1.207964240697));
#7830 = CARTESIAN_POINT('',(2.474430811938,-1.208740284306));
#7831 = CARTESIAN_POINT('',(2.479322231713,-1.209487930958));
#7832 = CARTESIAN_POINT('',(2.484226420665,-1.210207571324));
#7833 = CARTESIAN_POINT('',(2.489143149174,-1.210899572198));
#7834 = CARTESIAN_POINT('',(2.49407219847,-1.211564278625));
#7835 = CARTESIAN_POINT('',(2.499013359702,-1.212202015769));
#7836 = CARTESIAN_POINT('',(2.503966433105,-1.212813090569));
#7837 = CARTESIAN_POINT('',(2.508931227268,-1.213397793211));
#7838 = CARTESIAN_POINT('',(2.513907558475,-1.21395639844));
#7839 = CARTESIAN_POINT('',(2.51889525012,-1.214489166736));
#7840 = CARTESIAN_POINT('',(2.523894132179,-1.214996345372));
#7841 = CARTESIAN_POINT('',(2.52890404073,-1.215478169361));
#7842 = CARTESIAN_POINT('',(2.533924817528,-1.215934862322));
#7843 = CARTESIAN_POINT('',(2.538956309615,-1.216366637256));
#7844 = CARTESIAN_POINT('',(2.543998368964,-1.216773697253));
#7845 = CARTESIAN_POINT('',(2.549050852155,-1.217156236144));
#7846 = CARTESIAN_POINT('',(2.554113620086,-1.21751443908));
#7847 = CARTESIAN_POINT('',(2.559186537699,-1.217848483083));
#7848 = CARTESIAN_POINT('',(2.564269473734,-1.21815853753));
#7849 = CARTESIAN_POINT('',(2.569362300502,-1.218444764615));
#7850 = CARTESIAN_POINT('',(2.574464893677,-1.218707319764));
#7851 = CARTESIAN_POINT('',(2.579577132101,-1.218946352021));
#7852 = CARTESIAN_POINT('',(2.584698897609,-1.219162004409));
#7853 = CARTESIAN_POINT('',(2.589830074861,-1.219354414253));
#7854 = CARTESIAN_POINT('',(2.594970551189,-1.219523713493));
#7855 = CARTESIAN_POINT('',(2.600120216458,-1.219670028967));
#7856 = CARTESIAN_POINT('',(2.605278962931,-1.219793482671));
#7857 = CARTESIAN_POINT('',(2.610446685149,-1.219894192013));
#7858 = CARTESIAN_POINT('',(2.615623279811,-1.219972270035));
#7859 = CARTESIAN_POINT('',(2.620808645675,-1.220027825634));
#7860 = CARTESIAN_POINT('',(2.626002683449,-1.220060963758));
#7861 = CARTESIAN_POINT('',(2.631205295704,-1.220071785598));
#7862 = CARTESIAN_POINT('',(2.636416386785,-1.220060388759));
#7863 = CARTESIAN_POINT('',(2.641635862724,-1.220026867431));
#7864 = CARTESIAN_POINT('',(2.646863631168,-1.219971312539));
#7865 = CARTESIAN_POINT('',(2.652099601306,-1.219893811894));
#7866 = CARTESIAN_POINT('',(2.657343683795,-1.219794450325));
#7867 = CARTESIAN_POINT('',(2.662595790703,-1.219673309813));
#7868 = CARTESIAN_POINT('',(2.667855835442,-1.219530469611));
#7869 = CARTESIAN_POINT('',(2.673123732715,-1.219366006361));
#7870 = CARTESIAN_POINT('',(2.678399398457,-1.2191799942));
#7871 = CARTESIAN_POINT('',(2.68368274979,-1.218972504866));
#7872 = CARTESIAN_POINT('',(2.688973704969,-1.218743607793));
#7873 = CARTESIAN_POINT('',(2.694272183338,-1.218493370206));
#7874 = CARTESIAN_POINT('',(2.699578105286,-1.218221857207));
#7875 = CARTESIAN_POINT('',(2.704891392209,-1.217929131862));
#7876 = CARTESIAN_POINT('',(2.710211966465,-1.217615255265));
#7877 = CARTESIAN_POINT('',(2.71553975134,-1.217280286642));
#7878 = CARTESIAN_POINT('',(2.720874671013,-1.21692428339));
#7879 = CARTESIAN_POINT('',(2.726216650523,-1.216547301167));
#7880 = CARTESIAN_POINT('',(2.731565615731,-1.216149393947));
#7881 = CARTESIAN_POINT('',(2.736921493299,-1.215730614085));
#7882 = CARTESIAN_POINT('',(2.740681298759,-1.215422408971));
#7883 = CARTESIAN_POINT('',(2.742656007261,-1.215256431047));
#7884 = CARTESIAN_POINT('',(2.74284344957,-1.215240639215));
#7885 = ( GEOMETRIC_REPRESENTATION_CONTEXT(2) 
PARAMETRIC_REPRESENTATION_CONTEXT() REPRESENTATION_CONTEXT('2D SPACE',''
  ) );
#7886 = PCURVE('',#7887,#7892);
#7887 = PLANE('',#7888);
#7888 = AXIS2_PLACEMENT_3D('',#7889,#7890,#7891);
#7889 = CARTESIAN_POINT('',(-10.,-10.,-4.5));
#7890 = DIRECTION('',(0.,0.,1.));
#7891 = DIRECTION('',(1.,0.,-0.));
#7892 = DEFINITIONAL_REPRESENTATION('',(#7893),#8021);
#7893 = B_SPLINE_CURVE_WITH_KNOTS('',3,(#7894,#7895,#7896,#7897,#7898,
    #7899,#7900,#7901,#7902,#7903,#7904,#7905,#7906,#7907,#7908,#7909,
    #7910,#7911,#7912,#7913,#7914,#7915,#7916,#7917,#7918,#7919,#7920,
    #7921,#7922,#7923,#7924,#7925,#7926,#7927,#7928,#7929,#7930,#7931,
    #7932,#7933,#7934,#7935,#7936,#7937,#7938,#7939,#7940,#7941,#7942,
    #7943,#7944,#7945,#7946,#7947,#7948,#7949,#7950,#7951,#7952,#7953,
    #7954,#7955,#7956,#7957,#7958,#7959,#7960,#7961,#7962,#7963,#7964,
    #7965,#7966,#7967,#7968,#7969,#7970,#7971,#7972,#7973,#7974,#7975,
    #7976,#7977,#7978,#7979,#7980,#7981,#7982,#7983,#7984,#7985,#7986,
    #7987,#7988,#7989,#7990,#7991,#7992,#7993,#7994,#7995,#7996,#7997,
    #7998,#7999,#8000,#8001,#8002,#8003,#8004,#8005,#8006,#8007,#8008,
    #8009,#8010,#8011,#8012,#8013,#8014,#8015,#8016,#8017,#8018,#8019,
    #8020),.UNSPECIFIED.,.F.,.F.,(4,1,1,1,1,1,1,1,1,1,1,1,1,1,1,1,1,1,1,
    1,1,1,1,1,1,1,1,1,1,1,1,1,1,1,1,1,1,1,1,1,1,1,1,1,1,1,1,1,1,1,1,1,1,
    1,1,1,1,1,1,1,1,1,1,1,1,1,1,1,1,1,1,1,1,1,1,1,1,1,1,1,1,1,1,1,1,1,1,
    1,1,1,1,1,1,1,1,1,1,1,1,1,1,1,1,1,1,1,1,1,1,1,1,1,1,1,1,1,1,1,1,1,1,
    1,1,1,4),(0.,3.825348486101E-02,5.430853348674E-02,
    6.675617629157E-02,7.735884378815E-02,8.679755798888E-02,
    9.542083346997E-02,0.103435317105,0.110975441185,0.118134466631,
    0.124980232214,0.131563916605,0.137925263337,0.144095870271,
    0.150101352936,0.155962819326,0.16169790603,0.167321525098,
    0.172846414439,0.178283551377,0.18364246875,0.188931500289,
    0.194157973749,0.199328364902,0.20444842177,0.209523265982,
    0.214557476318,0.219555158251,0.224520002363,0.229455333832,
    0.234364154694,0.239249180184,0.244112870201,0.248957456702,
    0.253784967687,0.258597248282,0.263395979354,0.268182693996,
    0.272958792175,0.27772555377,0.282484150212,0.287235654883,
    0.291981052431,0.296721247119,0.301457070315,0.306189287223,
    0.310919293077,0.315655371856,0.320399980632,0.32515309033,
    0.329914691623,0.33468478033,0.339463354215,0.344250411941,
    0.349045952647,0.353849975744,0.358662480811,0.363483467539,
    0.368312935692,0.373150885086,0.377997315577,0.382852227048,
    0.387715619403,0.392587492562,0.397467846459,0.402356681039,
    0.407253996253,0.41215979206,0.417074068425,0.421996825315,
    0.426928062704,0.431867780568,0.436815978885,0.441772657636,
    0.446737816804,0.451711456374,0.456693576332,0.461684176666,
    0.466683257364,0.471690818415,0.476706859811,0.481731381543,
    0.486764383603,0.491805865984,0.496855828678,0.50191427168,
    0.506981194984,0.512056598584,0.517140482477,0.522232846656,
    0.527333691118,0.532443015859,0.537560820874,0.542687106161,
    0.547821871717,0.552965117537,0.55811684362,0.563277049962,
    0.56844573656,0.573622903413,0.578808550518,0.584002677873,
    0.589205285476,0.594416373325,0.599635941417,0.604863989752,
    0.610100518327,0.615345527141,0.620599016193,0.62586098548,
    0.631131435002,0.636410364758,0.641697774745,0.646993664963,
    0.652298035411,0.657610886087,0.66293221699,0.668262028121,
    0.673600319476,0.678947091057,0.684302342861,0.689666074887,
    0.695038287136,0.700418979606,0.700983298373),.UNSPECIFIED.);
#7894 = CARTESIAN_POINT('',(11.233364268863,7.919626326293));
#7895 = CARTESIAN_POINT('',(11.222333520682,7.913104507619));
#7896 = CARTESIAN_POINT('',(11.207839282606,7.902018710078));
#7897 = CARTESIAN_POINT('',(11.1925551298,7.885802485664));
#7898 = CARTESIAN_POINT('',(11.18444631563,7.875581162093));
#7899 = CARTESIAN_POINT('',(11.178305128726,7.866652657896));
#7900 = CARTESIAN_POINT('',(11.173359396696,7.858471712847));
#7901 = CARTESIAN_POINT('',(11.16925678799,7.850804607003));
#7902 = CARTESIAN_POINT('',(11.165797092429,7.843522567901));
#7903 = CARTESIAN_POINT('',(11.162852446252,7.836544966195));
#7904 = CARTESIAN_POINT('',(11.160334853272,7.829817033777));
#7905 = CARTESIAN_POINT('',(11.158180470368,7.823299418116));
#7906 = CARTESIAN_POINT('',(11.156341107044,7.816962636028));
#7907 = CARTESIAN_POINT('',(11.154779242469,7.810783872681));
#7908 = CARTESIAN_POINT('',(11.153464922253,7.804745010073));
#7909 = CARTESIAN_POINT('',(11.152373731452,7.79883135082));
#7910 = CARTESIAN_POINT('',(11.151485418588,7.793030757887));
#7911 = CARTESIAN_POINT('',(11.150782931445,7.787333055201));
#7912 = CARTESIAN_POINT('',(11.150251723125,7.781729598252));
#7913 = CARTESIAN_POINT('',(11.149879241212,7.776212959161));
#7914 = CARTESIAN_POINT('',(11.14965454433,7.770776690995));
#7915 = CARTESIAN_POINT('',(11.149568009469,7.765415148258));
#7916 = CARTESIAN_POINT('',(11.149611105251,7.760123348094));
#7917 = CARTESIAN_POINT('',(11.14977621402,7.754896861483));
#7918 = CARTESIAN_POINT('',(11.150056490604,7.749731726937));
#7919 = CARTESIAN_POINT('',(11.150445749012,7.744624381285));
#7920 = CARTESIAN_POINT('',(11.150938370662,7.739571603618));
#7921 = CARTESIAN_POINT('',(11.151529229383,7.734570469464));
#7922 = CARTESIAN_POINT('',(11.1522136296,7.729618313002));
#7923 = CARTESIAN_POINT('',(11.152987254952,7.724712695648));
#7924 = CARTESIAN_POINT('',(11.153846125254,7.719851379727));
#7925 = CARTESIAN_POINT('',(11.154786560146,7.715032306227));
#7926 = CARTESIAN_POINT('',(11.155805148156,7.710253575875));
#7927 = CARTESIAN_POINT('',(11.156898720165,7.705513432906));
#7928 = CARTESIAN_POINT('',(11.158064326474,7.70081025104));
#7929 = CARTESIAN_POINT('',(11.159299216844,7.696142521304));
#7930 = CARTESIAN_POINT('',(11.160600822969,7.691508841337));
#7931 = CARTESIAN_POINT('',(11.161966743131,7.68690790605));
#7932 = CARTESIAN_POINT('',(11.163394728085,7.682338499115));
#7933 = CARTESIAN_POINT('',(11.164882670319,7.677799486214));
#7934 = CARTESIAN_POINT('',(11.166428587411,7.673289805947));
#7935 = CARTESIAN_POINT('',(11.168030633156,7.668808472986));
#7936 = CARTESIAN_POINT('',(11.169687010233,7.66435453877));
#7937 = CARTESIAN_POINT('',(11.171396253859,7.659927212959));
#7938 = CARTESIAN_POINT('',(11.173156137312,7.655525388438));
#7939 = CARTESIAN_POINT('',(11.174967715608,7.651149390701));
#7940 = CARTESIAN_POINT('',(11.176820312871,7.64679422737));
#7941 = CARTESIAN_POINT('',(11.178748759095,7.642471842544));
#7942 = CARTESIAN_POINT('',(11.180547308614,7.638088961532));
#7943 = CARTESIAN_POINT('',(11.182257685068,7.633663146986));
#7944 = CARTESIAN_POINT('',(11.183893731833,7.629200246161));
#7945 = CARTESIAN_POINT('',(11.185465412886,7.624705347725));
#7946 = CARTESIAN_POINT('',(11.186979030607,7.620181636128));
#7947 = CARTESIAN_POINT('',(11.188439376602,7.615631557481));
#7948 = CARTESIAN_POINT('',(11.189850120394,7.611056991592));
#7949 = CARTESIAN_POINT('',(11.191214217358,7.60645946237));
#7950 = CARTESIAN_POINT('',(11.192534099476,7.601840231615));
#7951 = CARTESIAN_POINT('',(11.193811813354,7.597200368517));
#7952 = CARTESIAN_POINT('',(11.195049109106,7.592540793987));
#7953 = CARTESIAN_POINT('',(11.196247503989,7.587862312524));
#7954 = CARTESIAN_POINT('',(11.197408328239,7.583165635125));
#7955 = CARTESIAN_POINT('',(11.198532759328,7.578451396423));
#7956 = CARTESIAN_POINT('',(11.19962184805,7.573720167731));
#7957 = CARTESIAN_POINT('',(11.200676538814,7.568972467187));
#7958 = CARTESIAN_POINT('',(11.201697685674,7.564208767778));
#7959 = CARTESIAN_POINT('',(11.202686065199,7.559429503767));
#7960 = CARTESIAN_POINT('',(11.203642386921,7.554635075924));
#7961 = CARTESIAN_POINT('',(11.204567301937,7.549825855825));
#7962 = CARTESIAN_POINT('',(11.205461410041,7.545002189417));
#7963 = CARTESIAN_POINT('',(11.206325265712,7.540164400016));
#7964 = CARTESIAN_POINT('',(11.207159383173,7.535312790833));
#7965 = CARTESIAN_POINT('',(11.207964240697,7.530447647129));
#7966 = CARTESIAN_POINT('',(11.208740284306,7.525569238062));
#7967 = CARTESIAN_POINT('',(11.209487930958,7.520677818287));
#7968 = CARTESIAN_POINT('',(11.210207571324,7.515773629335));
#7969 = CARTESIAN_POINT('',(11.210899572198,7.510856900826));
#7970 = CARTESIAN_POINT('',(11.211564278625,7.50592785153));
#7971 = CARTESIAN_POINT('',(11.212202015769,7.500986690298));
#7972 = CARTESIAN_POINT('',(11.212813090569,7.496033616895));
#7973 = CARTESIAN_POINT('',(11.213397793211,7.491068822732));
#7974 = CARTESIAN_POINT('',(11.21395639844,7.486092491525));
#7975 = CARTESIAN_POINT('',(11.214489166736,7.48110479988));
#7976 = CARTESIAN_POINT('',(11.214996345372,7.476105917821));
#7977 = CARTESIAN_POINT('',(11.215478169361,7.47109600927));
#7978 = CARTESIAN_POINT('',(11.215934862322,7.466075232472));
#7979 = CARTESIAN_POINT('',(11.216366637256,7.461043740385));
#7980 = CARTESIAN_POINT('',(11.216773697253,7.456001681036));
#7981 = CARTESIAN_POINT('',(11.217156236144,7.450949197845));
#7982 = CARTESIAN_POINT('',(11.21751443908,7.445886429914));
#7983 = CARTESIAN_POINT('',(11.217848483083,7.440813512301));
#7984 = CARTESIAN_POINT('',(11.21815853753,7.435730576266));
#7985 = CARTESIAN_POINT('',(11.218444764615,7.430637749498));
#7986 = CARTESIAN_POINT('',(11.218707319764,7.425535156323));
#7987 = CARTESIAN_POINT('',(11.218946352021,7.420422917899));
#7988 = CARTESIAN_POINT('',(11.219162004409,7.415301152391));
#7989 = CARTESIAN_POINT('',(11.219354414253,7.410169975139));
#7990 = CARTESIAN_POINT('',(11.219523713493,7.405029498811));
#7991 = CARTESIAN_POINT('',(11.219670028967,7.399879833542));
#7992 = CARTESIAN_POINT('',(11.219793482671,7.394721087069));
#7993 = CARTESIAN_POINT('',(11.219894192013,7.389553364851));
#7994 = CARTESIAN_POINT('',(11.219972270035,7.384376770189));
#7995 = CARTESIAN_POINT('',(11.220027825634,7.379191404325));
#7996 = CARTESIAN_POINT('',(11.220060963758,7.373997366551));
#7997 = CARTESIAN_POINT('',(11.220071785598,7.368794754296));
#7998 = CARTESIAN_POINT('',(11.220060388759,7.363583663215));
#7999 = CARTESIAN_POINT('',(11.220026867431,7.358364187276));
#8000 = CARTESIAN_POINT('',(11.219971312539,7.353136418832));
#8001 = CARTESIAN_POINT('',(11.219893811894,7.347900448694));
#8002 = CARTESIAN_POINT('',(11.219794450325,7.342656366205));
#8003 = CARTESIAN_POINT('',(11.219673309813,7.337404259297));
#8004 = CARTESIAN_POINT('',(11.219530469611,7.332144214558));
#8005 = CARTESIAN_POINT('',(11.219366006361,7.326876317285));
#8006 = CARTESIAN_POINT('',(11.2191799942,7.321600651543));
#8007 = CARTESIAN_POINT('',(11.218972504866,7.31631730021));
#8008 = CARTESIAN_POINT('',(11.218743607793,7.311026345031));
#8009 = CARTESIAN_POINT('',(11.218493370206,7.305727866662));
#8010 = CARTESIAN_POINT('',(11.218221857207,7.300421944714));
#8011 = CARTESIAN_POINT('',(11.217929131862,7.295108657791));
#8012 = CARTESIAN_POINT('',(11.217615255265,7.289788083535));
#8013 = CARTESIAN_POINT('',(11.217280286642,7.28446029866));
#8014 = CARTESIAN_POINT('',(11.21692428339,7.279125378987));
#8015 = CARTESIAN_POINT('',(11.216547301167,7.273783399477));
#8016 = CARTESIAN_POINT('',(11.216149393947,7.268434434269));
#8017 = CARTESIAN_POINT('',(11.215730614085,7.263078556701));
#8018 = CARTESIAN_POINT('',(11.215422408971,7.25931875124));
#8019 = CARTESIAN_POINT('',(11.215256431047,7.257344042739));
#8020 = CARTESIAN_POINT('',(11.215240639216,7.25715660043));
#8021 = ( GEOMETRIC_REPRESENTATION_CONTEXT(2) 
PARAMETRIC_REPRESENTATION_CONTEXT() REPRESENTATION_CONTEXT('2D SPACE',''
  ) );
#8022 = ORIENTED_EDGE('',*,*,#8023,.T.);
#8023 = EDGE_CURVE('',#7624,#8024,#8026,.T.);
#8024 = VERTEX_POINT('',#8025);
#8025 = CARTESIAN_POINT('',(0.91604095735,-2.856723416571,-4.5000001757)
  );
#8026 = SURFACE_CURVE('',#8027,(#8032,#8039),.PCURVE_S1.);
#8027 = CIRCLE('',#8028,3.);
#8028 = AXIS2_PLACEMENT_3D('',#8029,#8030,#8031);
#8029 = CARTESIAN_POINT('',(9.037215420449E-14,4.99999084913E-08,
    -4.5000003514));
#8030 = DIRECTION('',(3.431321225571E-15,-9.104279154523E-17,-1.));
#8031 = DIRECTION('',(4.996003610813E-16,-1.,9.104279154523E-17));
#8032 = PCURVE('',#156,#8033);
#8033 = DEFINITIONAL_REPRESENTATION('',(#8034),#8038);
#8034 = CIRCLE('',#8035,3.);
#8035 = AXIS2_PLACEMENT_2D('',#8036,#8037);
#8036 = CARTESIAN_POINT('',(1.110223024625E-15,7.216449660064E-16));
#8037 = DIRECTION('',(1.,-1.657422360651E-32));
#8038 = ( GEOMETRIC_REPRESENTATION_CONTEXT(2) 
PARAMETRIC_REPRESENTATION_CONTEXT() REPRESENTATION_CONTEXT('2D SPACE',''
  ) );
#8039 = PCURVE('',#7887,#8040);
#8040 = DEFINITIONAL_REPRESENTATION('',(#8041),#8049);
#8041 = ( BOUNDED_CURVE() B_SPLINE_CURVE(2,(#8042,#8043,#8044,#8045,
#8046,#8047,#8048),.UNSPECIFIED.,.T.,.F.) B_SPLINE_CURVE_WITH_KNOTS((1,2
    ,2,2,2,1),(-2.094395102393,0.,2.094395102393,4.188790204786,
6.28318530718,8.377580409573),.UNSPECIFIED.) CURVE() 
GEOMETRIC_REPRESENTATION_ITEM() RATIONAL_B_SPLINE_CURVE((1.,0.5,1.,0.5,
1.,0.5,1.)) REPRESENTATION_ITEM('') );
#8042 = CARTESIAN_POINT('',(10.,7.00000005));
#8043 = CARTESIAN_POINT('',(4.803847577293,7.00000005));
#8044 = CARTESIAN_POINT('',(7.401923788647,11.50000005));
#8045 = CARTESIAN_POINT('',(10.,16.00000005));
#8046 = CARTESIAN_POINT('',(12.598076211353,11.50000005));
#8047 = CARTESIAN_POINT('',(15.196152422707,7.00000005));
#8048 = CARTESIAN_POINT('',(10.,7.00000005));
#8049 = ( GEOMETRIC_REPRESENTATION_CONTEXT(2) 
PARAMETRIC_REPRESENTATION_CONTEXT() REPRESENTATION_CONTEXT('2D SPACE',''
  ) );
#8050 = ORIENTED_EDGE('',*,*,#8051,.F.);
#8051 = EDGE_CURVE('',#8052,#8024,#8054,.T.);
#8052 = VERTEX_POINT('',#8053);
#8053 = CARTESIAN_POINT('',(0.905866657859,-3.380740392012,-4.5));
#8054 = SURFACE_CURVE('',#8055,(#8059,#8066),.PCURVE_S1.);
#8055 = LINE('',#8056,#8057);
#8056 = CARTESIAN_POINT('',(0.905866657859,-3.380740392012,-4.5));
#8057 = VECTOR('',#8058,1.);
#8058 = DIRECTION('',(1.941231440264E-02,0.999811563271,0.));
#8059 = PCURVE('',#156,#8060);
#8060 = DEFINITIONAL_REPRESENTATION('',(#8061),#8065);
#8061 = LINE('',#8062,#8063);
#8062 = CARTESIAN_POINT('',(3.380740442012,-0.905866657859));
#8063 = VECTOR('',#8064,1.);
#8064 = DIRECTION('',(-0.999811563271,-1.941231440264E-02));
#8065 = ( GEOMETRIC_REPRESENTATION_CONTEXT(2) 
PARAMETRIC_REPRESENTATION_CONTEXT() REPRESENTATION_CONTEXT('2D SPACE',''
  ) );
#8066 = PCURVE('',#8067,#8072);
#8067 = PLANE('',#8068);
#8068 = AXIS2_PLACEMENT_3D('',#8069,#8070,#8071);
#8069 = CARTESIAN_POINT('',(0.905866657859,-3.380740392012,-4.5));
#8070 = DIRECTION('',(-0.999811563271,1.941231440264E-02,0.));
#8071 = DIRECTION('',(1.941231440264E-02,0.999811563271,0.));
#8072 = DEFINITIONAL_REPRESENTATION('',(#8073),#8077);
#8073 = LINE('',#8074,#8075);
#8074 = CARTESIAN_POINT('',(0.,0.));
#8075 = VECTOR('',#8076,1.);
#8076 = DIRECTION('',(1.,0.));
#8077 = ( GEOMETRIC_REPRESENTATION_CONTEXT(2) 
PARAMETRIC_REPRESENTATION_CONTEXT() REPRESENTATION_CONTEXT('2D SPACE',''
  ) );
#8078 = ORIENTED_EDGE('',*,*,#8079,.F.);
#8079 = EDGE_CURVE('',#8080,#8052,#8082,.T.);
#8080 = VERTEX_POINT('',#8081);
#8081 = CARTESIAN_POINT('',(0.45684167277,-3.470057014808,-4.5));
#8082 = SURFACE_CURVE('',#8083,(#8087,#8094),.PCURVE_S1.);
#8083 = LINE('',#8084,#8085);
#8084 = CARTESIAN_POINT('',(0.45684167277,-3.470057014808,-4.5));
#8085 = VECTOR('',#8086,1.);
#8086 = DIRECTION('',(0.980785280403,0.195090322016,0.));
#8087 = PCURVE('',#156,#8088);
#8088 = DEFINITIONAL_REPRESENTATION('',(#8089),#8093);
#8089 = LINE('',#8090,#8091);
#8090 = CARTESIAN_POINT('',(3.470057064808,-0.45684167277));
#8091 = VECTOR('',#8092,1.);
#8092 = DIRECTION('',(-0.195090322016,-0.980785280403));
#8093 = ( GEOMETRIC_REPRESENTATION_CONTEXT(2) 
PARAMETRIC_REPRESENTATION_CONTEXT() REPRESENTATION_CONTEXT('2D SPACE',''
  ) );
#8094 = PCURVE('',#8095,#8100);
#8095 = PLANE('',#8096);
#8096 = AXIS2_PLACEMENT_3D('',#8097,#8098,#8099);
#8097 = CARTESIAN_POINT('',(0.45684167277,-3.470057014808,-4.5));
#8098 = DIRECTION('',(-0.195090322016,0.980785280403,0.));
#8099 = DIRECTION('',(0.980785280403,0.195090322016,0.));
#8100 = DEFINITIONAL_REPRESENTATION('',(#8101),#8105);
#8101 = LINE('',#8102,#8103);
#8102 = CARTESIAN_POINT('',(0.,0.));
#8103 = VECTOR('',#8104,1.);
#8104 = DIRECTION('',(1.,0.));
#8105 = ( GEOMETRIC_REPRESENTATION_CONTEXT(2) 
PARAMETRIC_REPRESENTATION_CONTEXT() REPRESENTATION_CONTEXT('2D SPACE',''
  ) );
#8106 = ORIENTED_EDGE('',*,*,#8107,.F.);
#8107 = EDGE_CURVE('',#176,#8080,#8108,.T.);
#8108 = SURFACE_CURVE('',#8109,(#8113,#8120),.PCURVE_S1.);
#8109 = LINE('',#8110,#8111);
#8110 = CARTESIAN_POINT('',(-4.454652731898E-16,-2.425,-4.5));
#8111 = VECTOR('',#8112,1.);
#8112 = DIRECTION('',(0.400545960706,-0.916276668568,0.));
#8113 = PCURVE('',#156,#8114);
#8114 = DEFINITIONAL_REPRESENTATION('',(#8115),#8119);
#8115 = LINE('',#8116,#8117);
#8116 = CARTESIAN_POINT('',(2.42500005,9.275079413852E-14));
#8117 = VECTOR('',#8118,1.);
#8118 = DIRECTION('',(0.916276668568,-0.400545960706));
#8119 = ( GEOMETRIC_REPRESENTATION_CONTEXT(2) 
PARAMETRIC_REPRESENTATION_CONTEXT() REPRESENTATION_CONTEXT('2D SPACE',''
  ) );
#8120 = PCURVE('',#8121,#8126);
#8121 = PLANE('',#8122);
#8122 = AXIS2_PLACEMENT_3D('',#8123,#8124,#8125);
#8123 = CARTESIAN_POINT('',(-4.454652731898E-16,-2.425,-4.5));
#8124 = DIRECTION('',(0.916276668568,0.400545960706,-0.));
#8125 = DIRECTION('',(0.400545960706,-0.916276668568,0.));
#8126 = DEFINITIONAL_REPRESENTATION('',(#8127),#8131);
#8127 = LINE('',#8128,#8129);
#8128 = CARTESIAN_POINT('',(0.,0.));
#8129 = VECTOR('',#8130,1.);
#8130 = DIRECTION('',(1.,0.));
#8131 = ( GEOMETRIC_REPRESENTATION_CONTEXT(2) 
PARAMETRIC_REPRESENTATION_CONTEXT() REPRESENTATION_CONTEXT('2D SPACE',''
  ) );
#8132 = ADVANCED_FACE('',(#8133),#441,.T.);
#8133 = FACE_BOUND('',#8134,.T.);
#8134 = EDGE_LOOP('',(#8135,#8158,#8159,#8160,#8183));
#8135 = ORIENTED_EDGE('',*,*,#8136,.F.);
#8136 = EDGE_CURVE('',#578,#8137,#8139,.T.);
#8137 = VERTEX_POINT('',#8138);
#8138 = CARTESIAN_POINT('',(-0.316526016134,-2.404253788831,-4.5));
#8139 = SURFACE_CURVE('',#8140,(#8144,#8151),.PCURVE_S1.);
#8140 = LINE('',#8141,#8142);
#8141 = CARTESIAN_POINT('',(-0.905866657859,-3.380740392012,-4.5));
#8142 = VECTOR('',#8143,1.);
#8143 = DIRECTION('',(0.516717339054,0.856156055588,0.));
#8144 = PCURVE('',#441,#8145);
#8145 = DEFINITIONAL_REPRESENTATION('',(#8146),#8150);
#8146 = LINE('',#8147,#8148);
#8147 = CARTESIAN_POINT('',(9.094133342141,6.619259607988));
#8148 = VECTOR('',#8149,1.);
#8149 = DIRECTION('',(0.516717339054,0.856156055588));
#8150 = ( GEOMETRIC_REPRESENTATION_CONTEXT(2) 
PARAMETRIC_REPRESENTATION_CONTEXT() REPRESENTATION_CONTEXT('2D SPACE',''
  ) );
#8151 = PCURVE('',#621,#8152);
#8152 = DEFINITIONAL_REPRESENTATION('',(#8153),#8157);
#8153 = LINE('',#8154,#8155);
#8154 = CARTESIAN_POINT('',(0.,0.));
#8155 = VECTOR('',#8156,1.);
#8156 = DIRECTION('',(1.,0.));
#8157 = ( GEOMETRIC_REPRESENTATION_CONTEXT(2) 
PARAMETRIC_REPRESENTATION_CONTEXT() REPRESENTATION_CONTEXT('2D SPACE',''
  ) );
#8158 = ORIENTED_EDGE('',*,*,#577,.F.);
#8159 = ORIENTED_EDGE('',*,*,#175,.F.);
#8160 = ORIENTED_EDGE('',*,*,#8161,.F.);
#8161 = EDGE_CURVE('',#8162,#176,#8164,.T.);
#8162 = VERTEX_POINT('',#8163);
#8163 = CARTESIAN_POINT('',(-4.454652731898E-16,-2.425,-4.5));
#8164 = SURFACE_CURVE('',#8165,(#8169,#8176),.PCURVE_S1.);
#8165 = LINE('',#8166,#8167);
#8166 = CARTESIAN_POINT('',(-4.454652731898E-16,-2.425,-4.5));
#8167 = VECTOR('',#8168,1.);
#8168 = DIRECTION('',(0.400545960706,-0.916276668568,0.));
#8169 = PCURVE('',#441,#8170);
#8170 = DEFINITIONAL_REPRESENTATION('',(#8171),#8175);
#8171 = LINE('',#8172,#8173);
#8172 = CARTESIAN_POINT('',(10.,7.575));
#8173 = VECTOR('',#8174,1.);
#8174 = DIRECTION('',(0.400545960706,-0.916276668568));
#8175 = ( GEOMETRIC_REPRESENTATION_CONTEXT(2) 
PARAMETRIC_REPRESENTATION_CONTEXT() REPRESENTATION_CONTEXT('2D SPACE',''
  ) );
#8176 = PCURVE('',#8121,#8177);
#8177 = DEFINITIONAL_REPRESENTATION('',(#8178),#8182);
#8178 = LINE('',#8179,#8180);
#8179 = CARTESIAN_POINT('',(0.,0.));
#8180 = VECTOR('',#8181,1.);
#8181 = DIRECTION('',(1.,0.));
#8182 = ( GEOMETRIC_REPRESENTATION_CONTEXT(2) 
PARAMETRIC_REPRESENTATION_CONTEXT() REPRESENTATION_CONTEXT('2D SPACE',''
  ) );
#8183 = ORIENTED_EDGE('',*,*,#8184,.F.);
#8184 = EDGE_CURVE('',#8137,#8162,#8185,.T.);
#8185 = SURFACE_CURVE('',#8186,(#8190,#8197),.PCURVE_S1.);
#8186 = LINE('',#8187,#8188);
#8187 = CARTESIAN_POINT('',(-0.316526016134,-2.404253788831,-4.5));
#8188 = VECTOR('',#8189,1.);
#8189 = DIRECTION('',(0.997858923239,-6.540312923014E-02,0.));
#8190 = PCURVE('',#441,#8191);
#8191 = DEFINITIONAL_REPRESENTATION('',(#8192),#8196);
#8192 = LINE('',#8193,#8194);
#8193 = CARTESIAN_POINT('',(9.683473983866,7.595746211169));
#8194 = VECTOR('',#8195,1.);
#8195 = DIRECTION('',(0.997858923239,-6.540312923014E-02));
#8196 = ( GEOMETRIC_REPRESENTATION_CONTEXT(2) 
PARAMETRIC_REPRESENTATION_CONTEXT() REPRESENTATION_CONTEXT('2D SPACE',''
  ) );
#8197 = PCURVE('',#8198,#8203);
#8198 = PLANE('',#8199);
#8199 = AXIS2_PLACEMENT_3D('',#8200,#8201,#8202);
#8200 = CARTESIAN_POINT('',(-0.316526016134,-2.404253788831,-4.5));
#8201 = DIRECTION('',(6.540312923014E-02,0.997858923239,-0.));
#8202 = DIRECTION('',(0.997858923239,-6.540312923014E-02,0.));
#8203 = DEFINITIONAL_REPRESENTATION('',(#8204),#8208);
#8204 = LINE('',#8205,#8206);
#8205 = CARTESIAN_POINT('',(0.,0.));
#8206 = VECTOR('',#8207,1.);
#8207 = DIRECTION('',(1.,0.));
#8208 = ( GEOMETRIC_REPRESENTATION_CONTEXT(2) 
PARAMETRIC_REPRESENTATION_CONTEXT() REPRESENTATION_CONTEXT('2D SPACE',''
  ) );
#8209 = ADVANCED_FACE('',(#8210),#953,.T.);
#8210 = FACE_BOUND('',#8211,.T.);
#8211 = EDGE_LOOP('',(#8212,#8235,#8236,#8237,#8238,#8261));
#8212 = ORIENTED_EDGE('',*,*,#8213,.F.);
#8213 = EDGE_CURVE('',#1118,#8214,#8216,.T.);
#8214 = VERTEX_POINT('',#8215);
#8215 = CARTESIAN_POINT('',(-1.476246465346,-1.923881850206,-4.5));
#8216 = SURFACE_CURVE('',#8217,(#8221,#8228),.PCURVE_S1.);
#8217 = LINE('',#8218,#8219);
#8218 = CARTESIAN_POINT('',(-2.474873734153,-2.474873734153,-4.5));
#8219 = VECTOR('',#8220,1.);
#8220 = DIRECTION('',(0.875568369991,0.483094224216,0.));
#8221 = PCURVE('',#953,#8222);
#8222 = DEFINITIONAL_REPRESENTATION('',(#8223),#8227);
#8223 = LINE('',#8224,#8225);
#8224 = CARTESIAN_POINT('',(7.525126265847,7.525126265847));
#8225 = VECTOR('',#8226,1.);
#8226 = DIRECTION('',(0.875568369991,0.483094224216));
#8227 = ( GEOMETRIC_REPRESENTATION_CONTEXT(2) 
PARAMETRIC_REPRESENTATION_CONTEXT() REPRESENTATION_CONTEXT('2D SPACE',''
  ) );
#8228 = PCURVE('',#1528,#8229);
#8229 = DEFINITIONAL_REPRESENTATION('',(#8230),#8234);
#8230 = LINE('',#8231,#8232);
#8231 = CARTESIAN_POINT('',(0.,0.));
#8232 = VECTOR('',#8233,1.);
#8233 = DIRECTION('',(1.,0.));
#8234 = ( GEOMETRIC_REPRESENTATION_CONTEXT(2) 
PARAMETRIC_REPRESENTATION_CONTEXT() REPRESENTATION_CONTEXT('2D SPACE',''
  ) );
#8235 = ORIENTED_EDGE('',*,*,#1117,.T.);
#8236 = ORIENTED_EDGE('',*,*,#1089,.F.);
#8237 = ORIENTED_EDGE('',*,*,#689,.F.);
#8238 = ORIENTED_EDGE('',*,*,#8239,.F.);
#8239 = EDGE_CURVE('',#8240,#662,#8242,.T.);
#8240 = VERTEX_POINT('',#8241);
#8241 = CARTESIAN_POINT('',(-1.2125,-2.100111604177,-4.5));
#8242 = SURFACE_CURVE('',#8243,(#8247,#8254),.PCURVE_S1.);
#8243 = LINE('',#8244,#8245);
#8244 = CARTESIAN_POINT('',(-1.2125,-2.100111604177,-4.5));
#8245 = VECTOR('',#8246,1.);
#8246 = DIRECTION('',(-0.111255356929,-0.993791852228,0.));
#8247 = PCURVE('',#953,#8248);
#8248 = DEFINITIONAL_REPRESENTATION('',(#8249),#8253);
#8249 = LINE('',#8250,#8251);
#8250 = CARTESIAN_POINT('',(8.7875,7.899888395823));
#8251 = VECTOR('',#8252,1.);
#8252 = DIRECTION('',(-0.111255356929,-0.993791852228));
#8253 = ( GEOMETRIC_REPRESENTATION_CONTEXT(2) 
PARAMETRIC_REPRESENTATION_CONTEXT() REPRESENTATION_CONTEXT('2D SPACE',''
  ) );
#8254 = PCURVE('',#677,#8255);
#8255 = DEFINITIONAL_REPRESENTATION('',(#8256),#8260);
#8256 = LINE('',#8257,#8258);
#8257 = CARTESIAN_POINT('',(0.,0.));
#8258 = VECTOR('',#8259,1.);
#8259 = DIRECTION('',(1.,0.));
#8260 = ( GEOMETRIC_REPRESENTATION_CONTEXT(2) 
PARAMETRIC_REPRESENTATION_CONTEXT() REPRESENTATION_CONTEXT('2D SPACE',''
  ) );
#8261 = ORIENTED_EDGE('',*,*,#8262,.F.);
#8262 = EDGE_CURVE('',#8214,#8240,#8263,.T.);
#8263 = SURFACE_CURVE('',#8264,(#8268,#8275),.PCURVE_S1.);
#8264 = LINE('',#8265,#8266);
#8265 = CARTESIAN_POINT('',(-1.476246465346,-1.923881850206,-4.5));
#8266 = VECTOR('',#8267,1.);
#8267 = DIRECTION('',(0.831469612303,-0.55557023302,0.));
#8268 = PCURVE('',#953,#8269);
#8269 = DEFINITIONAL_REPRESENTATION('',(#8270),#8274);
#8270 = LINE('',#8271,#8272);
#8271 = CARTESIAN_POINT('',(8.523753534654,8.076118149794));
#8272 = VECTOR('',#8273,1.);
#8273 = DIRECTION('',(0.831469612303,-0.55557023302));
#8274 = ( GEOMETRIC_REPRESENTATION_CONTEXT(2) 
PARAMETRIC_REPRESENTATION_CONTEXT() REPRESENTATION_CONTEXT('2D SPACE',''
  ) );
#8275 = PCURVE('',#8276,#8281);
#8276 = PLANE('',#8277);
#8277 = AXIS2_PLACEMENT_3D('',#8278,#8279,#8280);
#8278 = CARTESIAN_POINT('',(-1.476246465346,-1.923881850206,-4.5));
#8279 = DIRECTION('',(0.55557023302,0.831469612303,-0.));
#8280 = DIRECTION('',(0.831469612303,-0.55557023302,0.));
#8281 = DEFINITIONAL_REPRESENTATION('',(#8282),#8286);
#8282 = LINE('',#8283,#8284);
#8283 = CARTESIAN_POINT('',(0.,0.));
#8284 = VECTOR('',#8285,1.);
#8285 = DIRECTION('',(1.,0.));
#8286 = ( GEOMETRIC_REPRESENTATION_CONTEXT(2) 
PARAMETRIC_REPRESENTATION_CONTEXT() REPRESENTATION_CONTEXT('2D SPACE',''
  ) );
#8287 = ADVANCED_FACE('',(#8288),#1613,.T.);
#8288 = FACE_BOUND('',#8289,.T.);
#8289 = EDGE_LOOP('',(#8290,#8291,#8314,#8342,#8363));
#8290 = ORIENTED_EDGE('',*,*,#1596,.F.);
#8291 = ORIENTED_EDGE('',*,*,#8292,.F.);
#8292 = EDGE_CURVE('',#8293,#1569,#8295,.T.);
#8293 = VERTEX_POINT('',#8294);
#8294 = CARTESIAN_POINT('',(-2.100111604177,-1.2125,-4.5));
#8295 = SURFACE_CURVE('',#8296,(#8300,#8307),.PCURVE_S1.);
#8296 = LINE('',#8297,#8298);
#8297 = CARTESIAN_POINT('',(-2.100111604177,-1.2125,-4.5));
#8298 = VECTOR('',#8299,1.);
#8299 = DIRECTION('',(-0.593245891522,-0.805021311639,0.));
#8300 = PCURVE('',#1613,#8301);
#8301 = DEFINITIONAL_REPRESENTATION('',(#8302),#8306);
#8302 = LINE('',#8303,#8304);
#8303 = CARTESIAN_POINT('',(7.899888395823,8.7875));
#8304 = VECTOR('',#8305,1.);
#8305 = DIRECTION('',(-0.593245891522,-0.805021311639));
#8306 = ( GEOMETRIC_REPRESENTATION_CONTEXT(2) 
PARAMETRIC_REPRESENTATION_CONTEXT() REPRESENTATION_CONTEXT('2D SPACE',''
  ) );
#8307 = PCURVE('',#1584,#8308);
#8308 = DEFINITIONAL_REPRESENTATION('',(#8309),#8313);
#8309 = LINE('',#8310,#8311);
#8310 = CARTESIAN_POINT('',(0.,0.));
#8311 = VECTOR('',#8312,1.);
#8312 = DIRECTION('',(1.,0.));
#8313 = ( GEOMETRIC_REPRESENTATION_CONTEXT(2) 
PARAMETRIC_REPRESENTATION_CONTEXT() REPRESENTATION_CONTEXT('2D SPACE',''
  ) );
#8314 = ORIENTED_EDGE('',*,*,#8315,.F.);
#8315 = EDGE_CURVE('',#8316,#8293,#8318,.T.);
#8316 = VERTEX_POINT('',#8317);
#8317 = CARTESIAN_POINT('',(-2.24040786634,-0.928007323485,-4.5));
#8318 = SURFACE_CURVE('',#8319,(#8323,#8330),.PCURVE_S1.);
#8319 = LINE('',#8320,#8321);
#8320 = CARTESIAN_POINT('',(-2.24040786634,-0.928007323485,-4.5));
#8321 = VECTOR('',#8322,1.);
#8322 = DIRECTION('',(0.442288690219,-0.896872741533,0.));
#8323 = PCURVE('',#1613,#8324);
#8324 = DEFINITIONAL_REPRESENTATION('',(#8325),#8329);
#8325 = LINE('',#8326,#8327);
#8326 = CARTESIAN_POINT('',(7.75959213366,9.071992676515));
#8327 = VECTOR('',#8328,1.);
#8328 = DIRECTION('',(0.442288690219,-0.896872741533));
#8329 = ( GEOMETRIC_REPRESENTATION_CONTEXT(2) 
PARAMETRIC_REPRESENTATION_CONTEXT() REPRESENTATION_CONTEXT('2D SPACE',''
  ) );
#8330 = PCURVE('',#8331,#8336);
#8331 = PLANE('',#8332);
#8332 = AXIS2_PLACEMENT_3D('',#8333,#8334,#8335);
#8333 = CARTESIAN_POINT('',(-2.24040786634,-0.928007323485,-4.5));
#8334 = DIRECTION('',(0.896872741533,0.442288690219,-0.));
#8335 = DIRECTION('',(0.442288690219,-0.896872741533,0.));
#8336 = DEFINITIONAL_REPRESENTATION('',(#8337),#8341);
#8337 = LINE('',#8338,#8339);
#8338 = CARTESIAN_POINT('',(0.,0.));
#8339 = VECTOR('',#8340,1.);
#8340 = DIRECTION('',(1.,0.));
#8341 = ( GEOMETRIC_REPRESENTATION_CONTEXT(2) 
PARAMETRIC_REPRESENTATION_CONTEXT() REPRESENTATION_CONTEXT('2D SPACE',''
  ) );
#8342 = ORIENTED_EDGE('',*,*,#8343,.F.);
#8343 = EDGE_CURVE('',#1630,#8316,#8344,.T.);
#8344 = SURFACE_CURVE('',#8345,(#8349,#8356),.PCURVE_S1.);
#8345 = LINE('',#8346,#8347);
#8346 = CARTESIAN_POINT('',(-3.380740392012,-0.905866657859,-4.5));
#8347 = VECTOR('',#8348,1.);
#8348 = DIRECTION('',(0.999811563271,-1.941231440264E-02,0.));
#8349 = PCURVE('',#1613,#8350);
#8350 = DEFINITIONAL_REPRESENTATION('',(#8351),#8355);
#8351 = LINE('',#8352,#8353);
#8352 = CARTESIAN_POINT('',(6.619259607988,9.094133342141));
#8353 = VECTOR('',#8354,1.);
#8354 = DIRECTION('',(0.999811563271,-1.941231440264E-02));
#8355 = ( GEOMETRIC_REPRESENTATION_CONTEXT(2) 
PARAMETRIC_REPRESENTATION_CONTEXT() REPRESENTATION_CONTEXT('2D SPACE',''
  ) );
#8356 = PCURVE('',#2040,#8357);
#8357 = DEFINITIONAL_REPRESENTATION('',(#8358),#8362);
#8358 = LINE('',#8359,#8360);
#8359 = CARTESIAN_POINT('',(0.,0.));
#8360 = VECTOR('',#8361,1.);
#8361 = DIRECTION('',(1.,0.));
#8362 = ( GEOMETRIC_REPRESENTATION_CONTEXT(2) 
PARAMETRIC_REPRESENTATION_CONTEXT() REPRESENTATION_CONTEXT('2D SPACE',''
  ) );
#8363 = ORIENTED_EDGE('',*,*,#1629,.T.);
#8364 = ADVANCED_FACE('',(#8365),#2125,.T.);
#8365 = FACE_BOUND('',#8366,.T.);
#8366 = EDGE_LOOP('',(#8367,#8368,#8391,#8412));
#8367 = ORIENTED_EDGE('',*,*,#2108,.F.);
#8368 = ORIENTED_EDGE('',*,*,#8369,.F.);
#8369 = EDGE_CURVE('',#8370,#2081,#8372,.T.);
#8370 = VERTEX_POINT('',#8371);
#8371 = CARTESIAN_POINT('',(-2.425,2.969768487932E-16,-4.5));
#8372 = SURFACE_CURVE('',#8373,(#8377,#8384),.PCURVE_S1.);
#8373 = LINE('',#8374,#8375);
#8374 = CARTESIAN_POINT('',(-2.425,2.969768487932E-16,-4.5));
#8375 = VECTOR('',#8376,1.);
#8376 = DIRECTION('',(-0.916276668568,-0.400545960706,0.));
#8377 = PCURVE('',#2125,#8378);
#8378 = DEFINITIONAL_REPRESENTATION('',(#8379),#8383);
#8379 = LINE('',#8380,#8381);
#8380 = CARTESIAN_POINT('',(7.575,10.));
#8381 = VECTOR('',#8382,1.);
#8382 = DIRECTION('',(-0.916276668568,-0.400545960706));
#8383 = ( GEOMETRIC_REPRESENTATION_CONTEXT(2) 
PARAMETRIC_REPRESENTATION_CONTEXT() REPRESENTATION_CONTEXT('2D SPACE',''
  ) );
#8384 = PCURVE('',#2096,#8385);
#8385 = DEFINITIONAL_REPRESENTATION('',(#8386),#8390);
#8386 = LINE('',#8387,#8388);
#8387 = CARTESIAN_POINT('',(0.,0.));
#8388 = VECTOR('',#8389,1.);
#8389 = DIRECTION('',(1.,0.));
#8390 = ( GEOMETRIC_REPRESENTATION_CONTEXT(2) 
PARAMETRIC_REPRESENTATION_CONTEXT() REPRESENTATION_CONTEXT('2D SPACE',''
  ) );
#8391 = ORIENTED_EDGE('',*,*,#8392,.F.);
#8392 = EDGE_CURVE('',#2142,#8370,#8393,.T.);
#8393 = SURFACE_CURVE('',#8394,(#8398,#8405),.PCURVE_S1.);
#8394 = LINE('',#8395,#8396);
#8395 = CARTESIAN_POINT('',(-2.404253788831,0.316526016134,-4.5));
#8396 = VECTOR('',#8397,1.);
#8397 = DIRECTION('',(-6.540312923014E-02,-0.997858923239,0.));
#8398 = PCURVE('',#2125,#8399);
#8399 = DEFINITIONAL_REPRESENTATION('',(#8400),#8404);
#8400 = LINE('',#8401,#8402);
#8401 = CARTESIAN_POINT('',(7.595746211169,10.316526016134));
#8402 = VECTOR('',#8403,1.);
#8403 = DIRECTION('',(-6.540312923014E-02,-0.997858923239));
#8404 = ( GEOMETRIC_REPRESENTATION_CONTEXT(2) 
PARAMETRIC_REPRESENTATION_CONTEXT() REPRESENTATION_CONTEXT('2D SPACE',''
  ) );
#8405 = PCURVE('',#2552,#8406);
#8406 = DEFINITIONAL_REPRESENTATION('',(#8407),#8411);
#8407 = LINE('',#8408,#8409);
#8408 = CARTESIAN_POINT('',(0.,0.));
#8409 = VECTOR('',#8410,1.);
#8410 = DIRECTION('',(1.,0.));
#8411 = ( GEOMETRIC_REPRESENTATION_CONTEXT(2) 
PARAMETRIC_REPRESENTATION_CONTEXT() REPRESENTATION_CONTEXT('2D SPACE',''
  ) );
#8412 = ORIENTED_EDGE('',*,*,#2141,.T.);
#8413 = ADVANCED_FACE('',(#8414),#2665,.T.);
#8414 = FACE_BOUND('',#8415,.T.);
#8415 = EDGE_LOOP('',(#8416,#8417,#8440,#8461));
#8416 = ORIENTED_EDGE('',*,*,#2648,.F.);
#8417 = ORIENTED_EDGE('',*,*,#8418,.F.);
#8418 = EDGE_CURVE('',#8419,#2621,#8421,.T.);
#8419 = VERTEX_POINT('',#8420);
#8420 = CARTESIAN_POINT('',(-2.100111604177,1.2125,-4.5));
#8421 = SURFACE_CURVE('',#8422,(#8426,#8433),.PCURVE_S1.);
#8422 = LINE('',#8423,#8424);
#8423 = CARTESIAN_POINT('',(-2.100111604177,1.2125,-4.5));
#8424 = VECTOR('',#8425,1.);
#8425 = DIRECTION('',(-0.993791852228,0.111255356929,0.));
#8426 = PCURVE('',#2665,#8427);
#8427 = DEFINITIONAL_REPRESENTATION('',(#8428),#8432);
#8428 = LINE('',#8429,#8430);
#8429 = CARTESIAN_POINT('',(7.899888395823,11.2125));
#8430 = VECTOR('',#8431,1.);
#8431 = DIRECTION('',(-0.993791852228,0.111255356929));
#8432 = ( GEOMETRIC_REPRESENTATION_CONTEXT(2) 
PARAMETRIC_REPRESENTATION_CONTEXT() REPRESENTATION_CONTEXT('2D SPACE',''
  ) );
#8433 = PCURVE('',#2636,#8434);
#8434 = DEFINITIONAL_REPRESENTATION('',(#8435),#8439);
#8435 = LINE('',#8436,#8437);
#8436 = CARTESIAN_POINT('',(0.,0.));
#8437 = VECTOR('',#8438,1.);
#8438 = DIRECTION('',(1.,0.));
#8439 = ( GEOMETRIC_REPRESENTATION_CONTEXT(2) 
PARAMETRIC_REPRESENTATION_CONTEXT() REPRESENTATION_CONTEXT('2D SPACE',''
  ) );
#8440 = ORIENTED_EDGE('',*,*,#8441,.F.);
#8441 = EDGE_CURVE('',#2682,#8419,#8442,.T.);
#8442 = SURFACE_CURVE('',#8443,(#8447,#8454),.PCURVE_S1.);
#8443 = LINE('',#8444,#8445);
#8444 = CARTESIAN_POINT('',(-1.923881850206,1.476246465346,-4.5));
#8445 = VECTOR('',#8446,1.);
#8446 = DIRECTION('',(-0.55557023302,-0.831469612303,0.));
#8447 = PCURVE('',#2665,#8448);
#8448 = DEFINITIONAL_REPRESENTATION('',(#8449),#8453);
#8449 = LINE('',#8450,#8451);
#8450 = CARTESIAN_POINT('',(8.076118149794,11.476246465346));
#8451 = VECTOR('',#8452,1.);
#8452 = DIRECTION('',(-0.55557023302,-0.831469612303));
#8453 = ( GEOMETRIC_REPRESENTATION_CONTEXT(2) 
PARAMETRIC_REPRESENTATION_CONTEXT() REPRESENTATION_CONTEXT('2D SPACE',''
  ) );
#8454 = PCURVE('',#3092,#8455);
#8455 = DEFINITIONAL_REPRESENTATION('',(#8456),#8460);
#8456 = LINE('',#8457,#8458);
#8457 = CARTESIAN_POINT('',(0.,0.));
#8458 = VECTOR('',#8459,1.);
#8459 = DIRECTION('',(1.,0.));
#8460 = ( GEOMETRIC_REPRESENTATION_CONTEXT(2) 
PARAMETRIC_REPRESENTATION_CONTEXT() REPRESENTATION_CONTEXT('2D SPACE',''
  ) );
#8461 = ORIENTED_EDGE('',*,*,#2681,.T.);
#8462 = ADVANCED_FACE('',(#8463),#3368,.T.);
#8463 = FACE_BOUND('',#8464,.T.);
#8464 = EDGE_LOOP('',(#8465,#8466,#8489,#8510));
#8465 = ORIENTED_EDGE('',*,*,#3104,.F.);
#8466 = ORIENTED_EDGE('',*,*,#8467,.F.);
#8467 = EDGE_CURVE('',#8468,#3077,#8470,.T.);
#8468 = VERTEX_POINT('',#8469);
#8469 = CARTESIAN_POINT('',(-1.923881850206,1.476246465346,-4.5));
#8470 = SURFACE_CURVE('',#8471,(#8475,#8482),.PCURVE_S1.);
#8471 = LINE('',#8472,#8473);
#8472 = CARTESIAN_POINT('',(-1.923881850206,1.476246465346,-4.5));
#8473 = VECTOR('',#8474,1.);
#8474 = DIRECTION('',(-0.55557023302,-0.831469612303,0.));
#8475 = PCURVE('',#3368,#8476);
#8476 = DEFINITIONAL_REPRESENTATION('',(#8477),#8481);
#8477 = LINE('',#8478,#8479);
#8478 = CARTESIAN_POINT('',(8.076118149794,11.476246465346));
#8479 = VECTOR('',#8480,1.);
#8480 = DIRECTION('',(-0.55557023302,-0.831469612303));
#8481 = ( GEOMETRIC_REPRESENTATION_CONTEXT(2) 
PARAMETRIC_REPRESENTATION_CONTEXT() REPRESENTATION_CONTEXT('2D SPACE',''
  ) );
#8482 = PCURVE('',#3092,#8483);
#8483 = DEFINITIONAL_REPRESENTATION('',(#8484),#8488);
#8484 = LINE('',#8485,#8486);
#8485 = CARTESIAN_POINT('',(0.,0.));
#8486 = VECTOR('',#8487,1.);
#8487 = DIRECTION('',(1.,0.));
#8488 = ( GEOMETRIC_REPRESENTATION_CONTEXT(2) 
PARAMETRIC_REPRESENTATION_CONTEXT() REPRESENTATION_CONTEXT('2D SPACE',''
  ) );
#8489 = ORIENTED_EDGE('',*,*,#8490,.F.);
#8490 = EDGE_CURVE('',#3505,#8468,#8491,.T.);
#8491 = SURFACE_CURVE('',#8492,(#8496,#8503),.PCURVE_S1.);
#8492 = LINE('',#8493,#8494);
#8493 = CARTESIAN_POINT('',(-2.474873734153,2.474873734153,-4.5));
#8494 = VECTOR('',#8495,1.);
#8495 = DIRECTION('',(0.483094224216,-0.875568369991,0.));
#8496 = PCURVE('',#3368,#8497);
#8497 = DEFINITIONAL_REPRESENTATION('',(#8498),#8502);
#8498 = LINE('',#8499,#8500);
#8499 = CARTESIAN_POINT('',(7.525126265847,12.474873734153));
#8500 = VECTOR('',#8501,1.);
#8501 = DIRECTION('',(0.483094224216,-0.875568369991));
#8502 = ( GEOMETRIC_REPRESENTATION_CONTEXT(2) 
PARAMETRIC_REPRESENTATION_CONTEXT() REPRESENTATION_CONTEXT('2D SPACE',''
  ) );
#8503 = PCURVE('',#3548,#8504);
#8504 = DEFINITIONAL_REPRESENTATION('',(#8505),#8509);
#8505 = LINE('',#8506,#8507);
#8506 = CARTESIAN_POINT('',(0.,0.));
#8507 = VECTOR('',#8508,1.);
#8508 = DIRECTION('',(1.,0.));
#8509 = ( GEOMETRIC_REPRESENTATION_CONTEXT(2) 
PARAMETRIC_REPRESENTATION_CONTEXT() REPRESENTATION_CONTEXT('2D SPACE',''
  ) );
#8510 = ORIENTED_EDGE('',*,*,#3504,.F.);
#8511 = ADVANCED_FACE('',(#8512),#3908,.T.);
#8512 = FACE_BOUND('',#8513,.T.);
#8513 = EDGE_LOOP('',(#8514,#8515,#8538,#8559));
#8514 = ORIENTED_EDGE('',*,*,#3644,.F.);
#8515 = ORIENTED_EDGE('',*,*,#8516,.F.);
#8516 = EDGE_CURVE('',#8517,#3617,#8519,.T.);
#8517 = VERTEX_POINT('',#8518);
#8518 = CARTESIAN_POINT('',(-0.928007323485,2.24040786634,-4.5));
#8519 = SURFACE_CURVE('',#8520,(#8524,#8531),.PCURVE_S1.);
#8520 = LINE('',#8521,#8522);
#8521 = CARTESIAN_POINT('',(-0.928007323485,2.24040786634,-4.5));
#8522 = VECTOR('',#8523,1.);
#8523 = DIRECTION('',(-0.896872741533,-0.442288690219,0.));
#8524 = PCURVE('',#3908,#8525);
#8525 = DEFINITIONAL_REPRESENTATION('',(#8526),#8530);
#8526 = LINE('',#8527,#8528);
#8527 = CARTESIAN_POINT('',(9.071992676515,12.24040786634));
#8528 = VECTOR('',#8529,1.);
#8529 = DIRECTION('',(-0.896872741533,-0.442288690219));
#8530 = ( GEOMETRIC_REPRESENTATION_CONTEXT(2) 
PARAMETRIC_REPRESENTATION_CONTEXT() REPRESENTATION_CONTEXT('2D SPACE',''
  ) );
#8531 = PCURVE('',#3632,#8532);
#8532 = DEFINITIONAL_REPRESENTATION('',(#8533),#8537);
#8533 = LINE('',#8534,#8535);
#8534 = CARTESIAN_POINT('',(0.,0.));
#8535 = VECTOR('',#8536,1.);
#8536 = DIRECTION('',(1.,0.));
#8537 = ( GEOMETRIC_REPRESENTATION_CONTEXT(2) 
PARAMETRIC_REPRESENTATION_CONTEXT() REPRESENTATION_CONTEXT('2D SPACE',''
  ) );
#8538 = ORIENTED_EDGE('',*,*,#8539,.F.);
#8539 = EDGE_CURVE('',#4045,#8517,#8540,.T.);
#8540 = SURFACE_CURVE('',#8541,(#8545,#8552),.PCURVE_S1.);
#8541 = LINE('',#8542,#8543);
#8542 = CARTESIAN_POINT('',(-0.905866657859,3.380740392012,-4.5));
#8543 = VECTOR('',#8544,1.);
#8544 = DIRECTION('',(-1.941231440264E-02,-0.999811563271,0.));
#8545 = PCURVE('',#3908,#8546);
#8546 = DEFINITIONAL_REPRESENTATION('',(#8547),#8551);
#8547 = LINE('',#8548,#8549);
#8548 = CARTESIAN_POINT('',(9.094133342141,13.380740392012));
#8549 = VECTOR('',#8550,1.);
#8550 = DIRECTION('',(-1.941231440264E-02,-0.999811563271));
#8551 = ( GEOMETRIC_REPRESENTATION_CONTEXT(2) 
PARAMETRIC_REPRESENTATION_CONTEXT() REPRESENTATION_CONTEXT('2D SPACE',''
  ) );
#8552 = PCURVE('',#4088,#8553);
#8553 = DEFINITIONAL_REPRESENTATION('',(#8554),#8558);
#8554 = LINE('',#8555,#8556);
#8555 = CARTESIAN_POINT('',(0.,0.));
#8556 = VECTOR('',#8557,1.);
#8557 = DIRECTION('',(1.,0.));
#8558 = ( GEOMETRIC_REPRESENTATION_CONTEXT(2) 
PARAMETRIC_REPRESENTATION_CONTEXT() REPRESENTATION_CONTEXT('2D SPACE',''
  ) );
#8559 = ORIENTED_EDGE('',*,*,#4044,.F.);
#8560 = ADVANCED_FACE('',(#8561),#4420,.T.);
#8561 = FACE_BOUND('',#8562,.T.);
#8562 = EDGE_LOOP('',(#8563,#8564,#8587,#8615,#8636));
#8563 = ORIENTED_EDGE('',*,*,#4156,.F.);
#8564 = ORIENTED_EDGE('',*,*,#8565,.F.);
#8565 = EDGE_CURVE('',#8566,#4129,#8568,.T.);
#8566 = VERTEX_POINT('',#8567);
#8567 = CARTESIAN_POINT('',(1.484884243966E-16,2.425,-4.5));
#8568 = SURFACE_CURVE('',#8569,(#8573,#8580),.PCURVE_S1.);
#8569 = LINE('',#8570,#8571);
#8570 = CARTESIAN_POINT('',(1.484884243966E-16,2.425,-4.5));
#8571 = VECTOR('',#8572,1.);
#8572 = DIRECTION('',(-0.400545960706,0.916276668568,0.));
#8573 = PCURVE('',#4420,#8574);
#8574 = DEFINITIONAL_REPRESENTATION('',(#8575),#8579);
#8575 = LINE('',#8576,#8577);
#8576 = CARTESIAN_POINT('',(10.,12.425));
#8577 = VECTOR('',#8578,1.);
#8578 = DIRECTION('',(-0.400545960706,0.916276668568));
#8579 = ( GEOMETRIC_REPRESENTATION_CONTEXT(2) 
PARAMETRIC_REPRESENTATION_CONTEXT() REPRESENTATION_CONTEXT('2D SPACE',''
  ) );
#8580 = PCURVE('',#4144,#8581);
#8581 = DEFINITIONAL_REPRESENTATION('',(#8582),#8586);
#8582 = LINE('',#8583,#8584);
#8583 = CARTESIAN_POINT('',(0.,0.));
#8584 = VECTOR('',#8585,1.);
#8585 = DIRECTION('',(1.,0.));
#8586 = ( GEOMETRIC_REPRESENTATION_CONTEXT(2) 
PARAMETRIC_REPRESENTATION_CONTEXT() REPRESENTATION_CONTEXT('2D SPACE',''
  ) );
#8587 = ORIENTED_EDGE('',*,*,#8588,.F.);
#8588 = EDGE_CURVE('',#8589,#8566,#8591,.T.);
#8589 = VERTEX_POINT('',#8590);
#8590 = CARTESIAN_POINT('',(0.316526016134,2.404253788831,-4.5));
#8591 = SURFACE_CURVE('',#8592,(#8596,#8603),.PCURVE_S1.);
#8592 = LINE('',#8593,#8594);
#8593 = CARTESIAN_POINT('',(0.316526016134,2.404253788831,-4.5));
#8594 = VECTOR('',#8595,1.);
#8595 = DIRECTION('',(-0.997858923239,6.540312923014E-02,0.));
#8596 = PCURVE('',#4420,#8597);
#8597 = DEFINITIONAL_REPRESENTATION('',(#8598),#8602);
#8598 = LINE('',#8599,#8600);
#8599 = CARTESIAN_POINT('',(10.316526016134,12.404253788831));
#8600 = VECTOR('',#8601,1.);
#8601 = DIRECTION('',(-0.997858923239,6.540312923014E-02));
#8602 = ( GEOMETRIC_REPRESENTATION_CONTEXT(2) 
PARAMETRIC_REPRESENTATION_CONTEXT() REPRESENTATION_CONTEXT('2D SPACE',''
  ) );
#8603 = PCURVE('',#8604,#8609);
#8604 = PLANE('',#8605);
#8605 = AXIS2_PLACEMENT_3D('',#8606,#8607,#8608);
#8606 = CARTESIAN_POINT('',(0.316526016134,2.404253788831,-4.5));
#8607 = DIRECTION('',(-6.540312923014E-02,-0.997858923239,0.));
#8608 = DIRECTION('',(-0.997858923239,6.540312923014E-02,0.));
#8609 = DEFINITIONAL_REPRESENTATION('',(#8610),#8614);
#8610 = LINE('',#8611,#8612);
#8611 = CARTESIAN_POINT('',(0.,0.));
#8612 = VECTOR('',#8613,1.);
#8613 = DIRECTION('',(1.,0.));
#8614 = ( GEOMETRIC_REPRESENTATION_CONTEXT(2) 
PARAMETRIC_REPRESENTATION_CONTEXT() REPRESENTATION_CONTEXT('2D SPACE',''
  ) );
#8615 = ORIENTED_EDGE('',*,*,#8616,.F.);
#8616 = EDGE_CURVE('',#4557,#8589,#8617,.T.);
#8617 = SURFACE_CURVE('',#8618,(#8622,#8629),.PCURVE_S1.);
#8618 = LINE('',#8619,#8620);
#8619 = CARTESIAN_POINT('',(0.905866657859,3.380740392012,-4.5));
#8620 = VECTOR('',#8621,1.);
#8621 = DIRECTION('',(-0.516717339054,-0.856156055588,0.));
#8622 = PCURVE('',#4420,#8623);
#8623 = DEFINITIONAL_REPRESENTATION('',(#8624),#8628);
#8624 = LINE('',#8625,#8626);
#8625 = CARTESIAN_POINT('',(10.905866657859,13.380740392012));
#8626 = VECTOR('',#8627,1.);
#8627 = DIRECTION('',(-0.516717339054,-0.856156055588));
#8628 = ( GEOMETRIC_REPRESENTATION_CONTEXT(2) 
PARAMETRIC_REPRESENTATION_CONTEXT() REPRESENTATION_CONTEXT('2D SPACE',''
  ) );
#8629 = PCURVE('',#4600,#8630);
#8630 = DEFINITIONAL_REPRESENTATION('',(#8631),#8635);
#8631 = LINE('',#8632,#8633);
#8632 = CARTESIAN_POINT('',(0.,0.));
#8633 = VECTOR('',#8634,1.);
#8634 = DIRECTION('',(1.,0.));
#8635 = ( GEOMETRIC_REPRESENTATION_CONTEXT(2) 
PARAMETRIC_REPRESENTATION_CONTEXT() REPRESENTATION_CONTEXT('2D SPACE',''
  ) );
#8636 = ORIENTED_EDGE('',*,*,#4556,.F.);
#8637 = ADVANCED_FACE('',(#8638),#4932,.T.);
#8638 = FACE_BOUND('',#8639,.T.);
#8639 = EDGE_LOOP('',(#8640,#8641,#8664,#8692,#8713,#8714));
#8640 = ORIENTED_EDGE('',*,*,#4668,.F.);
#8641 = ORIENTED_EDGE('',*,*,#8642,.F.);
#8642 = EDGE_CURVE('',#8643,#4641,#8645,.T.);
#8643 = VERTEX_POINT('',#8644);
#8644 = CARTESIAN_POINT('',(1.2125,2.100111604177,-4.5));
#8645 = SURFACE_CURVE('',#8646,(#8650,#8657),.PCURVE_S1.);
#8646 = LINE('',#8647,#8648);
#8647 = CARTESIAN_POINT('',(1.2125,2.100111604177,-4.5));
#8648 = VECTOR('',#8649,1.);
#8649 = DIRECTION('',(0.111255356929,0.993791852228,0.));
#8650 = PCURVE('',#4932,#8651);
#8651 = DEFINITIONAL_REPRESENTATION('',(#8652),#8656);
#8652 = LINE('',#8653,#8654);
#8653 = CARTESIAN_POINT('',(11.2125,12.100111604177));
#8654 = VECTOR('',#8655,1.);
#8655 = DIRECTION('',(0.111255356929,0.993791852228));
#8656 = ( GEOMETRIC_REPRESENTATION_CONTEXT(2) 
PARAMETRIC_REPRESENTATION_CONTEXT() REPRESENTATION_CONTEXT('2D SPACE',''
  ) );
#8657 = PCURVE('',#4656,#8658);
#8658 = DEFINITIONAL_REPRESENTATION('',(#8659),#8663);
#8659 = LINE('',#8660,#8661);
#8660 = CARTESIAN_POINT('',(0.,0.));
#8661 = VECTOR('',#8662,1.);
#8662 = DIRECTION('',(1.,0.));
#8663 = ( GEOMETRIC_REPRESENTATION_CONTEXT(2) 
PARAMETRIC_REPRESENTATION_CONTEXT() REPRESENTATION_CONTEXT('2D SPACE',''
  ) );
#8664 = ORIENTED_EDGE('',*,*,#8665,.F.);
#8665 = EDGE_CURVE('',#8666,#8643,#8668,.T.);
#8666 = VERTEX_POINT('',#8667);
#8667 = CARTESIAN_POINT('',(1.476246465346,1.923881850206,-4.5));
#8668 = SURFACE_CURVE('',#8669,(#8673,#8680),.PCURVE_S1.);
#8669 = LINE('',#8670,#8671);
#8670 = CARTESIAN_POINT('',(1.476246465346,1.923881850206,-4.5));
#8671 = VECTOR('',#8672,1.);
#8672 = DIRECTION('',(-0.831469612303,0.55557023302,0.));
#8673 = PCURVE('',#4932,#8674);
#8674 = DEFINITIONAL_REPRESENTATION('',(#8675),#8679);
#8675 = LINE('',#8676,#8677);
#8676 = CARTESIAN_POINT('',(11.476246465346,11.923881850206));
#8677 = VECTOR('',#8678,1.);
#8678 = DIRECTION('',(-0.831469612303,0.55557023302));
#8679 = ( GEOMETRIC_REPRESENTATION_CONTEXT(2) 
PARAMETRIC_REPRESENTATION_CONTEXT() REPRESENTATION_CONTEXT('2D SPACE',''
  ) );
#8680 = PCURVE('',#8681,#8686);
#8681 = PLANE('',#8682);
#8682 = AXIS2_PLACEMENT_3D('',#8683,#8684,#8685);
#8683 = CARTESIAN_POINT('',(1.476246465346,1.923881850206,-4.5));
#8684 = DIRECTION('',(-0.55557023302,-0.831469612303,0.));
#8685 = DIRECTION('',(-0.831469612303,0.55557023302,0.));
#8686 = DEFINITIONAL_REPRESENTATION('',(#8687),#8691);
#8687 = LINE('',#8688,#8689);
#8688 = CARTESIAN_POINT('',(0.,0.));
#8689 = VECTOR('',#8690,1.);
#8690 = DIRECTION('',(1.,0.));
#8691 = ( GEOMETRIC_REPRESENTATION_CONTEXT(2) 
PARAMETRIC_REPRESENTATION_CONTEXT() REPRESENTATION_CONTEXT('2D SPACE',''
  ) );
#8692 = ORIENTED_EDGE('',*,*,#8693,.F.);
#8693 = EDGE_CURVE('',#5097,#8666,#8694,.T.);
#8694 = SURFACE_CURVE('',#8695,(#8699,#8706),.PCURVE_S1.);
#8695 = LINE('',#8696,#8697);
#8696 = CARTESIAN_POINT('',(2.474873734153,2.474873734153,-4.5));
#8697 = VECTOR('',#8698,1.);
#8698 = DIRECTION('',(-0.875568369991,-0.483094224216,0.));
#8699 = PCURVE('',#4932,#8700);
#8700 = DEFINITIONAL_REPRESENTATION('',(#8701),#8705);
#8701 = LINE('',#8702,#8703);
#8702 = CARTESIAN_POINT('',(12.474873734153,12.474873734153));
#8703 = VECTOR('',#8704,1.);
#8704 = DIRECTION('',(-0.875568369991,-0.483094224216));
#8705 = ( GEOMETRIC_REPRESENTATION_CONTEXT(2) 
PARAMETRIC_REPRESENTATION_CONTEXT() REPRESENTATION_CONTEXT('2D SPACE',''
  ) );
#8706 = PCURVE('',#5507,#8707);
#8707 = DEFINITIONAL_REPRESENTATION('',(#8708),#8712);
#8708 = LINE('',#8709,#8710);
#8709 = CARTESIAN_POINT('',(0.,0.));
#8710 = VECTOR('',#8711,1.);
#8711 = DIRECTION('',(1.,0.));
#8712 = ( GEOMETRIC_REPRESENTATION_CONTEXT(2) 
PARAMETRIC_REPRESENTATION_CONTEXT() REPRESENTATION_CONTEXT('2D SPACE',''
  ) );
#8713 = ORIENTED_EDGE('',*,*,#5096,.T.);
#8714 = ORIENTED_EDGE('',*,*,#5068,.F.);
#8715 = ADVANCED_FACE('',(#8716),#5592,.T.);
#8716 = FACE_BOUND('',#8717,.T.);
#8717 = EDGE_LOOP('',(#8718,#8741,#8742,#8743,#8766));
#8718 = ORIENTED_EDGE('',*,*,#8719,.F.);
#8719 = EDGE_CURVE('',#5609,#8720,#8722,.T.);
#8720 = VERTEX_POINT('',#8721);
#8721 = CARTESIAN_POINT('',(2.24040786634,0.928007323485,-4.5));
#8722 = SURFACE_CURVE('',#8723,(#8727,#8734),.PCURVE_S1.);
#8723 = LINE('',#8724,#8725);
#8724 = CARTESIAN_POINT('',(3.380740392012,0.905866657859,-4.5));
#8725 = VECTOR('',#8726,1.);
#8726 = DIRECTION('',(-0.999811563271,1.941231440264E-02,0.));
#8727 = PCURVE('',#5592,#8728);
#8728 = DEFINITIONAL_REPRESENTATION('',(#8729),#8733);
#8729 = LINE('',#8730,#8731);
#8730 = CARTESIAN_POINT('',(13.380740392012,10.905866657859));
#8731 = VECTOR('',#8732,1.);
#8732 = DIRECTION('',(-0.999811563271,1.941231440264E-02));
#8733 = ( GEOMETRIC_REPRESENTATION_CONTEXT(2) 
PARAMETRIC_REPRESENTATION_CONTEXT() REPRESENTATION_CONTEXT('2D SPACE',''
  ) );
#8734 = PCURVE('',#6019,#8735);
#8735 = DEFINITIONAL_REPRESENTATION('',(#8736),#8740);
#8736 = LINE('',#8737,#8738);
#8737 = CARTESIAN_POINT('',(0.,0.));
#8738 = VECTOR('',#8739,1.);
#8739 = DIRECTION('',(1.,0.));
#8740 = ( GEOMETRIC_REPRESENTATION_CONTEXT(2) 
PARAMETRIC_REPRESENTATION_CONTEXT() REPRESENTATION_CONTEXT('2D SPACE',''
  ) );
#8741 = ORIENTED_EDGE('',*,*,#5608,.T.);
#8742 = ORIENTED_EDGE('',*,*,#5575,.F.);
#8743 = ORIENTED_EDGE('',*,*,#8744,.F.);
#8744 = EDGE_CURVE('',#8745,#5548,#8747,.T.);
#8745 = VERTEX_POINT('',#8746);
#8746 = CARTESIAN_POINT('',(2.100111604177,1.2125,-4.5));
#8747 = SURFACE_CURVE('',#8748,(#8752,#8759),.PCURVE_S1.);
#8748 = LINE('',#8749,#8750);
#8749 = CARTESIAN_POINT('',(2.100111604177,1.2125,-4.5));
#8750 = VECTOR('',#8751,1.);
#8751 = DIRECTION('',(0.593245891522,0.805021311639,0.));
#8752 = PCURVE('',#5592,#8753);
#8753 = DEFINITIONAL_REPRESENTATION('',(#8754),#8758);
#8754 = LINE('',#8755,#8756);
#8755 = CARTESIAN_POINT('',(12.100111604177,11.2125));
#8756 = VECTOR('',#8757,1.);
#8757 = DIRECTION('',(0.593245891522,0.805021311639));
#8758 = ( GEOMETRIC_REPRESENTATION_CONTEXT(2) 
PARAMETRIC_REPRESENTATION_CONTEXT() REPRESENTATION_CONTEXT('2D SPACE',''
  ) );
#8759 = PCURVE('',#5563,#8760);
#8760 = DEFINITIONAL_REPRESENTATION('',(#8761),#8765);
#8761 = LINE('',#8762,#8763);
#8762 = CARTESIAN_POINT('',(0.,0.));
#8763 = VECTOR('',#8764,1.);
#8764 = DIRECTION('',(1.,0.));
#8765 = ( GEOMETRIC_REPRESENTATION_CONTEXT(2) 
PARAMETRIC_REPRESENTATION_CONTEXT() REPRESENTATION_CONTEXT('2D SPACE',''
  ) );
#8766 = ORIENTED_EDGE('',*,*,#8767,.F.);
#8767 = EDGE_CURVE('',#8720,#8745,#8768,.T.);
#8768 = SURFACE_CURVE('',#8769,(#8773,#8780),.PCURVE_S1.);
#8769 = LINE('',#8770,#8771);
#8770 = CARTESIAN_POINT('',(2.24040786634,0.928007323485,-4.5));
#8771 = VECTOR('',#8772,1.);
#8772 = DIRECTION('',(-0.442288690219,0.896872741533,0.));
#8773 = PCURVE('',#5592,#8774);
#8774 = DEFINITIONAL_REPRESENTATION('',(#8775),#8779);
#8775 = LINE('',#8776,#8777);
#8776 = CARTESIAN_POINT('',(12.24040786634,10.928007323485));
#8777 = VECTOR('',#8778,1.);
#8778 = DIRECTION('',(-0.442288690219,0.896872741533));
#8779 = ( GEOMETRIC_REPRESENTATION_CONTEXT(2) 
PARAMETRIC_REPRESENTATION_CONTEXT() REPRESENTATION_CONTEXT('2D SPACE',''
  ) );
#8780 = PCURVE('',#8781,#8786);
#8781 = PLANE('',#8782);
#8782 = AXIS2_PLACEMENT_3D('',#8783,#8784,#8785);
#8783 = CARTESIAN_POINT('',(2.24040786634,0.928007323485,-4.5));
#8784 = DIRECTION('',(-0.896872741533,-0.442288690219,0.));
#8785 = DIRECTION('',(-0.442288690219,0.896872741533,0.));
#8786 = DEFINITIONAL_REPRESENTATION('',(#8787),#8791);
#8787 = LINE('',#8788,#8789);
#8788 = CARTESIAN_POINT('',(0.,0.));
#8789 = VECTOR('',#8790,1.);
#8790 = DIRECTION('',(1.,0.));
#8791 = ( GEOMETRIC_REPRESENTATION_CONTEXT(2) 
PARAMETRIC_REPRESENTATION_CONTEXT() REPRESENTATION_CONTEXT('2D SPACE',''
  ) );
#8792 = ADVANCED_FACE('',(#8793),#6104,.T.);
#8793 = FACE_BOUND('',#8794,.T.);
#8794 = EDGE_LOOP('',(#8795,#8818,#8819,#8820));
#8795 = ORIENTED_EDGE('',*,*,#8796,.F.);
#8796 = EDGE_CURVE('',#6121,#8797,#8799,.T.);
#8797 = VERTEX_POINT('',#8798);
#8798 = CARTESIAN_POINT('',(2.425,0.,-4.5));
#8799 = SURFACE_CURVE('',#8800,(#8804,#8811),.PCURVE_S1.);
#8800 = LINE('',#8801,#8802);
#8801 = CARTESIAN_POINT('',(2.404253788831,-0.316526016134,-4.5));
#8802 = VECTOR('',#8803,1.);
#8803 = DIRECTION('',(6.540312923014E-02,0.997858923239,0.));
#8804 = PCURVE('',#6104,#8805);
#8805 = DEFINITIONAL_REPRESENTATION('',(#8806),#8810);
#8806 = LINE('',#8807,#8808);
#8807 = CARTESIAN_POINT('',(12.404253788831,9.683473983866));
#8808 = VECTOR('',#8809,1.);
#8809 = DIRECTION('',(6.540312923014E-02,0.997858923239));
#8810 = ( GEOMETRIC_REPRESENTATION_CONTEXT(2) 
PARAMETRIC_REPRESENTATION_CONTEXT() REPRESENTATION_CONTEXT('2D SPACE',''
  ) );
#8811 = PCURVE('',#6531,#8812);
#8812 = DEFINITIONAL_REPRESENTATION('',(#8813),#8817);
#8813 = LINE('',#8814,#8815);
#8814 = CARTESIAN_POINT('',(0.,0.));
#8815 = VECTOR('',#8816,1.);
#8816 = DIRECTION('',(1.,0.));
#8817 = ( GEOMETRIC_REPRESENTATION_CONTEXT(2) 
PARAMETRIC_REPRESENTATION_CONTEXT() REPRESENTATION_CONTEXT('2D SPACE',''
  ) );
#8818 = ORIENTED_EDGE('',*,*,#6120,.T.);
#8819 = ORIENTED_EDGE('',*,*,#6087,.F.);
#8820 = ORIENTED_EDGE('',*,*,#8821,.F.);
#8821 = EDGE_CURVE('',#8797,#6060,#8822,.T.);
#8822 = SURFACE_CURVE('',#8823,(#8827,#8834),.PCURVE_S1.);
#8823 = LINE('',#8824,#8825);
#8824 = CARTESIAN_POINT('',(2.425,0.,-4.5));
#8825 = VECTOR('',#8826,1.);
#8826 = DIRECTION('',(0.916276668568,0.400545960706,0.));
#8827 = PCURVE('',#6104,#8828);
#8828 = DEFINITIONAL_REPRESENTATION('',(#8829),#8833);
#8829 = LINE('',#8830,#8831);
#8830 = CARTESIAN_POINT('',(12.425,10.));
#8831 = VECTOR('',#8832,1.);
#8832 = DIRECTION('',(0.916276668568,0.400545960706));
#8833 = ( GEOMETRIC_REPRESENTATION_CONTEXT(2) 
PARAMETRIC_REPRESENTATION_CONTEXT() REPRESENTATION_CONTEXT('2D SPACE',''
  ) );
#8834 = PCURVE('',#6075,#8835);
#8835 = DEFINITIONAL_REPRESENTATION('',(#8836),#8840);
#8836 = LINE('',#8837,#8838);
#8837 = CARTESIAN_POINT('',(0.,0.));
#8838 = VECTOR('',#8839,1.);
#8839 = DIRECTION('',(1.,0.));
#8840 = ( GEOMETRIC_REPRESENTATION_CONTEXT(2) 
PARAMETRIC_REPRESENTATION_CONTEXT() REPRESENTATION_CONTEXT('2D SPACE',''
  ) );
#8841 = ADVANCED_FACE('',(#8842),#6644,.T.);
#8842 = FACE_BOUND('',#8843,.T.);
#8843 = EDGE_LOOP('',(#8844,#8867,#8868,#8869));
#8844 = ORIENTED_EDGE('',*,*,#8845,.F.);
#8845 = EDGE_CURVE('',#6661,#8846,#8848,.T.);
#8846 = VERTEX_POINT('',#8847);
#8847 = CARTESIAN_POINT('',(2.100111604177,-1.2125,-4.5));
#8848 = SURFACE_CURVE('',#8849,(#8853,#8860),.PCURVE_S1.);
#8849 = LINE('',#8850,#8851);
#8850 = CARTESIAN_POINT('',(1.923881850206,-1.476246465346,-4.5));
#8851 = VECTOR('',#8852,1.);
#8852 = DIRECTION('',(0.55557023302,0.831469612303,0.));
#8853 = PCURVE('',#6644,#8854);
#8854 = DEFINITIONAL_REPRESENTATION('',(#8855),#8859);
#8855 = LINE('',#8856,#8857);
#8856 = CARTESIAN_POINT('',(11.923881850206,8.523753534654));
#8857 = VECTOR('',#8858,1.);
#8858 = DIRECTION('',(0.55557023302,0.831469612303));
#8859 = ( GEOMETRIC_REPRESENTATION_CONTEXT(2) 
PARAMETRIC_REPRESENTATION_CONTEXT() REPRESENTATION_CONTEXT('2D SPACE',''
  ) );
#8860 = PCURVE('',#7071,#8861);
#8861 = DEFINITIONAL_REPRESENTATION('',(#8862),#8866);
#8862 = LINE('',#8863,#8864);
#8863 = CARTESIAN_POINT('',(0.,0.));
#8864 = VECTOR('',#8865,1.);
#8865 = DIRECTION('',(1.,0.));
#8866 = ( GEOMETRIC_REPRESENTATION_CONTEXT(2) 
PARAMETRIC_REPRESENTATION_CONTEXT() REPRESENTATION_CONTEXT('2D SPACE',''
  ) );
#8867 = ORIENTED_EDGE('',*,*,#6660,.T.);
#8868 = ORIENTED_EDGE('',*,*,#6627,.F.);
#8869 = ORIENTED_EDGE('',*,*,#8870,.F.);
#8870 = EDGE_CURVE('',#8846,#6600,#8871,.T.);
#8871 = SURFACE_CURVE('',#8872,(#8876,#8883),.PCURVE_S1.);
#8872 = LINE('',#8873,#8874);
#8873 = CARTESIAN_POINT('',(2.100111604177,-1.2125,-4.5));
#8874 = VECTOR('',#8875,1.);
#8875 = DIRECTION('',(0.993791852228,-0.111255356929,0.));
#8876 = PCURVE('',#6644,#8877);
#8877 = DEFINITIONAL_REPRESENTATION('',(#8878),#8882);
#8878 = LINE('',#8879,#8880);
#8879 = CARTESIAN_POINT('',(12.100111604177,8.7875));
#8880 = VECTOR('',#8881,1.);
#8881 = DIRECTION('',(0.993791852228,-0.111255356929));
#8882 = ( GEOMETRIC_REPRESENTATION_CONTEXT(2) 
PARAMETRIC_REPRESENTATION_CONTEXT() REPRESENTATION_CONTEXT('2D SPACE',''
  ) );
#8883 = PCURVE('',#6615,#8884);
#8884 = DEFINITIONAL_REPRESENTATION('',(#8885),#8889);
#8885 = LINE('',#8886,#8887);
#8886 = CARTESIAN_POINT('',(0.,0.));
#8887 = VECTOR('',#8888,1.);
#8888 = DIRECTION('',(1.,0.));
#8889 = ( GEOMETRIC_REPRESENTATION_CONTEXT(2) 
PARAMETRIC_REPRESENTATION_CONTEXT() REPRESENTATION_CONTEXT('2D SPACE',''
  ) );
#8890 = ADVANCED_FACE('',(#8891),#7347,.T.);
#8891 = FACE_BOUND('',#8892,.T.);
#8892 = EDGE_LOOP('',(#8893,#8916,#8917,#8918));
#8893 = ORIENTED_EDGE('',*,*,#8894,.F.);
#8894 = EDGE_CURVE('',#7484,#8895,#8897,.T.);
#8895 = VERTEX_POINT('',#8896);
#8896 = CARTESIAN_POINT('',(1.923881850206,-1.476246465346,-4.5));
#8897 = SURFACE_CURVE('',#8898,(#8902,#8909),.PCURVE_S1.);
#8898 = LINE('',#8899,#8900);
#8899 = CARTESIAN_POINT('',(2.474873734153,-2.474873734153,-4.5));
#8900 = VECTOR('',#8901,1.);
#8901 = DIRECTION('',(-0.483094224216,0.875568369991,0.));
#8902 = PCURVE('',#7347,#8903);
#8903 = DEFINITIONAL_REPRESENTATION('',(#8904),#8908);
#8904 = LINE('',#8905,#8906);
#8905 = CARTESIAN_POINT('',(12.474873734153,7.525126265847));
#8906 = VECTOR('',#8907,1.);
#8907 = DIRECTION('',(-0.483094224216,0.875568369991));
#8908 = ( GEOMETRIC_REPRESENTATION_CONTEXT(2) 
PARAMETRIC_REPRESENTATION_CONTEXT() REPRESENTATION_CONTEXT('2D SPACE',''
  ) );
#8909 = PCURVE('',#7527,#8910);
#8910 = DEFINITIONAL_REPRESENTATION('',(#8911),#8915);
#8911 = LINE('',#8912,#8913);
#8912 = CARTESIAN_POINT('',(0.,0.));
#8913 = VECTOR('',#8914,1.);
#8914 = DIRECTION('',(1.,0.));
#8915 = ( GEOMETRIC_REPRESENTATION_CONTEXT(2) 
PARAMETRIC_REPRESENTATION_CONTEXT() REPRESENTATION_CONTEXT('2D SPACE',''
  ) );
#8916 = ORIENTED_EDGE('',*,*,#7483,.F.);
#8917 = ORIENTED_EDGE('',*,*,#7083,.F.);
#8918 = ORIENTED_EDGE('',*,*,#8919,.F.);
#8919 = EDGE_CURVE('',#8895,#7056,#8920,.T.);
#8920 = SURFACE_CURVE('',#8921,(#8925,#8932),.PCURVE_S1.);
#8921 = LINE('',#8922,#8923);
#8922 = CARTESIAN_POINT('',(1.923881850206,-1.476246465346,-4.5));
#8923 = VECTOR('',#8924,1.);
#8924 = DIRECTION('',(0.55557023302,0.831469612303,0.));
#8925 = PCURVE('',#7347,#8926);
#8926 = DEFINITIONAL_REPRESENTATION('',(#8927),#8931);
#8927 = LINE('',#8928,#8929);
#8928 = CARTESIAN_POINT('',(11.923881850206,8.523753534654));
#8929 = VECTOR('',#8930,1.);
#8930 = DIRECTION('',(0.55557023302,0.831469612303));
#8931 = ( GEOMETRIC_REPRESENTATION_CONTEXT(2) 
PARAMETRIC_REPRESENTATION_CONTEXT() REPRESENTATION_CONTEXT('2D SPACE',''
  ) );
#8932 = PCURVE('',#7071,#8933);
#8933 = DEFINITIONAL_REPRESENTATION('',(#8934),#8938);
#8934 = LINE('',#8935,#8936);
#8935 = CARTESIAN_POINT('',(0.,0.));
#8936 = VECTOR('',#8937,1.);
#8937 = DIRECTION('',(1.,0.));
#8938 = ( GEOMETRIC_REPRESENTATION_CONTEXT(2) 
PARAMETRIC_REPRESENTATION_CONTEXT() REPRESENTATION_CONTEXT('2D SPACE',''
  ) );
#8939 = ADVANCED_FACE('',(#8940),#7887,.T.);
#8940 = FACE_BOUND('',#8941,.T.);
#8941 = EDGE_LOOP('',(#8942,#8965,#8966,#8967));
#8942 = ORIENTED_EDGE('',*,*,#8943,.F.);
#8943 = EDGE_CURVE('',#8024,#8944,#8946,.T.);
#8944 = VERTEX_POINT('',#8945);
#8945 = CARTESIAN_POINT('',(0.928007323485,-2.24040786634,-4.5));
#8946 = SURFACE_CURVE('',#8947,(#8951,#8958),.PCURVE_S1.);
#8947 = LINE('',#8948,#8949);
#8948 = CARTESIAN_POINT('',(0.905866657859,-3.380740392012,-4.5));
#8949 = VECTOR('',#8950,1.);
#8950 = DIRECTION('',(1.941231440264E-02,0.999811563271,0.));
#8951 = PCURVE('',#7887,#8952);
#8952 = DEFINITIONAL_REPRESENTATION('',(#8953),#8957);
#8953 = LINE('',#8954,#8955);
#8954 = CARTESIAN_POINT('',(10.905866657859,6.619259607988));
#8955 = VECTOR('',#8956,1.);
#8956 = DIRECTION('',(1.941231440264E-02,0.999811563271));
#8957 = ( GEOMETRIC_REPRESENTATION_CONTEXT(2) 
PARAMETRIC_REPRESENTATION_CONTEXT() REPRESENTATION_CONTEXT('2D SPACE',''
  ) );
#8958 = PCURVE('',#8067,#8959);
#8959 = DEFINITIONAL_REPRESENTATION('',(#8960),#8964);
#8960 = LINE('',#8961,#8962);
#8961 = CARTESIAN_POINT('',(0.,0.));
#8962 = VECTOR('',#8963,1.);
#8963 = DIRECTION('',(1.,0.));
#8964 = ( GEOMETRIC_REPRESENTATION_CONTEXT(2) 
PARAMETRIC_REPRESENTATION_CONTEXT() REPRESENTATION_CONTEXT('2D SPACE',''
  ) );
#8965 = ORIENTED_EDGE('',*,*,#8023,.F.);
#8966 = ORIENTED_EDGE('',*,*,#7623,.F.);
#8967 = ORIENTED_EDGE('',*,*,#8968,.F.);
#8968 = EDGE_CURVE('',#8944,#7596,#8969,.T.);
#8969 = SURFACE_CURVE('',#8970,(#8974,#8981),.PCURVE_S1.);
#8970 = LINE('',#8971,#8972);
#8971 = CARTESIAN_POINT('',(0.928007323485,-2.24040786634,-4.5));
#8972 = VECTOR('',#8973,1.);
#8973 = DIRECTION('',(0.896872741533,0.442288690219,0.));
#8974 = PCURVE('',#7887,#8975);
#8975 = DEFINITIONAL_REPRESENTATION('',(#8976),#8980);
#8976 = LINE('',#8977,#8978);
#8977 = CARTESIAN_POINT('',(10.928007323485,7.75959213366));
#8978 = VECTOR('',#8979,1.);
#8979 = DIRECTION('',(0.896872741533,0.442288690219));
#8980 = ( GEOMETRIC_REPRESENTATION_CONTEXT(2) 
PARAMETRIC_REPRESENTATION_CONTEXT() REPRESENTATION_CONTEXT('2D SPACE',''
  ) );
#8981 = PCURVE('',#7611,#8982);
#8982 = DEFINITIONAL_REPRESENTATION('',(#8983),#8987);
#8983 = LINE('',#8984,#8985);
#8984 = CARTESIAN_POINT('',(0.,0.));
#8985 = VECTOR('',#8986,1.);
#8986 = DIRECTION('',(1.,0.));
#8987 = ( GEOMETRIC_REPRESENTATION_CONTEXT(2) 
PARAMETRIC_REPRESENTATION_CONTEXT() REPRESENTATION_CONTEXT('2D SPACE',''
  ) );
#8988 = ADVANCED_FACE('',(#8989),#8067,.F.);
#8989 = FACE_BOUND('',#8990,.F.);
#8990 = EDGE_LOOP('',(#8991,#9014,#9042,#9063,#9064));
#8991 = ORIENTED_EDGE('',*,*,#8992,.T.);
#8992 = EDGE_CURVE('',#8052,#8993,#8995,.T.);
#8993 = VERTEX_POINT('',#8994);
#8994 = CARTESIAN_POINT('',(0.905866657859,-3.380740392012,3.));
#8995 = SURFACE_CURVE('',#8996,(#9000,#9007),.PCURVE_S1.);
#8996 = LINE('',#8997,#8998);
#8997 = CARTESIAN_POINT('',(0.905866657859,-3.380740392012,-4.5));
#8998 = VECTOR('',#8999,1.);
#8999 = DIRECTION('',(0.,0.,1.));
#9000 = PCURVE('',#8067,#9001);
#9001 = DEFINITIONAL_REPRESENTATION('',(#9002),#9006);
#9002 = LINE('',#9003,#9004);
#9003 = CARTESIAN_POINT('',(0.,0.));
#9004 = VECTOR('',#9005,1.);
#9005 = DIRECTION('',(0.,-1.));
#9006 = ( GEOMETRIC_REPRESENTATION_CONTEXT(2) 
PARAMETRIC_REPRESENTATION_CONTEXT() REPRESENTATION_CONTEXT('2D SPACE',''
  ) );
#9007 = PCURVE('',#8095,#9008);
#9008 = DEFINITIONAL_REPRESENTATION('',(#9009),#9013);
#9009 = LINE('',#9010,#9011);
#9010 = CARTESIAN_POINT('',(0.457821904611,0.));
#9011 = VECTOR('',#9012,1.);
#9012 = DIRECTION('',(0.,-1.));
#9013 = ( GEOMETRIC_REPRESENTATION_CONTEXT(2) 
PARAMETRIC_REPRESENTATION_CONTEXT() REPRESENTATION_CONTEXT('2D SPACE',''
  ) );
#9014 = ORIENTED_EDGE('',*,*,#9015,.T.);
#9015 = EDGE_CURVE('',#8993,#9016,#9018,.T.);
#9016 = VERTEX_POINT('',#9017);
#9017 = CARTESIAN_POINT('',(0.928007323485,-2.24040786634,3.));
#9018 = SURFACE_CURVE('',#9019,(#9023,#9030),.PCURVE_S1.);
#9019 = LINE('',#9020,#9021);
#9020 = CARTESIAN_POINT('',(0.905866657859,-3.380740392012,3.));
#9021 = VECTOR('',#9022,1.);
#9022 = DIRECTION('',(1.941231440264E-02,0.999811563271,0.));
#9023 = PCURVE('',#8067,#9024);
#9024 = DEFINITIONAL_REPRESENTATION('',(#9025),#9029);
#9025 = LINE('',#9026,#9027);
#9026 = CARTESIAN_POINT('',(0.,-7.5));
#9027 = VECTOR('',#9028,1.);
#9028 = DIRECTION('',(1.,0.));
#9029 = ( GEOMETRIC_REPRESENTATION_CONTEXT(2) 
PARAMETRIC_REPRESENTATION_CONTEXT() REPRESENTATION_CONTEXT('2D SPACE',''
  ) );
#9030 = PCURVE('',#9031,#9036);
#9031 = PLANE('',#9032);
#9032 = AXIS2_PLACEMENT_3D('',#9033,#9034,#9035);
#9033 = CARTESIAN_POINT('',(2.119123853832E-16,4.200406210274E-17,3.));
#9034 = DIRECTION('',(0.,0.,1.));
#9035 = DIRECTION('',(1.,0.,-0.));
#9036 = DEFINITIONAL_REPRESENTATION('',(#9037),#9041);
#9037 = LINE('',#9038,#9039);
#9038 = CARTESIAN_POINT('',(0.905866657859,-3.380740392012));
#9039 = VECTOR('',#9040,1.);
#9040 = DIRECTION('',(1.941231440264E-02,0.999811563271));
#9041 = ( GEOMETRIC_REPRESENTATION_CONTEXT(2) 
PARAMETRIC_REPRESENTATION_CONTEXT() REPRESENTATION_CONTEXT('2D SPACE',''
  ) );
#9042 = ORIENTED_EDGE('',*,*,#9043,.F.);
#9043 = EDGE_CURVE('',#8944,#9016,#9044,.T.);
#9044 = SURFACE_CURVE('',#9045,(#9049,#9056),.PCURVE_S1.);
#9045 = LINE('',#9046,#9047);
#9046 = CARTESIAN_POINT('',(0.928007323485,-2.24040786634,-4.5));
#9047 = VECTOR('',#9048,1.);
#9048 = DIRECTION('',(0.,0.,1.));
#9049 = PCURVE('',#8067,#9050);
#9050 = DEFINITIONAL_REPRESENTATION('',(#9051),#9055);
#9051 = LINE('',#9052,#9053);
#9052 = CARTESIAN_POINT('',(1.140547446702,0.));
#9053 = VECTOR('',#9054,1.);
#9054 = DIRECTION('',(0.,-1.));
#9055 = ( GEOMETRIC_REPRESENTATION_CONTEXT(2) 
PARAMETRIC_REPRESENTATION_CONTEXT() REPRESENTATION_CONTEXT('2D SPACE',''
  ) );
#9056 = PCURVE('',#7611,#9057);
#9057 = DEFINITIONAL_REPRESENTATION('',(#9058),#9062);
#9058 = LINE('',#9059,#9060);
#9059 = CARTESIAN_POINT('',(0.,0.));
#9060 = VECTOR('',#9061,1.);
#9061 = DIRECTION('',(0.,-1.));
#9062 = ( GEOMETRIC_REPRESENTATION_CONTEXT(2) 
PARAMETRIC_REPRESENTATION_CONTEXT() REPRESENTATION_CONTEXT('2D SPACE',''
  ) );
#9063 = ORIENTED_EDGE('',*,*,#8943,.F.);
#9064 = ORIENTED_EDGE('',*,*,#8051,.F.);
#9065 = ADVANCED_FACE('',(#9066),#8095,.F.);
#9066 = FACE_BOUND('',#9067,.F.);
#9067 = EDGE_LOOP('',(#9068,#9091,#9112,#9113));
#9068 = ORIENTED_EDGE('',*,*,#9069,.T.);
#9069 = EDGE_CURVE('',#8080,#9070,#9072,.T.);
#9070 = VERTEX_POINT('',#9071);
#9071 = CARTESIAN_POINT('',(0.45684167277,-3.470057014808,3.));
#9072 = SURFACE_CURVE('',#9073,(#9077,#9084),.PCURVE_S1.);
#9073 = LINE('',#9074,#9075);
#9074 = CARTESIAN_POINT('',(0.45684167277,-3.470057014808,-4.5));
#9075 = VECTOR('',#9076,1.);
#9076 = DIRECTION('',(0.,0.,1.));
#9077 = PCURVE('',#8095,#9078);
#9078 = DEFINITIONAL_REPRESENTATION('',(#9079),#9083);
#9079 = LINE('',#9080,#9081);
#9080 = CARTESIAN_POINT('',(0.,0.));
#9081 = VECTOR('',#9082,1.);
#9082 = DIRECTION('',(0.,-1.));
#9083 = ( GEOMETRIC_REPRESENTATION_CONTEXT(2) 
PARAMETRIC_REPRESENTATION_CONTEXT() REPRESENTATION_CONTEXT('2D SPACE',''
  ) );
#9084 = PCURVE('',#8121,#9085);
#9085 = DEFINITIONAL_REPRESENTATION('',(#9086),#9090);
#9086 = LINE('',#9087,#9088);
#9087 = CARTESIAN_POINT('',(1.140547446702,0.));
#9088 = VECTOR('',#9089,1.);
#9089 = DIRECTION('',(0.,-1.));
#9090 = ( GEOMETRIC_REPRESENTATION_CONTEXT(2) 
PARAMETRIC_REPRESENTATION_CONTEXT() REPRESENTATION_CONTEXT('2D SPACE',''
  ) );
#9091 = ORIENTED_EDGE('',*,*,#9092,.T.);
#9092 = EDGE_CURVE('',#9070,#8993,#9093,.T.);
#9093 = SURFACE_CURVE('',#9094,(#9098,#9105),.PCURVE_S1.);
#9094 = LINE('',#9095,#9096);
#9095 = CARTESIAN_POINT('',(0.45684167277,-3.470057014808,3.));
#9096 = VECTOR('',#9097,1.);
#9097 = DIRECTION('',(0.980785280403,0.195090322016,0.));
#9098 = PCURVE('',#8095,#9099);
#9099 = DEFINITIONAL_REPRESENTATION('',(#9100),#9104);
#9100 = LINE('',#9101,#9102);
#9101 = CARTESIAN_POINT('',(0.,-7.5));
#9102 = VECTOR('',#9103,1.);
#9103 = DIRECTION('',(1.,0.));
#9104 = ( GEOMETRIC_REPRESENTATION_CONTEXT(2) 
PARAMETRIC_REPRESENTATION_CONTEXT() REPRESENTATION_CONTEXT('2D SPACE',''
  ) );
#9105 = PCURVE('',#9031,#9106);
#9106 = DEFINITIONAL_REPRESENTATION('',(#9107),#9111);
#9107 = LINE('',#9108,#9109);
#9108 = CARTESIAN_POINT('',(0.45684167277,-3.470057014808));
#9109 = VECTOR('',#9110,1.);
#9110 = DIRECTION('',(0.980785280403,0.195090322016));
#9111 = ( GEOMETRIC_REPRESENTATION_CONTEXT(2) 
PARAMETRIC_REPRESENTATION_CONTEXT() REPRESENTATION_CONTEXT('2D SPACE',''
  ) );
#9112 = ORIENTED_EDGE('',*,*,#8992,.F.);
#9113 = ORIENTED_EDGE('',*,*,#8079,.F.);
#9114 = ADVANCED_FACE('',(#9115),#8121,.F.);
#9115 = FACE_BOUND('',#9116,.F.);
#9116 = EDGE_LOOP('',(#9117,#9140,#9161,#9162,#9163));
#9117 = ORIENTED_EDGE('',*,*,#9118,.T.);
#9118 = EDGE_CURVE('',#8162,#9119,#9121,.T.);
#9119 = VERTEX_POINT('',#9120);
#9120 = CARTESIAN_POINT('',(-4.454652731898E-16,-2.425,3.));
#9121 = SURFACE_CURVE('',#9122,(#9126,#9133),.PCURVE_S1.);
#9122 = LINE('',#9123,#9124);
#9123 = CARTESIAN_POINT('',(-4.454652731898E-16,-2.425,-4.5));
#9124 = VECTOR('',#9125,1.);
#9125 = DIRECTION('',(0.,0.,1.));
#9126 = PCURVE('',#8121,#9127);
#9127 = DEFINITIONAL_REPRESENTATION('',(#9128),#9132);
#9128 = LINE('',#9129,#9130);
#9129 = CARTESIAN_POINT('',(0.,0.));
#9130 = VECTOR('',#9131,1.);
#9131 = DIRECTION('',(0.,-1.));
#9132 = ( GEOMETRIC_REPRESENTATION_CONTEXT(2) 
PARAMETRIC_REPRESENTATION_CONTEXT() REPRESENTATION_CONTEXT('2D SPACE',''
  ) );
#9133 = PCURVE('',#8198,#9134);
#9134 = DEFINITIONAL_REPRESENTATION('',(#9135),#9139);
#9135 = LINE('',#9136,#9137);
#9136 = CARTESIAN_POINT('',(0.317205176766,0.));
#9137 = VECTOR('',#9138,1.);
#9138 = DIRECTION('',(0.,-1.));
#9139 = ( GEOMETRIC_REPRESENTATION_CONTEXT(2) 
PARAMETRIC_REPRESENTATION_CONTEXT() REPRESENTATION_CONTEXT('2D SPACE',''
  ) );
#9140 = ORIENTED_EDGE('',*,*,#9141,.T.);
#9141 = EDGE_CURVE('',#9119,#9070,#9142,.T.);
#9142 = SURFACE_CURVE('',#9143,(#9147,#9154),.PCURVE_S1.);
#9143 = LINE('',#9144,#9145);
#9144 = CARTESIAN_POINT('',(-4.454652731898E-16,-2.425,3.));
#9145 = VECTOR('',#9146,1.);
#9146 = DIRECTION('',(0.400545960706,-0.916276668568,0.));
#9147 = PCURVE('',#8121,#9148);
#9148 = DEFINITIONAL_REPRESENTATION('',(#9149),#9153);
#9149 = LINE('',#9150,#9151);
#9150 = CARTESIAN_POINT('',(0.,-7.5));
#9151 = VECTOR('',#9152,1.);
#9152 = DIRECTION('',(1.,0.));
#9153 = ( GEOMETRIC_REPRESENTATION_CONTEXT(2) 
PARAMETRIC_REPRESENTATION_CONTEXT() REPRESENTATION_CONTEXT('2D SPACE',''
  ) );
#9154 = PCURVE('',#9031,#9155);
#9155 = DEFINITIONAL_REPRESENTATION('',(#9156),#9160);
#9156 = LINE('',#9157,#9158);
#9157 = CARTESIAN_POINT('',(-6.57377658573E-16,-2.425));
#9158 = VECTOR('',#9159,1.);
#9159 = DIRECTION('',(0.400545960706,-0.916276668568));
#9160 = ( GEOMETRIC_REPRESENTATION_CONTEXT(2) 
PARAMETRIC_REPRESENTATION_CONTEXT() REPRESENTATION_CONTEXT('2D SPACE',''
  ) );
#9161 = ORIENTED_EDGE('',*,*,#9069,.F.);
#9162 = ORIENTED_EDGE('',*,*,#8107,.F.);
#9163 = ORIENTED_EDGE('',*,*,#8161,.F.);
#9164 = ADVANCED_FACE('',(#9165),#621,.F.);
#9165 = FACE_BOUND('',#9166,.F.);
#9166 = EDGE_LOOP('',(#9167,#9190,#9213,#9234,#9235));
#9167 = ORIENTED_EDGE('',*,*,#9168,.T.);
#9168 = EDGE_CURVE('',#606,#9169,#9171,.T.);
#9169 = VERTEX_POINT('',#9170);
#9170 = CARTESIAN_POINT('',(-0.905866657859,-3.380740392012,3.));
#9171 = SURFACE_CURVE('',#9172,(#9176,#9183),.PCURVE_S1.);
#9172 = LINE('',#9173,#9174);
#9173 = CARTESIAN_POINT('',(-0.905866657859,-3.380740392012,-4.5));
#9174 = VECTOR('',#9175,1.);
#9175 = DIRECTION('',(0.,0.,1.));
#9176 = PCURVE('',#621,#9177);
#9177 = DEFINITIONAL_REPRESENTATION('',(#9178),#9182);
#9178 = LINE('',#9179,#9180);
#9179 = CARTESIAN_POINT('',(0.,0.));
#9180 = VECTOR('',#9181,1.);
#9181 = DIRECTION('',(0.,-1.));
#9182 = ( GEOMETRIC_REPRESENTATION_CONTEXT(2) 
PARAMETRIC_REPRESENTATION_CONTEXT() REPRESENTATION_CONTEXT('2D SPACE',''
  ) );
#9183 = PCURVE('',#649,#9184);
#9184 = DEFINITIONAL_REPRESENTATION('',(#9185),#9189);
#9185 = LINE('',#9186,#9187);
#9186 = CARTESIAN_POINT('',(0.457821904611,0.));
#9187 = VECTOR('',#9188,1.);
#9188 = DIRECTION('',(0.,-1.));
#9189 = ( GEOMETRIC_REPRESENTATION_CONTEXT(2) 
PARAMETRIC_REPRESENTATION_CONTEXT() REPRESENTATION_CONTEXT('2D SPACE',''
  ) );
#9190 = ORIENTED_EDGE('',*,*,#9191,.T.);
#9191 = EDGE_CURVE('',#9169,#9192,#9194,.T.);
#9192 = VERTEX_POINT('',#9193);
#9193 = CARTESIAN_POINT('',(-0.316526016134,-2.404253788831,3.));
#9194 = SURFACE_CURVE('',#9195,(#9199,#9206),.PCURVE_S1.);
#9195 = LINE('',#9196,#9197);
#9196 = CARTESIAN_POINT('',(-0.905866657859,-3.380740392012,3.));
#9197 = VECTOR('',#9198,1.);
#9198 = DIRECTION('',(0.516717339054,0.856156055588,0.));
#9199 = PCURVE('',#621,#9200);
#9200 = DEFINITIONAL_REPRESENTATION('',(#9201),#9205);
#9201 = LINE('',#9202,#9203);
#9202 = CARTESIAN_POINT('',(0.,-7.5));
#9203 = VECTOR('',#9204,1.);
#9204 = DIRECTION('',(1.,0.));
#9205 = ( GEOMETRIC_REPRESENTATION_CONTEXT(2) 
PARAMETRIC_REPRESENTATION_CONTEXT() REPRESENTATION_CONTEXT('2D SPACE',''
  ) );
#9206 = PCURVE('',#9031,#9207);
#9207 = DEFINITIONAL_REPRESENTATION('',(#9208),#9212);
#9208 = LINE('',#9209,#9210);
#9209 = CARTESIAN_POINT('',(-0.905866657859,-3.380740392012));
#9210 = VECTOR('',#9211,1.);
#9211 = DIRECTION('',(0.516717339054,0.856156055588));
#9212 = ( GEOMETRIC_REPRESENTATION_CONTEXT(2) 
PARAMETRIC_REPRESENTATION_CONTEXT() REPRESENTATION_CONTEXT('2D SPACE',''
  ) );
#9213 = ORIENTED_EDGE('',*,*,#9214,.F.);
#9214 = EDGE_CURVE('',#8137,#9192,#9215,.T.);
#9215 = SURFACE_CURVE('',#9216,(#9220,#9227),.PCURVE_S1.);
#9216 = LINE('',#9217,#9218);
#9217 = CARTESIAN_POINT('',(-0.316526016134,-2.404253788831,-4.5));
#9218 = VECTOR('',#9219,1.);
#9219 = DIRECTION('',(0.,0.,1.));
#9220 = PCURVE('',#621,#9221);
#9221 = DEFINITIONAL_REPRESENTATION('',(#9222),#9226);
#9222 = LINE('',#9223,#9224);
#9223 = CARTESIAN_POINT('',(1.140547446702,0.));
#9224 = VECTOR('',#9225,1.);
#9225 = DIRECTION('',(0.,-1.));
#9226 = ( GEOMETRIC_REPRESENTATION_CONTEXT(2) 
PARAMETRIC_REPRESENTATION_CONTEXT() REPRESENTATION_CONTEXT('2D SPACE',''
  ) );
#9227 = PCURVE('',#8198,#9228);
#9228 = DEFINITIONAL_REPRESENTATION('',(#9229),#9233);
#9229 = LINE('',#9230,#9231);
#9230 = CARTESIAN_POINT('',(0.,0.));
#9231 = VECTOR('',#9232,1.);
#9232 = DIRECTION('',(0.,-1.));
#9233 = ( GEOMETRIC_REPRESENTATION_CONTEXT(2) 
PARAMETRIC_REPRESENTATION_CONTEXT() REPRESENTATION_CONTEXT('2D SPACE',''
  ) );
#9234 = ORIENTED_EDGE('',*,*,#8136,.F.);
#9235 = ORIENTED_EDGE('',*,*,#605,.F.);
#9236 = ADVANCED_FACE('',(#9237),#8198,.F.);
#9237 = FACE_BOUND('',#9238,.F.);
#9238 = EDGE_LOOP('',(#9239,#9240,#9261,#9262));
#9239 = ORIENTED_EDGE('',*,*,#9214,.T.);
#9240 = ORIENTED_EDGE('',*,*,#9241,.T.);
#9241 = EDGE_CURVE('',#9192,#9119,#9242,.T.);
#9242 = SURFACE_CURVE('',#9243,(#9247,#9254),.PCURVE_S1.);
#9243 = LINE('',#9244,#9245);
#9244 = CARTESIAN_POINT('',(-0.316526016134,-2.404253788831,3.));
#9245 = VECTOR('',#9246,1.);
#9246 = DIRECTION('',(0.997858923239,-6.540312923014E-02,0.));
#9247 = PCURVE('',#8198,#9248);
#9248 = DEFINITIONAL_REPRESENTATION('',(#9249),#9253);
#9249 = LINE('',#9250,#9251);
#9250 = CARTESIAN_POINT('',(0.,-7.5));
#9251 = VECTOR('',#9252,1.);
#9252 = DIRECTION('',(1.,0.));
#9253 = ( GEOMETRIC_REPRESENTATION_CONTEXT(2) 
PARAMETRIC_REPRESENTATION_CONTEXT() REPRESENTATION_CONTEXT('2D SPACE',''
  ) );
#9254 = PCURVE('',#9031,#9255);
#9255 = DEFINITIONAL_REPRESENTATION('',(#9256),#9260);
#9256 = LINE('',#9257,#9258);
#9257 = CARTESIAN_POINT('',(-0.316526016134,-2.404253788831));
#9258 = VECTOR('',#9259,1.);
#9259 = DIRECTION('',(0.997858923239,-6.540312923014E-02));
#9260 = ( GEOMETRIC_REPRESENTATION_CONTEXT(2) 
PARAMETRIC_REPRESENTATION_CONTEXT() REPRESENTATION_CONTEXT('2D SPACE',''
  ) );
#9261 = ORIENTED_EDGE('',*,*,#9118,.F.);
#9262 = ORIENTED_EDGE('',*,*,#8184,.F.);
#9263 = ADVANCED_FACE('',(#9264),#649,.F.);
#9264 = FACE_BOUND('',#9265,.F.);
#9265 = EDGE_LOOP('',(#9266,#9289,#9310,#9311));
#9266 = ORIENTED_EDGE('',*,*,#9267,.T.);
#9267 = EDGE_CURVE('',#634,#9268,#9270,.T.);
#9268 = VERTEX_POINT('',#9269);
#9269 = CARTESIAN_POINT('',(-1.339392013278,-3.23357836379,3.));
#9270 = SURFACE_CURVE('',#9271,(#9275,#9282),.PCURVE_S1.);
#9271 = LINE('',#9272,#9273);
#9272 = CARTESIAN_POINT('',(-1.339392013278,-3.23357836379,-4.5));
#9273 = VECTOR('',#9274,1.);
#9274 = DIRECTION('',(0.,0.,1.));
#9275 = PCURVE('',#649,#9276);
#9276 = DEFINITIONAL_REPRESENTATION('',(#9277),#9281);
#9277 = LINE('',#9278,#9279);
#9278 = CARTESIAN_POINT('',(0.,0.));
#9279 = VECTOR('',#9280,1.);
#9280 = DIRECTION('',(0.,-1.));
#9281 = ( GEOMETRIC_REPRESENTATION_CONTEXT(2) 
PARAMETRIC_REPRESENTATION_CONTEXT() REPRESENTATION_CONTEXT('2D SPACE',''
  ) );
#9282 = PCURVE('',#677,#9283);
#9283 = DEFINITIONAL_REPRESENTATION('',(#9284),#9288);
#9284 = LINE('',#9285,#9286);
#9285 = CARTESIAN_POINT('',(1.140547446702,0.));
#9286 = VECTOR('',#9287,1.);
#9287 = DIRECTION('',(0.,-1.));
#9288 = ( GEOMETRIC_REPRESENTATION_CONTEXT(2) 
PARAMETRIC_REPRESENTATION_CONTEXT() REPRESENTATION_CONTEXT('2D SPACE',''
  ) );
#9289 = ORIENTED_EDGE('',*,*,#9290,.T.);
#9290 = EDGE_CURVE('',#9268,#9169,#9291,.T.);
#9291 = SURFACE_CURVE('',#9292,(#9296,#9303),.PCURVE_S1.);
#9292 = LINE('',#9293,#9294);
#9293 = CARTESIAN_POINT('',(-1.339392013278,-3.23357836379,3.));
#9294 = VECTOR('',#9295,1.);
#9295 = DIRECTION('',(0.946930129495,-0.321439465303,0.));
#9296 = PCURVE('',#649,#9297);
#9297 = DEFINITIONAL_REPRESENTATION('',(#9298),#9302);
#9298 = LINE('',#9299,#9300);
#9299 = CARTESIAN_POINT('',(0.,-7.5));
#9300 = VECTOR('',#9301,1.);
#9301 = DIRECTION('',(1.,0.));
#9302 = ( GEOMETRIC_REPRESENTATION_CONTEXT(2) 
PARAMETRIC_REPRESENTATION_CONTEXT() REPRESENTATION_CONTEXT('2D SPACE',''
  ) );
#9303 = PCURVE('',#9031,#9304);
#9304 = DEFINITIONAL_REPRESENTATION('',(#9305),#9309);
#9305 = LINE('',#9306,#9307);
#9306 = CARTESIAN_POINT('',(-1.339392013278,-3.23357836379));
#9307 = VECTOR('',#9308,1.);
#9308 = DIRECTION('',(0.946930129495,-0.321439465303));
#9309 = ( GEOMETRIC_REPRESENTATION_CONTEXT(2) 
PARAMETRIC_REPRESENTATION_CONTEXT() REPRESENTATION_CONTEXT('2D SPACE',''
  ) );
#9310 = ORIENTED_EDGE('',*,*,#9168,.F.);
#9311 = ORIENTED_EDGE('',*,*,#633,.F.);
#9312 = ADVANCED_FACE('',(#9313),#677,.F.);
#9313 = FACE_BOUND('',#9314,.F.);
#9314 = EDGE_LOOP('',(#9315,#9338,#9359,#9360,#9361));
#9315 = ORIENTED_EDGE('',*,*,#9316,.T.);
#9316 = EDGE_CURVE('',#8240,#9317,#9319,.T.);
#9317 = VERTEX_POINT('',#9318);
#9318 = CARTESIAN_POINT('',(-1.2125,-2.100111604177,3.));
#9319 = SURFACE_CURVE('',#9320,(#9324,#9331),.PCURVE_S1.);
#9320 = LINE('',#9321,#9322);
#9321 = CARTESIAN_POINT('',(-1.2125,-2.100111604177,-4.5));
#9322 = VECTOR('',#9323,1.);
#9323 = DIRECTION('',(0.,0.,1.));
#9324 = PCURVE('',#677,#9325);
#9325 = DEFINITIONAL_REPRESENTATION('',(#9326),#9330);
#9326 = LINE('',#9327,#9328);
#9327 = CARTESIAN_POINT('',(0.,0.));
#9328 = VECTOR('',#9329,1.);
#9329 = DIRECTION('',(0.,-1.));
#9330 = ( GEOMETRIC_REPRESENTATION_CONTEXT(2) 
PARAMETRIC_REPRESENTATION_CONTEXT() REPRESENTATION_CONTEXT('2D SPACE',''
  ) );
#9331 = PCURVE('',#8276,#9332);
#9332 = DEFINITIONAL_REPRESENTATION('',(#9333),#9337);
#9333 = LINE('',#9334,#9335);
#9334 = CARTESIAN_POINT('',(0.317205176766,0.));
#9335 = VECTOR('',#9336,1.);
#9336 = DIRECTION('',(0.,-1.));
#9337 = ( GEOMETRIC_REPRESENTATION_CONTEXT(2) 
PARAMETRIC_REPRESENTATION_CONTEXT() REPRESENTATION_CONTEXT('2D SPACE',''
  ) );
#9338 = ORIENTED_EDGE('',*,*,#9339,.T.);
#9339 = EDGE_CURVE('',#9317,#9268,#9340,.T.);
#9340 = SURFACE_CURVE('',#9341,(#9345,#9352),.PCURVE_S1.);
#9341 = LINE('',#9342,#9343);
#9342 = CARTESIAN_POINT('',(-1.2125,-2.100111604177,3.));
#9343 = VECTOR('',#9344,1.);
#9344 = DIRECTION('',(-0.111255356929,-0.993791852228,0.));
#9345 = PCURVE('',#677,#9346);
#9346 = DEFINITIONAL_REPRESENTATION('',(#9347),#9351);
#9347 = LINE('',#9348,#9349);
#9348 = CARTESIAN_POINT('',(0.,-7.5));
#9349 = VECTOR('',#9350,1.);
#9350 = DIRECTION('',(1.,0.));
#9351 = ( GEOMETRIC_REPRESENTATION_CONTEXT(2) 
PARAMETRIC_REPRESENTATION_CONTEXT() REPRESENTATION_CONTEXT('2D SPACE',''
  ) );
#9352 = PCURVE('',#9031,#9353);
#9353 = DEFINITIONAL_REPRESENTATION('',(#9354),#9358);
#9354 = LINE('',#9355,#9356);
#9355 = CARTESIAN_POINT('',(-1.2125,-2.100111604177));
#9356 = VECTOR('',#9357,1.);
#9357 = DIRECTION('',(-0.111255356929,-0.993791852228));
#9358 = ( GEOMETRIC_REPRESENTATION_CONTEXT(2) 
PARAMETRIC_REPRESENTATION_CONTEXT() REPRESENTATION_CONTEXT('2D SPACE',''
  ) );
#9359 = ORIENTED_EDGE('',*,*,#9267,.F.);
#9360 = ORIENTED_EDGE('',*,*,#661,.F.);
#9361 = ORIENTED_EDGE('',*,*,#8239,.F.);
#9362 = ADVANCED_FACE('',(#9363),#1528,.F.);
#9363 = FACE_BOUND('',#9364,.F.);
#9364 = EDGE_LOOP('',(#9365,#9388,#9411,#9432,#9433));
#9365 = ORIENTED_EDGE('',*,*,#9366,.T.);
#9366 = EDGE_CURVE('',#1513,#9367,#9369,.T.);
#9367 = VERTEX_POINT('',#9368);
#9368 = CARTESIAN_POINT('',(-2.474873734153,-2.474873734153,3.));
#9369 = SURFACE_CURVE('',#9370,(#9374,#9381),.PCURVE_S1.);
#9370 = LINE('',#9371,#9372);
#9371 = CARTESIAN_POINT('',(-2.474873734153,-2.474873734153,-4.5));
#9372 = VECTOR('',#9373,1.);
#9373 = DIRECTION('',(0.,0.,1.));
#9374 = PCURVE('',#1528,#9375);
#9375 = DEFINITIONAL_REPRESENTATION('',(#9376),#9380);
#9376 = LINE('',#9377,#9378);
#9377 = CARTESIAN_POINT('',(0.,0.));
#9378 = VECTOR('',#9379,1.);
#9379 = DIRECTION('',(0.,-1.));
#9380 = ( GEOMETRIC_REPRESENTATION_CONTEXT(2) 
PARAMETRIC_REPRESENTATION_CONTEXT() REPRESENTATION_CONTEXT('2D SPACE',''
  ) );
#9381 = PCURVE('',#1556,#9382);
#9382 = DEFINITIONAL_REPRESENTATION('',(#9383),#9387);
#9383 = LINE('',#9384,#9385);
#9384 = CARTESIAN_POINT('',(0.457821904611,0.));
#9385 = VECTOR('',#9386,1.);
#9386 = DIRECTION('',(0.,-1.));
#9387 = ( GEOMETRIC_REPRESENTATION_CONTEXT(2) 
PARAMETRIC_REPRESENTATION_CONTEXT() REPRESENTATION_CONTEXT('2D SPACE',''
  ) );
#9388 = ORIENTED_EDGE('',*,*,#9389,.T.);
#9389 = EDGE_CURVE('',#9367,#9390,#9392,.T.);
#9390 = VERTEX_POINT('',#9391);
#9391 = CARTESIAN_POINT('',(-1.476246465346,-1.923881850206,3.));
#9392 = SURFACE_CURVE('',#9393,(#9397,#9404),.PCURVE_S1.);
#9393 = LINE('',#9394,#9395);
#9394 = CARTESIAN_POINT('',(-2.474873734153,-2.474873734153,3.));
#9395 = VECTOR('',#9396,1.);
#9396 = DIRECTION('',(0.875568369991,0.483094224216,0.));
#9397 = PCURVE('',#1528,#9398);
#9398 = DEFINITIONAL_REPRESENTATION('',(#9399),#9403);
#9399 = LINE('',#9400,#9401);
#9400 = CARTESIAN_POINT('',(0.,-7.5));
#9401 = VECTOR('',#9402,1.);
#9402 = DIRECTION('',(1.,0.));
#9403 = ( GEOMETRIC_REPRESENTATION_CONTEXT(2) 
PARAMETRIC_REPRESENTATION_CONTEXT() REPRESENTATION_CONTEXT('2D SPACE',''
  ) );
#9404 = PCURVE('',#9031,#9405);
#9405 = DEFINITIONAL_REPRESENTATION('',(#9406),#9410);
#9406 = LINE('',#9407,#9408);
#9407 = CARTESIAN_POINT('',(-2.474873734153,-2.474873734153));
#9408 = VECTOR('',#9409,1.);
#9409 = DIRECTION('',(0.875568369991,0.483094224216));
#9410 = ( GEOMETRIC_REPRESENTATION_CONTEXT(2) 
PARAMETRIC_REPRESENTATION_CONTEXT() REPRESENTATION_CONTEXT('2D SPACE',''
  ) );
#9411 = ORIENTED_EDGE('',*,*,#9412,.F.);
#9412 = EDGE_CURVE('',#8214,#9390,#9413,.T.);
#9413 = SURFACE_CURVE('',#9414,(#9418,#9425),.PCURVE_S1.);
#9414 = LINE('',#9415,#9416);
#9415 = CARTESIAN_POINT('',(-1.476246465346,-1.923881850206,-4.5));
#9416 = VECTOR('',#9417,1.);
#9417 = DIRECTION('',(0.,0.,1.));
#9418 = PCURVE('',#1528,#9419);
#9419 = DEFINITIONAL_REPRESENTATION('',(#9420),#9424);
#9420 = LINE('',#9421,#9422);
#9421 = CARTESIAN_POINT('',(1.140547446702,0.));
#9422 = VECTOR('',#9423,1.);
#9423 = DIRECTION('',(0.,-1.));
#9424 = ( GEOMETRIC_REPRESENTATION_CONTEXT(2) 
PARAMETRIC_REPRESENTATION_CONTEXT() REPRESENTATION_CONTEXT('2D SPACE',''
  ) );
#9425 = PCURVE('',#8276,#9426);
#9426 = DEFINITIONAL_REPRESENTATION('',(#9427),#9431);
#9427 = LINE('',#9428,#9429);
#9428 = CARTESIAN_POINT('',(0.,0.));
#9429 = VECTOR('',#9430,1.);
#9430 = DIRECTION('',(0.,-1.));
#9431 = ( GEOMETRIC_REPRESENTATION_CONTEXT(2) 
PARAMETRIC_REPRESENTATION_CONTEXT() REPRESENTATION_CONTEXT('2D SPACE',''
  ) );
#9432 = ORIENTED_EDGE('',*,*,#8213,.F.);
#9433 = ORIENTED_EDGE('',*,*,#1512,.F.);
#9434 = ADVANCED_FACE('',(#9435),#8276,.F.);
#9435 = FACE_BOUND('',#9436,.F.);
#9436 = EDGE_LOOP('',(#9437,#9438,#9459,#9460));
#9437 = ORIENTED_EDGE('',*,*,#9412,.T.);
#9438 = ORIENTED_EDGE('',*,*,#9439,.T.);
#9439 = EDGE_CURVE('',#9390,#9317,#9440,.T.);
#9440 = SURFACE_CURVE('',#9441,(#9445,#9452),.PCURVE_S1.);
#9441 = LINE('',#9442,#9443);
#9442 = CARTESIAN_POINT('',(-1.476246465346,-1.923881850206,3.));
#9443 = VECTOR('',#9444,1.);
#9444 = DIRECTION('',(0.831469612303,-0.55557023302,0.));
#9445 = PCURVE('',#8276,#9446);
#9446 = DEFINITIONAL_REPRESENTATION('',(#9447),#9451);
#9447 = LINE('',#9448,#9449);
#9448 = CARTESIAN_POINT('',(0.,-7.5));
#9449 = VECTOR('',#9450,1.);
#9450 = DIRECTION('',(1.,0.));
#9451 = ( GEOMETRIC_REPRESENTATION_CONTEXT(2) 
PARAMETRIC_REPRESENTATION_CONTEXT() REPRESENTATION_CONTEXT('2D SPACE',''
  ) );
#9452 = PCURVE('',#9031,#9453);
#9453 = DEFINITIONAL_REPRESENTATION('',(#9454),#9458);
#9454 = LINE('',#9455,#9456);
#9455 = CARTESIAN_POINT('',(-1.476246465346,-1.923881850206));
#9456 = VECTOR('',#9457,1.);
#9457 = DIRECTION('',(0.831469612303,-0.55557023302));
#9458 = ( GEOMETRIC_REPRESENTATION_CONTEXT(2) 
PARAMETRIC_REPRESENTATION_CONTEXT() REPRESENTATION_CONTEXT('2D SPACE',''
  ) );
#9459 = ORIENTED_EDGE('',*,*,#9316,.F.);
#9460 = ORIENTED_EDGE('',*,*,#8262,.F.);
#9461 = ADVANCED_FACE('',(#9462),#1556,.F.);
#9462 = FACE_BOUND('',#9463,.F.);
#9463 = EDGE_LOOP('',(#9464,#9487,#9508,#9509));
#9464 = ORIENTED_EDGE('',*,*,#9465,.T.);
#9465 = EDGE_CURVE('',#1541,#9466,#9468,.T.);
#9466 = VERTEX_POINT('',#9467);
#9467 = CARTESIAN_POINT('',(-2.776736691019,-2.130665001531,3.));
#9468 = SURFACE_CURVE('',#9469,(#9473,#9480),.PCURVE_S1.);
#9469 = LINE('',#9470,#9471);
#9470 = CARTESIAN_POINT('',(-2.776736691019,-2.130665001531,-4.5));
#9471 = VECTOR('',#9472,1.);
#9472 = DIRECTION('',(0.,0.,1.));
#9473 = PCURVE('',#1556,#9474);
#9474 = DEFINITIONAL_REPRESENTATION('',(#9475),#9479);
#9475 = LINE('',#9476,#9477);
#9476 = CARTESIAN_POINT('',(0.,0.));
#9477 = VECTOR('',#9478,1.);
#9478 = DIRECTION('',(0.,-1.));
#9479 = ( GEOMETRIC_REPRESENTATION_CONTEXT(2) 
PARAMETRIC_REPRESENTATION_CONTEXT() REPRESENTATION_CONTEXT('2D SPACE',''
  ) );
#9480 = PCURVE('',#1584,#9481);
#9481 = DEFINITIONAL_REPRESENTATION('',(#9482),#9486);
#9482 = LINE('',#9483,#9484);
#9483 = CARTESIAN_POINT('',(1.140547446702,0.));
#9484 = VECTOR('',#9485,1.);
#9485 = DIRECTION('',(0.,-1.));
#9486 = ( GEOMETRIC_REPRESENTATION_CONTEXT(2) 
PARAMETRIC_REPRESENTATION_CONTEXT() REPRESENTATION_CONTEXT('2D SPACE',''
  ) );
#9487 = ORIENTED_EDGE('',*,*,#9488,.T.);
#9488 = EDGE_CURVE('',#9466,#9367,#9489,.T.);
#9489 = SURFACE_CURVE('',#9490,(#9494,#9501),.PCURVE_S1.);
#9490 = LINE('',#9491,#9492);
#9491 = CARTESIAN_POINT('',(-2.776736691019,-2.130665001531,3.));
#9492 = VECTOR('',#9493,1.);
#9493 = DIRECTION('',(0.6593458151,-0.751839807479,0.));
#9494 = PCURVE('',#1556,#9495);
#9495 = DEFINITIONAL_REPRESENTATION('',(#9496),#9500);
#9496 = LINE('',#9497,#9498);
#9497 = CARTESIAN_POINT('',(0.,-7.5));
#9498 = VECTOR('',#9499,1.);
#9499 = DIRECTION('',(1.,0.));
#9500 = ( GEOMETRIC_REPRESENTATION_CONTEXT(2) 
PARAMETRIC_REPRESENTATION_CONTEXT() REPRESENTATION_CONTEXT('2D SPACE',''
  ) );
#9501 = PCURVE('',#9031,#9502);
#9502 = DEFINITIONAL_REPRESENTATION('',(#9503),#9507);
#9503 = LINE('',#9504,#9505);
#9504 = CARTESIAN_POINT('',(-2.776736691019,-2.130665001531));
#9505 = VECTOR('',#9506,1.);
#9506 = DIRECTION('',(0.6593458151,-0.751839807479));
#9507 = ( GEOMETRIC_REPRESENTATION_CONTEXT(2) 
PARAMETRIC_REPRESENTATION_CONTEXT() REPRESENTATION_CONTEXT('2D SPACE',''
  ) );
#9508 = ORIENTED_EDGE('',*,*,#9366,.F.);
#9509 = ORIENTED_EDGE('',*,*,#1540,.F.);
#9510 = ADVANCED_FACE('',(#9511),#1584,.F.);
#9511 = FACE_BOUND('',#9512,.F.);
#9512 = EDGE_LOOP('',(#9513,#9536,#9557,#9558,#9559));
#9513 = ORIENTED_EDGE('',*,*,#9514,.T.);
#9514 = EDGE_CURVE('',#8293,#9515,#9517,.T.);
#9515 = VERTEX_POINT('',#9516);
#9516 = CARTESIAN_POINT('',(-2.100111604177,-1.2125,3.));
#9517 = SURFACE_CURVE('',#9518,(#9522,#9529),.PCURVE_S1.);
#9518 = LINE('',#9519,#9520);
#9519 = CARTESIAN_POINT('',(-2.100111604177,-1.2125,-4.5));
#9520 = VECTOR('',#9521,1.);
#9521 = DIRECTION('',(0.,0.,1.));
#9522 = PCURVE('',#1584,#9523);
#9523 = DEFINITIONAL_REPRESENTATION('',(#9524),#9528);
#9524 = LINE('',#9525,#9526);
#9525 = CARTESIAN_POINT('',(0.,0.));
#9526 = VECTOR('',#9527,1.);
#9527 = DIRECTION('',(0.,-1.));
#9528 = ( GEOMETRIC_REPRESENTATION_CONTEXT(2) 
PARAMETRIC_REPRESENTATION_CONTEXT() REPRESENTATION_CONTEXT('2D SPACE',''
  ) );
#9529 = PCURVE('',#8331,#9530);
#9530 = DEFINITIONAL_REPRESENTATION('',(#9531),#9535);
#9531 = LINE('',#9532,#9533);
#9532 = CARTESIAN_POINT('',(0.317205176766,0.));
#9533 = VECTOR('',#9534,1.);
#9534 = DIRECTION('',(0.,-1.));
#9535 = ( GEOMETRIC_REPRESENTATION_CONTEXT(2) 
PARAMETRIC_REPRESENTATION_CONTEXT() REPRESENTATION_CONTEXT('2D SPACE',''
  ) );
#9536 = ORIENTED_EDGE('',*,*,#9537,.T.);
#9537 = EDGE_CURVE('',#9515,#9466,#9538,.T.);
#9538 = SURFACE_CURVE('',#9539,(#9543,#9550),.PCURVE_S1.);
#9539 = LINE('',#9540,#9541);
#9540 = CARTESIAN_POINT('',(-2.100111604177,-1.2125,3.));
#9541 = VECTOR('',#9542,1.);
#9542 = DIRECTION('',(-0.593245891522,-0.805021311639,0.));
#9543 = PCURVE('',#1584,#9544);
#9544 = DEFINITIONAL_REPRESENTATION('',(#9545),#9549);
#9545 = LINE('',#9546,#9547);
#9546 = CARTESIAN_POINT('',(0.,-7.5));
#9547 = VECTOR('',#9548,1.);
#9548 = DIRECTION('',(1.,0.));
#9549 = ( GEOMETRIC_REPRESENTATION_CONTEXT(2) 
PARAMETRIC_REPRESENTATION_CONTEXT() REPRESENTATION_CONTEXT('2D SPACE',''
  ) );
#9550 = PCURVE('',#9031,#9551);
#9551 = DEFINITIONAL_REPRESENTATION('',(#9552),#9556);
#9552 = LINE('',#9553,#9554);
#9553 = CARTESIAN_POINT('',(-2.100111604177,-1.2125));
#9554 = VECTOR('',#9555,1.);
#9555 = DIRECTION('',(-0.593245891522,-0.805021311639));
#9556 = ( GEOMETRIC_REPRESENTATION_CONTEXT(2) 
PARAMETRIC_REPRESENTATION_CONTEXT() REPRESENTATION_CONTEXT('2D SPACE',''
  ) );
#9557 = ORIENTED_EDGE('',*,*,#9465,.F.);
#9558 = ORIENTED_EDGE('',*,*,#1568,.F.);
#9559 = ORIENTED_EDGE('',*,*,#8292,.F.);
#9560 = ADVANCED_FACE('',(#9561),#2040,.F.);
#9561 = FACE_BOUND('',#9562,.F.);
#9562 = EDGE_LOOP('',(#9563,#9586,#9609,#9630,#9631));
#9563 = ORIENTED_EDGE('',*,*,#9564,.T.);
#9564 = EDGE_CURVE('',#2025,#9565,#9567,.T.);
#9565 = VERTEX_POINT('',#9566);
#9566 = CARTESIAN_POINT('',(-3.380740392012,-0.905866657859,3.));
#9567 = SURFACE_CURVE('',#9568,(#9572,#9579),.PCURVE_S1.);
#9568 = LINE('',#9569,#9570);
#9569 = CARTESIAN_POINT('',(-3.380740392012,-0.905866657859,-4.5));
#9570 = VECTOR('',#9571,1.);
#9571 = DIRECTION('',(0.,0.,1.));
#9572 = PCURVE('',#2040,#9573);
#9573 = DEFINITIONAL_REPRESENTATION('',(#9574),#9578);
#9574 = LINE('',#9575,#9576);
#9575 = CARTESIAN_POINT('',(0.,0.));
#9576 = VECTOR('',#9577,1.);
#9577 = DIRECTION('',(0.,-1.));
#9578 = ( GEOMETRIC_REPRESENTATION_CONTEXT(2) 
PARAMETRIC_REPRESENTATION_CONTEXT() REPRESENTATION_CONTEXT('2D SPACE',''
  ) );
#9579 = PCURVE('',#2068,#9580);
#9580 = DEFINITIONAL_REPRESENTATION('',(#9581),#9585);
#9581 = LINE('',#9582,#9583);
#9582 = CARTESIAN_POINT('',(0.457821904611,0.));
#9583 = VECTOR('',#9584,1.);
#9584 = DIRECTION('',(0.,-1.));
#9585 = ( GEOMETRIC_REPRESENTATION_CONTEXT(2) 
PARAMETRIC_REPRESENTATION_CONTEXT() REPRESENTATION_CONTEXT('2D SPACE',''
  ) );
#9586 = ORIENTED_EDGE('',*,*,#9587,.T.);
#9587 = EDGE_CURVE('',#9565,#9588,#9590,.T.);
#9588 = VERTEX_POINT('',#9589);
#9589 = CARTESIAN_POINT('',(-2.24040786634,-0.928007323485,3.));
#9590 = SURFACE_CURVE('',#9591,(#9595,#9602),.PCURVE_S1.);
#9591 = LINE('',#9592,#9593);
#9592 = CARTESIAN_POINT('',(-3.380740392012,-0.905866657859,3.));
#9593 = VECTOR('',#9594,1.);
#9594 = DIRECTION('',(0.999811563271,-1.941231440264E-02,0.));
#9595 = PCURVE('',#2040,#9596);
#9596 = DEFINITIONAL_REPRESENTATION('',(#9597),#9601);
#9597 = LINE('',#9598,#9599);
#9598 = CARTESIAN_POINT('',(0.,-7.5));
#9599 = VECTOR('',#9600,1.);
#9600 = DIRECTION('',(1.,0.));
#9601 = ( GEOMETRIC_REPRESENTATION_CONTEXT(2) 
PARAMETRIC_REPRESENTATION_CONTEXT() REPRESENTATION_CONTEXT('2D SPACE',''
  ) );
#9602 = PCURVE('',#9031,#9603);
#9603 = DEFINITIONAL_REPRESENTATION('',(#9604),#9608);
#9604 = LINE('',#9605,#9606);
#9605 = CARTESIAN_POINT('',(-3.380740392012,-0.905866657859));
#9606 = VECTOR('',#9607,1.);
#9607 = DIRECTION('',(0.999811563271,-1.941231440264E-02));
#9608 = ( GEOMETRIC_REPRESENTATION_CONTEXT(2) 
PARAMETRIC_REPRESENTATION_CONTEXT() REPRESENTATION_CONTEXT('2D SPACE',''
  ) );
#9609 = ORIENTED_EDGE('',*,*,#9610,.F.);
#9610 = EDGE_CURVE('',#8316,#9588,#9611,.T.);
#9611 = SURFACE_CURVE('',#9612,(#9616,#9623),.PCURVE_S1.);
#9612 = LINE('',#9613,#9614);
#9613 = CARTESIAN_POINT('',(-2.24040786634,-0.928007323485,-4.5));
#9614 = VECTOR('',#9615,1.);
#9615 = DIRECTION('',(0.,0.,1.));
#9616 = PCURVE('',#2040,#9617);
#9617 = DEFINITIONAL_REPRESENTATION('',(#9618),#9622);
#9618 = LINE('',#9619,#9620);
#9619 = CARTESIAN_POINT('',(1.140547446702,0.));
#9620 = VECTOR('',#9621,1.);
#9621 = DIRECTION('',(0.,-1.));
#9622 = ( GEOMETRIC_REPRESENTATION_CONTEXT(2) 
PARAMETRIC_REPRESENTATION_CONTEXT() REPRESENTATION_CONTEXT('2D SPACE',''
  ) );
#9623 = PCURVE('',#8331,#9624);
#9624 = DEFINITIONAL_REPRESENTATION('',(#9625),#9629);
#9625 = LINE('',#9626,#9627);
#9626 = CARTESIAN_POINT('',(0.,0.));
#9627 = VECTOR('',#9628,1.);
#9628 = DIRECTION('',(0.,-1.));
#9629 = ( GEOMETRIC_REPRESENTATION_CONTEXT(2) 
PARAMETRIC_REPRESENTATION_CONTEXT() REPRESENTATION_CONTEXT('2D SPACE',''
  ) );
#9630 = ORIENTED_EDGE('',*,*,#8343,.F.);
#9631 = ORIENTED_EDGE('',*,*,#2024,.F.);
#9632 = ADVANCED_FACE('',(#9633),#8331,.F.);
#9633 = FACE_BOUND('',#9634,.F.);
#9634 = EDGE_LOOP('',(#9635,#9636,#9657,#9658));
#9635 = ORIENTED_EDGE('',*,*,#9610,.T.);
#9636 = ORIENTED_EDGE('',*,*,#9637,.T.);
#9637 = EDGE_CURVE('',#9588,#9515,#9638,.T.);
#9638 = SURFACE_CURVE('',#9639,(#9643,#9650),.PCURVE_S1.);
#9639 = LINE('',#9640,#9641);
#9640 = CARTESIAN_POINT('',(-2.24040786634,-0.928007323485,3.));
#9641 = VECTOR('',#9642,1.);
#9642 = DIRECTION('',(0.442288690219,-0.896872741533,0.));
#9643 = PCURVE('',#8331,#9644);
#9644 = DEFINITIONAL_REPRESENTATION('',(#9645),#9649);
#9645 = LINE('',#9646,#9647);
#9646 = CARTESIAN_POINT('',(0.,-7.5));
#9647 = VECTOR('',#9648,1.);
#9648 = DIRECTION('',(1.,0.));
#9649 = ( GEOMETRIC_REPRESENTATION_CONTEXT(2) 
PARAMETRIC_REPRESENTATION_CONTEXT() REPRESENTATION_CONTEXT('2D SPACE',''
  ) );
#9650 = PCURVE('',#9031,#9651);
#9651 = DEFINITIONAL_REPRESENTATION('',(#9652),#9656);
#9652 = LINE('',#9653,#9654);
#9653 = CARTESIAN_POINT('',(-2.24040786634,-0.928007323485));
#9654 = VECTOR('',#9655,1.);
#9655 = DIRECTION('',(0.442288690219,-0.896872741533));
#9656 = ( GEOMETRIC_REPRESENTATION_CONTEXT(2) 
PARAMETRIC_REPRESENTATION_CONTEXT() REPRESENTATION_CONTEXT('2D SPACE',''
  ) );
#9657 = ORIENTED_EDGE('',*,*,#9514,.F.);
#9658 = ORIENTED_EDGE('',*,*,#8315,.F.);
#9659 = ADVANCED_FACE('',(#9660),#2068,.F.);
#9660 = FACE_BOUND('',#9661,.F.);
#9661 = EDGE_LOOP('',(#9662,#9685,#9706,#9707));
#9662 = ORIENTED_EDGE('',*,*,#9663,.T.);
#9663 = EDGE_CURVE('',#2053,#9664,#9666,.T.);
#9664 = VERTEX_POINT('',#9665);
#9665 = CARTESIAN_POINT('',(-3.470057014808,-0.45684167277,3.));
#9666 = SURFACE_CURVE('',#9667,(#9671,#9678),.PCURVE_S1.);
#9667 = LINE('',#9668,#9669);
#9668 = CARTESIAN_POINT('',(-3.470057014808,-0.45684167277,-4.5));
#9669 = VECTOR('',#9670,1.);
#9670 = DIRECTION('',(0.,0.,1.));
#9671 = PCURVE('',#2068,#9672);
#9672 = DEFINITIONAL_REPRESENTATION('',(#9673),#9677);
#9673 = LINE('',#9674,#9675);
#9674 = CARTESIAN_POINT('',(0.,0.));
#9675 = VECTOR('',#9676,1.);
#9676 = DIRECTION('',(0.,-1.));
#9677 = ( GEOMETRIC_REPRESENTATION_CONTEXT(2) 
PARAMETRIC_REPRESENTATION_CONTEXT() REPRESENTATION_CONTEXT('2D SPACE',''
  ) );
#9678 = PCURVE('',#2096,#9679);
#9679 = DEFINITIONAL_REPRESENTATION('',(#9680),#9684);
#9680 = LINE('',#9681,#9682);
#9681 = CARTESIAN_POINT('',(1.140547446702,0.));
#9682 = VECTOR('',#9683,1.);
#9683 = DIRECTION('',(0.,-1.));
#9684 = ( GEOMETRIC_REPRESENTATION_CONTEXT(2) 
PARAMETRIC_REPRESENTATION_CONTEXT() REPRESENTATION_CONTEXT('2D SPACE',''
  ) );
#9685 = ORIENTED_EDGE('',*,*,#9686,.T.);
#9686 = EDGE_CURVE('',#9664,#9565,#9687,.T.);
#9687 = SURFACE_CURVE('',#9688,(#9692,#9699),.PCURVE_S1.);
#9688 = LINE('',#9689,#9690);
#9689 = CARTESIAN_POINT('',(-3.470057014808,-0.45684167277,3.));
#9690 = VECTOR('',#9691,1.);
#9691 = DIRECTION('',(0.195090322016,-0.980785280403,0.));
#9692 = PCURVE('',#2068,#9693);
#9693 = DEFINITIONAL_REPRESENTATION('',(#9694),#9698);
#9694 = LINE('',#9695,#9696);
#9695 = CARTESIAN_POINT('',(0.,-7.5));
#9696 = VECTOR('',#9697,1.);
#9697 = DIRECTION('',(1.,0.));
#9698 = ( GEOMETRIC_REPRESENTATION_CONTEXT(2) 
PARAMETRIC_REPRESENTATION_CONTEXT() REPRESENTATION_CONTEXT('2D SPACE',''
  ) );
#9699 = PCURVE('',#9031,#9700);
#9700 = DEFINITIONAL_REPRESENTATION('',(#9701),#9705);
#9701 = LINE('',#9702,#9703);
#9702 = CARTESIAN_POINT('',(-3.470057014808,-0.45684167277));
#9703 = VECTOR('',#9704,1.);
#9704 = DIRECTION('',(0.195090322016,-0.980785280403));
#9705 = ( GEOMETRIC_REPRESENTATION_CONTEXT(2) 
PARAMETRIC_REPRESENTATION_CONTEXT() REPRESENTATION_CONTEXT('2D SPACE',''
  ) );
#9706 = ORIENTED_EDGE('',*,*,#9564,.F.);
#9707 = ORIENTED_EDGE('',*,*,#2052,.F.);
#9708 = ADVANCED_FACE('',(#9709),#2096,.F.);
#9709 = FACE_BOUND('',#9710,.F.);
#9710 = EDGE_LOOP('',(#9711,#9734,#9755,#9756,#9757));
#9711 = ORIENTED_EDGE('',*,*,#9712,.T.);
#9712 = EDGE_CURVE('',#8370,#9713,#9715,.T.);
#9713 = VERTEX_POINT('',#9714);
#9714 = CARTESIAN_POINT('',(-2.425,2.969768487932E-16,3.));
#9715 = SURFACE_CURVE('',#9716,(#9720,#9727),.PCURVE_S1.);
#9716 = LINE('',#9717,#9718);
#9717 = CARTESIAN_POINT('',(-2.425,2.969768487932E-16,-4.5));
#9718 = VECTOR('',#9719,1.);
#9719 = DIRECTION('',(0.,0.,1.));
#9720 = PCURVE('',#2096,#9721);
#9721 = DEFINITIONAL_REPRESENTATION('',(#9722),#9726);
#9722 = LINE('',#9723,#9724);
#9723 = CARTESIAN_POINT('',(0.,0.));
#9724 = VECTOR('',#9725,1.);
#9725 = DIRECTION('',(0.,-1.));
#9726 = ( GEOMETRIC_REPRESENTATION_CONTEXT(2) 
PARAMETRIC_REPRESENTATION_CONTEXT() REPRESENTATION_CONTEXT('2D SPACE',''
  ) );
#9727 = PCURVE('',#2552,#9728);
#9728 = DEFINITIONAL_REPRESENTATION('',(#9729),#9733);
#9729 = LINE('',#9730,#9731);
#9730 = CARTESIAN_POINT('',(0.317205176766,0.));
#9731 = VECTOR('',#9732,1.);
#9732 = DIRECTION('',(0.,-1.));
#9733 = ( GEOMETRIC_REPRESENTATION_CONTEXT(2) 
PARAMETRIC_REPRESENTATION_CONTEXT() REPRESENTATION_CONTEXT('2D SPACE',''
  ) );
#9734 = ORIENTED_EDGE('',*,*,#9735,.T.);
#9735 = EDGE_CURVE('',#9713,#9664,#9736,.T.);
#9736 = SURFACE_CURVE('',#9737,(#9741,#9748),.PCURVE_S1.);
#9737 = LINE('',#9738,#9739);
#9738 = CARTESIAN_POINT('',(-2.425,2.969768487932E-16,3.));
#9739 = VECTOR('',#9740,1.);
#9740 = DIRECTION('',(-0.916276668568,-0.400545960706,0.));
#9741 = PCURVE('',#2096,#9742);
#9742 = DEFINITIONAL_REPRESENTATION('',(#9743),#9747);
#9743 = LINE('',#9744,#9745);
#9744 = CARTESIAN_POINT('',(0.,-7.5));
#9745 = VECTOR('',#9746,1.);
#9746 = DIRECTION('',(1.,0.));
#9747 = ( GEOMETRIC_REPRESENTATION_CONTEXT(2) 
PARAMETRIC_REPRESENTATION_CONTEXT() REPRESENTATION_CONTEXT('2D SPACE',''
  ) );
#9748 = PCURVE('',#9031,#9749);
#9749 = DEFINITIONAL_REPRESENTATION('',(#9750),#9754);
#9750 = LINE('',#9751,#9752);
#9751 = CARTESIAN_POINT('',(-2.425,2.549727866905E-16));
#9752 = VECTOR('',#9753,1.);
#9753 = DIRECTION('',(-0.916276668568,-0.400545960706));
#9754 = ( GEOMETRIC_REPRESENTATION_CONTEXT(2) 
PARAMETRIC_REPRESENTATION_CONTEXT() REPRESENTATION_CONTEXT('2D SPACE',''
  ) );
#9755 = ORIENTED_EDGE('',*,*,#9663,.F.);
#9756 = ORIENTED_EDGE('',*,*,#2080,.F.);
#9757 = ORIENTED_EDGE('',*,*,#8369,.F.);
#9758 = ADVANCED_FACE('',(#9759),#2552,.F.);
#9759 = FACE_BOUND('',#9760,.F.);
#9760 = EDGE_LOOP('',(#9761,#9784,#9805,#9806,#9807));
#9761 = ORIENTED_EDGE('',*,*,#9762,.T.);
#9762 = EDGE_CURVE('',#2537,#9763,#9765,.T.);
#9763 = VERTEX_POINT('',#9764);
#9764 = CARTESIAN_POINT('',(-2.404253788831,0.316526016134,3.));
#9765 = SURFACE_CURVE('',#9766,(#9770,#9777),.PCURVE_S1.);
#9766 = LINE('',#9767,#9768);
#9767 = CARTESIAN_POINT('',(-2.404253788831,0.316526016134,-4.5));
#9768 = VECTOR('',#9769,1.);
#9769 = DIRECTION('',(0.,0.,1.));
#9770 = PCURVE('',#2552,#9771);
#9771 = DEFINITIONAL_REPRESENTATION('',(#9772),#9776);
#9772 = LINE('',#9773,#9774);
#9773 = CARTESIAN_POINT('',(0.,0.));
#9774 = VECTOR('',#9775,1.);
#9775 = DIRECTION('',(0.,-1.));
#9776 = ( GEOMETRIC_REPRESENTATION_CONTEXT(2) 
PARAMETRIC_REPRESENTATION_CONTEXT() REPRESENTATION_CONTEXT('2D SPACE',''
  ) );
#9777 = PCURVE('',#2580,#9778);
#9778 = DEFINITIONAL_REPRESENTATION('',(#9779),#9783);
#9779 = LINE('',#9780,#9781);
#9780 = CARTESIAN_POINT('',(1.140547446702,0.));
#9781 = VECTOR('',#9782,1.);
#9782 = DIRECTION('',(0.,-1.));
#9783 = ( GEOMETRIC_REPRESENTATION_CONTEXT(2) 
PARAMETRIC_REPRESENTATION_CONTEXT() REPRESENTATION_CONTEXT('2D SPACE',''
  ) );
#9784 = ORIENTED_EDGE('',*,*,#9785,.T.);
#9785 = EDGE_CURVE('',#9763,#9713,#9786,.T.);
#9786 = SURFACE_CURVE('',#9787,(#9791,#9798),.PCURVE_S1.);
#9787 = LINE('',#9788,#9789);
#9788 = CARTESIAN_POINT('',(-2.404253788831,0.316526016134,3.));
#9789 = VECTOR('',#9790,1.);
#9790 = DIRECTION('',(-6.540312923014E-02,-0.997858923239,0.));
#9791 = PCURVE('',#2552,#9792);
#9792 = DEFINITIONAL_REPRESENTATION('',(#9793),#9797);
#9793 = LINE('',#9794,#9795);
#9794 = CARTESIAN_POINT('',(0.,-7.5));
#9795 = VECTOR('',#9796,1.);
#9796 = DIRECTION('',(1.,0.));
#9797 = ( GEOMETRIC_REPRESENTATION_CONTEXT(2) 
PARAMETRIC_REPRESENTATION_CONTEXT() REPRESENTATION_CONTEXT('2D SPACE',''
  ) );
#9798 = PCURVE('',#9031,#9799);
#9799 = DEFINITIONAL_REPRESENTATION('',(#9800),#9804);
#9800 = LINE('',#9801,#9802);
#9801 = CARTESIAN_POINT('',(-2.404253788831,0.316526016134));
#9802 = VECTOR('',#9803,1.);
#9803 = DIRECTION('',(-6.540312923014E-02,-0.997858923239));
#9804 = ( GEOMETRIC_REPRESENTATION_CONTEXT(2) 
PARAMETRIC_REPRESENTATION_CONTEXT() REPRESENTATION_CONTEXT('2D SPACE',''
  ) );
#9805 = ORIENTED_EDGE('',*,*,#9712,.F.);
#9806 = ORIENTED_EDGE('',*,*,#8392,.F.);
#9807 = ORIENTED_EDGE('',*,*,#2536,.F.);
#9808 = ADVANCED_FACE('',(#9809),#2580,.F.);
#9809 = FACE_BOUND('',#9810,.F.);
#9810 = EDGE_LOOP('',(#9811,#9834,#9855,#9856));
#9811 = ORIENTED_EDGE('',*,*,#9812,.T.);
#9812 = EDGE_CURVE('',#2565,#9813,#9815,.T.);
#9813 = VERTEX_POINT('',#9814);
#9814 = CARTESIAN_POINT('',(-3.380740392012,0.905866657859,3.));
#9815 = SURFACE_CURVE('',#9816,(#9820,#9827),.PCURVE_S1.);
#9816 = LINE('',#9817,#9818);
#9817 = CARTESIAN_POINT('',(-3.380740392012,0.905866657859,-4.5));
#9818 = VECTOR('',#9819,1.);
#9819 = DIRECTION('',(0.,0.,1.));
#9820 = PCURVE('',#2580,#9821);
#9821 = DEFINITIONAL_REPRESENTATION('',(#9822),#9826);
#9822 = LINE('',#9823,#9824);
#9823 = CARTESIAN_POINT('',(0.,0.));
#9824 = VECTOR('',#9825,1.);
#9825 = DIRECTION('',(0.,-1.));
#9826 = ( GEOMETRIC_REPRESENTATION_CONTEXT(2) 
PARAMETRIC_REPRESENTATION_CONTEXT() REPRESENTATION_CONTEXT('2D SPACE',''
  ) );
#9827 = PCURVE('',#2608,#9828);
#9828 = DEFINITIONAL_REPRESENTATION('',(#9829),#9833);
#9829 = LINE('',#9830,#9831);
#9830 = CARTESIAN_POINT('',(0.457821904611,0.));
#9831 = VECTOR('',#9832,1.);
#9832 = DIRECTION('',(0.,-1.));
#9833 = ( GEOMETRIC_REPRESENTATION_CONTEXT(2) 
PARAMETRIC_REPRESENTATION_CONTEXT() REPRESENTATION_CONTEXT('2D SPACE',''
  ) );
#9834 = ORIENTED_EDGE('',*,*,#9835,.T.);
#9835 = EDGE_CURVE('',#9813,#9763,#9836,.T.);
#9836 = SURFACE_CURVE('',#9837,(#9841,#9848),.PCURVE_S1.);
#9837 = LINE('',#9838,#9839);
#9838 = CARTESIAN_POINT('',(-3.380740392012,0.905866657859,3.));
#9839 = VECTOR('',#9840,1.);
#9840 = DIRECTION('',(0.856156055588,-0.516717339054,0.));
#9841 = PCURVE('',#2580,#9842);
#9842 = DEFINITIONAL_REPRESENTATION('',(#9843),#9847);
#9843 = LINE('',#9844,#9845);
#9844 = CARTESIAN_POINT('',(0.,-7.5));
#9845 = VECTOR('',#9846,1.);
#9846 = DIRECTION('',(1.,0.));
#9847 = ( GEOMETRIC_REPRESENTATION_CONTEXT(2) 
PARAMETRIC_REPRESENTATION_CONTEXT() REPRESENTATION_CONTEXT('2D SPACE',''
  ) );
#9848 = PCURVE('',#9031,#9849);
#9849 = DEFINITIONAL_REPRESENTATION('',(#9850),#9854);
#9850 = LINE('',#9851,#9852);
#9851 = CARTESIAN_POINT('',(-3.380740392012,0.905866657859));
#9852 = VECTOR('',#9853,1.);
#9853 = DIRECTION('',(0.856156055588,-0.516717339054));
#9854 = ( GEOMETRIC_REPRESENTATION_CONTEXT(2) 
PARAMETRIC_REPRESENTATION_CONTEXT() REPRESENTATION_CONTEXT('2D SPACE',''
  ) );
#9855 = ORIENTED_EDGE('',*,*,#9762,.F.);
#9856 = ORIENTED_EDGE('',*,*,#2564,.F.);
#9857 = ADVANCED_FACE('',(#9858),#2608,.F.);
#9858 = FACE_BOUND('',#9859,.F.);
#9859 = EDGE_LOOP('',(#9860,#9883,#9904,#9905));
#9860 = ORIENTED_EDGE('',*,*,#9861,.T.);
#9861 = EDGE_CURVE('',#2593,#9862,#9864,.T.);
#9862 = VERTEX_POINT('',#9863);
#9863 = CARTESIAN_POINT('',(-3.23357836379,1.339392013278,3.));
#9864 = SURFACE_CURVE('',#9865,(#9869,#9876),.PCURVE_S1.);
#9865 = LINE('',#9866,#9867);
#9866 = CARTESIAN_POINT('',(-3.23357836379,1.339392013278,-4.5));
#9867 = VECTOR('',#9868,1.);
#9868 = DIRECTION('',(0.,0.,1.));
#9869 = PCURVE('',#2608,#9870);
#9870 = DEFINITIONAL_REPRESENTATION('',(#9871),#9875);
#9871 = LINE('',#9872,#9873);
#9872 = CARTESIAN_POINT('',(0.,0.));
#9873 = VECTOR('',#9874,1.);
#9874 = DIRECTION('',(0.,-1.));
#9875 = ( GEOMETRIC_REPRESENTATION_CONTEXT(2) 
PARAMETRIC_REPRESENTATION_CONTEXT() REPRESENTATION_CONTEXT('2D SPACE',''
  ) );
#9876 = PCURVE('',#2636,#9877);
#9877 = DEFINITIONAL_REPRESENTATION('',(#9878),#9882);
#9878 = LINE('',#9879,#9880);
#9879 = CARTESIAN_POINT('',(1.140547446702,0.));
#9880 = VECTOR('',#9881,1.);
#9881 = DIRECTION('',(0.,-1.));
#9882 = ( GEOMETRIC_REPRESENTATION_CONTEXT(2) 
PARAMETRIC_REPRESENTATION_CONTEXT() REPRESENTATION_CONTEXT('2D SPACE',''
  ) );
#9883 = ORIENTED_EDGE('',*,*,#9884,.T.);
#9884 = EDGE_CURVE('',#9862,#9813,#9885,.T.);
#9885 = SURFACE_CURVE('',#9886,(#9890,#9897),.PCURVE_S1.);
#9886 = LINE('',#9887,#9888);
#9887 = CARTESIAN_POINT('',(-3.23357836379,1.339392013278,3.));
#9888 = VECTOR('',#9889,1.);
#9889 = DIRECTION('',(-0.321439465303,-0.946930129495,0.));
#9890 = PCURVE('',#2608,#9891);
#9891 = DEFINITIONAL_REPRESENTATION('',(#9892),#9896);
#9892 = LINE('',#9893,#9894);
#9893 = CARTESIAN_POINT('',(0.,-7.5));
#9894 = VECTOR('',#9895,1.);
#9895 = DIRECTION('',(1.,0.));
#9896 = ( GEOMETRIC_REPRESENTATION_CONTEXT(2) 
PARAMETRIC_REPRESENTATION_CONTEXT() REPRESENTATION_CONTEXT('2D SPACE',''
  ) );
#9897 = PCURVE('',#9031,#9898);
#9898 = DEFINITIONAL_REPRESENTATION('',(#9899),#9903);
#9899 = LINE('',#9900,#9901);
#9900 = CARTESIAN_POINT('',(-3.23357836379,1.339392013278));
#9901 = VECTOR('',#9902,1.);
#9902 = DIRECTION('',(-0.321439465303,-0.946930129495));
#9903 = ( GEOMETRIC_REPRESENTATION_CONTEXT(2) 
PARAMETRIC_REPRESENTATION_CONTEXT() REPRESENTATION_CONTEXT('2D SPACE',''
  ) );
#9904 = ORIENTED_EDGE('',*,*,#9812,.F.);
#9905 = ORIENTED_EDGE('',*,*,#2592,.F.);
#9906 = ADVANCED_FACE('',(#9907),#2636,.F.);
#9907 = FACE_BOUND('',#9908,.F.);
#9908 = EDGE_LOOP('',(#9909,#9932,#9953,#9954,#9955));
#9909 = ORIENTED_EDGE('',*,*,#9910,.T.);
#9910 = EDGE_CURVE('',#8419,#9911,#9913,.T.);
#9911 = VERTEX_POINT('',#9912);
#9912 = CARTESIAN_POINT('',(-2.100111604177,1.2125,3.));
#9913 = SURFACE_CURVE('',#9914,(#9918,#9925),.PCURVE_S1.);
#9914 = LINE('',#9915,#9916);
#9915 = CARTESIAN_POINT('',(-2.100111604177,1.2125,-4.5));
#9916 = VECTOR('',#9917,1.);
#9917 = DIRECTION('',(0.,0.,1.));
#9918 = PCURVE('',#2636,#9919);
#9919 = DEFINITIONAL_REPRESENTATION('',(#9920),#9924);
#9920 = LINE('',#9921,#9922);
#9921 = CARTESIAN_POINT('',(0.,0.));
#9922 = VECTOR('',#9923,1.);
#9923 = DIRECTION('',(0.,-1.));
#9924 = ( GEOMETRIC_REPRESENTATION_CONTEXT(2) 
PARAMETRIC_REPRESENTATION_CONTEXT() REPRESENTATION_CONTEXT('2D SPACE',''
  ) );
#9925 = PCURVE('',#3092,#9926);
#9926 = DEFINITIONAL_REPRESENTATION('',(#9927),#9931);
#9927 = LINE('',#9928,#9929);
#9928 = CARTESIAN_POINT('',(0.317205176766,0.));
#9929 = VECTOR('',#9930,1.);
#9930 = DIRECTION('',(0.,-1.));
#9931 = ( GEOMETRIC_REPRESENTATION_CONTEXT(2) 
PARAMETRIC_REPRESENTATION_CONTEXT() REPRESENTATION_CONTEXT('2D SPACE',''
  ) );
#9932 = ORIENTED_EDGE('',*,*,#9933,.T.);
#9933 = EDGE_CURVE('',#9911,#9862,#9934,.T.);
#9934 = SURFACE_CURVE('',#9935,(#9939,#9946),.PCURVE_S1.);
#9935 = LINE('',#9936,#9937);
#9936 = CARTESIAN_POINT('',(-2.100111604177,1.2125,3.));
#9937 = VECTOR('',#9938,1.);
#9938 = DIRECTION('',(-0.993791852228,0.111255356929,0.));
#9939 = PCURVE('',#2636,#9940);
#9940 = DEFINITIONAL_REPRESENTATION('',(#9941),#9945);
#9941 = LINE('',#9942,#9943);
#9942 = CARTESIAN_POINT('',(0.,-7.5));
#9943 = VECTOR('',#9944,1.);
#9944 = DIRECTION('',(1.,0.));
#9945 = ( GEOMETRIC_REPRESENTATION_CONTEXT(2) 
PARAMETRIC_REPRESENTATION_CONTEXT() REPRESENTATION_CONTEXT('2D SPACE',''
  ) );
#9946 = PCURVE('',#9031,#9947);
#9947 = DEFINITIONAL_REPRESENTATION('',(#9948),#9952);
#9948 = LINE('',#9949,#9950);
#9949 = CARTESIAN_POINT('',(-2.100111604177,1.2125));
#9950 = VECTOR('',#9951,1.);
#9951 = DIRECTION('',(-0.993791852228,0.111255356929));
#9952 = ( GEOMETRIC_REPRESENTATION_CONTEXT(2) 
PARAMETRIC_REPRESENTATION_CONTEXT() REPRESENTATION_CONTEXT('2D SPACE',''
  ) );
#9953 = ORIENTED_EDGE('',*,*,#9861,.F.);
#9954 = ORIENTED_EDGE('',*,*,#2620,.F.);
#9955 = ORIENTED_EDGE('',*,*,#8418,.F.);
#9956 = ADVANCED_FACE('',(#9957),#3092,.F.);
#9957 = FACE_BOUND('',#9958,.F.);
#9958 = EDGE_LOOP('',(#9959,#9982,#10003,#10004,#10005,#10006));
#9959 = ORIENTED_EDGE('',*,*,#9960,.T.);
#9960 = EDGE_CURVE('',#8468,#9961,#9963,.T.);
#9961 = VERTEX_POINT('',#9962);
#9962 = CARTESIAN_POINT('',(-1.923881850206,1.476246465346,3.));
#9963 = SURFACE_CURVE('',#9964,(#9968,#9975),.PCURVE_S1.);
#9964 = LINE('',#9965,#9966);
#9965 = CARTESIAN_POINT('',(-1.923881850206,1.476246465346,-4.5));
#9966 = VECTOR('',#9967,1.);
#9967 = DIRECTION('',(0.,0.,1.));
#9968 = PCURVE('',#3092,#9969);
#9969 = DEFINITIONAL_REPRESENTATION('',(#9970),#9974);
#9970 = LINE('',#9971,#9972);
#9971 = CARTESIAN_POINT('',(0.,0.));
#9972 = VECTOR('',#9973,1.);
#9973 = DIRECTION('',(0.,-1.));
#9974 = ( GEOMETRIC_REPRESENTATION_CONTEXT(2) 
PARAMETRIC_REPRESENTATION_CONTEXT() REPRESENTATION_CONTEXT('2D SPACE',''
  ) );
#9975 = PCURVE('',#3548,#9976);
#9976 = DEFINITIONAL_REPRESENTATION('',(#9977),#9981);
#9977 = LINE('',#9978,#9979);
#9978 = CARTESIAN_POINT('',(1.140547446702,0.));
#9979 = VECTOR('',#9980,1.);
#9980 = DIRECTION('',(0.,-1.));
#9981 = ( GEOMETRIC_REPRESENTATION_CONTEXT(2) 
PARAMETRIC_REPRESENTATION_CONTEXT() REPRESENTATION_CONTEXT('2D SPACE',''
  ) );
#9982 = ORIENTED_EDGE('',*,*,#9983,.T.);
#9983 = EDGE_CURVE('',#9961,#9911,#9984,.T.);
#9984 = SURFACE_CURVE('',#9985,(#9989,#9996),.PCURVE_S1.);
#9985 = LINE('',#9986,#9987);
#9986 = CARTESIAN_POINT('',(-1.923881850206,1.476246465346,3.));
#9987 = VECTOR('',#9988,1.);
#9988 = DIRECTION('',(-0.55557023302,-0.831469612303,0.));
#9989 = PCURVE('',#3092,#9990);
#9990 = DEFINITIONAL_REPRESENTATION('',(#9991),#9995);
#9991 = LINE('',#9992,#9993);
#9992 = CARTESIAN_POINT('',(0.,-7.5));
#9993 = VECTOR('',#9994,1.);
#9994 = DIRECTION('',(1.,0.));
#9995 = ( GEOMETRIC_REPRESENTATION_CONTEXT(2) 
PARAMETRIC_REPRESENTATION_CONTEXT() REPRESENTATION_CONTEXT('2D SPACE',''
  ) );
#9996 = PCURVE('',#9031,#9997);
#9997 = DEFINITIONAL_REPRESENTATION('',(#9998),#10002);
#9998 = LINE('',#9999,#10000);
#9999 = CARTESIAN_POINT('',(-1.923881850206,1.476246465346));
#10000 = VECTOR('',#10001,1.);
#10001 = DIRECTION('',(-0.55557023302,-0.831469612303));
#10002 = ( GEOMETRIC_REPRESENTATION_CONTEXT(2) 
PARAMETRIC_REPRESENTATION_CONTEXT() REPRESENTATION_CONTEXT('2D SPACE',''
  ) );
#10003 = ORIENTED_EDGE('',*,*,#9910,.F.);
#10004 = ORIENTED_EDGE('',*,*,#8441,.F.);
#10005 = ORIENTED_EDGE('',*,*,#3076,.F.);
#10006 = ORIENTED_EDGE('',*,*,#8467,.F.);
#10007 = ADVANCED_FACE('',(#10008),#3548,.F.);
#10008 = FACE_BOUND('',#10009,.F.);
#10009 = EDGE_LOOP('',(#10010,#10033,#10054,#10055,#10056));
#10010 = ORIENTED_EDGE('',*,*,#10011,.T.);
#10011 = EDGE_CURVE('',#3533,#10012,#10014,.T.);
#10012 = VERTEX_POINT('',#10013);
#10013 = CARTESIAN_POINT('',(-2.474873734153,2.474873734153,3.));
#10014 = SURFACE_CURVE('',#10015,(#10019,#10026),.PCURVE_S1.);
#10015 = LINE('',#10016,#10017);
#10016 = CARTESIAN_POINT('',(-2.474873734153,2.474873734153,-4.5));
#10017 = VECTOR('',#10018,1.);
#10018 = DIRECTION('',(0.,0.,1.));
#10019 = PCURVE('',#3548,#10020);
#10020 = DEFINITIONAL_REPRESENTATION('',(#10021),#10025);
#10021 = LINE('',#10022,#10023);
#10022 = CARTESIAN_POINT('',(0.,0.));
#10023 = VECTOR('',#10024,1.);
#10024 = DIRECTION('',(0.,-1.));
#10025 = ( GEOMETRIC_REPRESENTATION_CONTEXT(2) 
PARAMETRIC_REPRESENTATION_CONTEXT() REPRESENTATION_CONTEXT('2D SPACE',''
  ) );
#10026 = PCURVE('',#3576,#10027);
#10027 = DEFINITIONAL_REPRESENTATION('',(#10028),#10032);
#10028 = LINE('',#10029,#10030);
#10029 = CARTESIAN_POINT('',(0.457821904611,0.));
#10030 = VECTOR('',#10031,1.);
#10031 = DIRECTION('',(0.,-1.));
#10032 = ( GEOMETRIC_REPRESENTATION_CONTEXT(2) 
PARAMETRIC_REPRESENTATION_CONTEXT() REPRESENTATION_CONTEXT('2D SPACE',''
  ) );
#10033 = ORIENTED_EDGE('',*,*,#10034,.T.);
#10034 = EDGE_CURVE('',#10012,#9961,#10035,.T.);
#10035 = SURFACE_CURVE('',#10036,(#10040,#10047),.PCURVE_S1.);
#10036 = LINE('',#10037,#10038);
#10037 = CARTESIAN_POINT('',(-2.474873734153,2.474873734153,3.));
#10038 = VECTOR('',#10039,1.);
#10039 = DIRECTION('',(0.483094224216,-0.875568369991,0.));
#10040 = PCURVE('',#3548,#10041);
#10041 = DEFINITIONAL_REPRESENTATION('',(#10042),#10046);
#10042 = LINE('',#10043,#10044);
#10043 = CARTESIAN_POINT('',(0.,-7.5));
#10044 = VECTOR('',#10045,1.);
#10045 = DIRECTION('',(1.,0.));
#10046 = ( GEOMETRIC_REPRESENTATION_CONTEXT(2) 
PARAMETRIC_REPRESENTATION_CONTEXT() REPRESENTATION_CONTEXT('2D SPACE',''
  ) );
#10047 = PCURVE('',#9031,#10048);
#10048 = DEFINITIONAL_REPRESENTATION('',(#10049),#10053);
#10049 = LINE('',#10050,#10051);
#10050 = CARTESIAN_POINT('',(-2.474873734153,2.474873734153));
#10051 = VECTOR('',#10052,1.);
#10052 = DIRECTION('',(0.483094224216,-0.875568369991));
#10053 = ( GEOMETRIC_REPRESENTATION_CONTEXT(2) 
PARAMETRIC_REPRESENTATION_CONTEXT() REPRESENTATION_CONTEXT('2D SPACE',''
  ) );
#10054 = ORIENTED_EDGE('',*,*,#9960,.F.);
#10055 = ORIENTED_EDGE('',*,*,#8490,.F.);
#10056 = ORIENTED_EDGE('',*,*,#3532,.F.);
#10057 = ADVANCED_FACE('',(#10058),#3576,.F.);
#10058 = FACE_BOUND('',#10059,.F.);
#10059 = EDGE_LOOP('',(#10060,#10083,#10104,#10105));
#10060 = ORIENTED_EDGE('',*,*,#10061,.T.);
#10061 = EDGE_CURVE('',#3561,#10062,#10064,.T.);
#10062 = VERTEX_POINT('',#10063);
#10063 = CARTESIAN_POINT('',(-2.130665001531,2.776736691019,3.));
#10064 = SURFACE_CURVE('',#10065,(#10069,#10076),.PCURVE_S1.);
#10065 = LINE('',#10066,#10067);
#10066 = CARTESIAN_POINT('',(-2.130665001531,2.776736691019,-4.5));
#10067 = VECTOR('',#10068,1.);
#10068 = DIRECTION('',(0.,0.,1.));
#10069 = PCURVE('',#3576,#10070);
#10070 = DEFINITIONAL_REPRESENTATION('',(#10071),#10075);
#10071 = LINE('',#10072,#10073);
#10072 = CARTESIAN_POINT('',(0.,0.));
#10073 = VECTOR('',#10074,1.);
#10074 = DIRECTION('',(0.,-1.));
#10075 = ( GEOMETRIC_REPRESENTATION_CONTEXT(2) 
PARAMETRIC_REPRESENTATION_CONTEXT() REPRESENTATION_CONTEXT('2D SPACE',''
  ) );
#10076 = PCURVE('',#3604,#10077);
#10077 = DEFINITIONAL_REPRESENTATION('',(#10078),#10082);
#10078 = LINE('',#10079,#10080);
#10079 = CARTESIAN_POINT('',(1.140547446702,0.));
#10080 = VECTOR('',#10081,1.);
#10081 = DIRECTION('',(0.,-1.));
#10082 = ( GEOMETRIC_REPRESENTATION_CONTEXT(2) 
PARAMETRIC_REPRESENTATION_CONTEXT() REPRESENTATION_CONTEXT('2D SPACE',''
  ) );
#10083 = ORIENTED_EDGE('',*,*,#10084,.T.);
#10084 = EDGE_CURVE('',#10062,#10012,#10085,.T.);
#10085 = SURFACE_CURVE('',#10086,(#10090,#10097),.PCURVE_S1.);
#10086 = LINE('',#10087,#10088);
#10087 = CARTESIAN_POINT('',(-2.130665001531,2.776736691019,3.));
#10088 = VECTOR('',#10089,1.);
#10089 = DIRECTION('',(-0.751839807479,-0.6593458151,0.));
#10090 = PCURVE('',#3576,#10091);
#10091 = DEFINITIONAL_REPRESENTATION('',(#10092),#10096);
#10092 = LINE('',#10093,#10094);
#10093 = CARTESIAN_POINT('',(0.,-7.5));
#10094 = VECTOR('',#10095,1.);
#10095 = DIRECTION('',(1.,0.));
#10096 = ( GEOMETRIC_REPRESENTATION_CONTEXT(2) 
PARAMETRIC_REPRESENTATION_CONTEXT() REPRESENTATION_CONTEXT('2D SPACE',''
  ) );
#10097 = PCURVE('',#9031,#10098);
#10098 = DEFINITIONAL_REPRESENTATION('',(#10099),#10103);
#10099 = LINE('',#10100,#10101);
#10100 = CARTESIAN_POINT('',(-2.130665001531,2.776736691019));
#10101 = VECTOR('',#10102,1.);
#10102 = DIRECTION('',(-0.751839807479,-0.6593458151));
#10103 = ( GEOMETRIC_REPRESENTATION_CONTEXT(2) 
PARAMETRIC_REPRESENTATION_CONTEXT() REPRESENTATION_CONTEXT('2D SPACE',''
  ) );
#10104 = ORIENTED_EDGE('',*,*,#10011,.F.);
#10105 = ORIENTED_EDGE('',*,*,#3560,.F.);
#10106 = ADVANCED_FACE('',(#10107),#3604,.F.);
#10107 = FACE_BOUND('',#10108,.F.);
#10108 = EDGE_LOOP('',(#10109,#10132,#10153,#10154));
#10109 = ORIENTED_EDGE('',*,*,#10110,.T.);
#10110 = EDGE_CURVE('',#3589,#10111,#10113,.T.);
#10111 = VERTEX_POINT('',#10112);
#10112 = CARTESIAN_POINT('',(-1.2125,2.100111604177,3.));
#10113 = SURFACE_CURVE('',#10114,(#10118,#10125),.PCURVE_S1.);
#10114 = LINE('',#10115,#10116);
#10115 = CARTESIAN_POINT('',(-1.2125,2.100111604177,-4.5));
#10116 = VECTOR('',#10117,1.);
#10117 = DIRECTION('',(0.,0.,1.));
#10118 = PCURVE('',#3604,#10119);
#10119 = DEFINITIONAL_REPRESENTATION('',(#10120),#10124);
#10120 = LINE('',#10121,#10122);
#10121 = CARTESIAN_POINT('',(0.,0.));
#10122 = VECTOR('',#10123,1.);
#10123 = DIRECTION('',(0.,-1.));
#10124 = ( GEOMETRIC_REPRESENTATION_CONTEXT(2) 
PARAMETRIC_REPRESENTATION_CONTEXT() REPRESENTATION_CONTEXT('2D SPACE',''
  ) );
#10125 = PCURVE('',#3632,#10126);
#10126 = DEFINITIONAL_REPRESENTATION('',(#10127),#10131);
#10127 = LINE('',#10128,#10129);
#10128 = CARTESIAN_POINT('',(0.317205176766,0.));
#10129 = VECTOR('',#10130,1.);
#10130 = DIRECTION('',(0.,-1.));
#10131 = ( GEOMETRIC_REPRESENTATION_CONTEXT(2) 
PARAMETRIC_REPRESENTATION_CONTEXT() REPRESENTATION_CONTEXT('2D SPACE',''
  ) );
#10132 = ORIENTED_EDGE('',*,*,#10133,.T.);
#10133 = EDGE_CURVE('',#10111,#10062,#10134,.T.);
#10134 = SURFACE_CURVE('',#10135,(#10139,#10146),.PCURVE_S1.);
#10135 = LINE('',#10136,#10137);
#10136 = CARTESIAN_POINT('',(-1.2125,2.100111604177,3.));
#10137 = VECTOR('',#10138,1.);
#10138 = DIRECTION('',(-0.805021311639,0.593245891522,0.));
#10139 = PCURVE('',#3604,#10140);
#10140 = DEFINITIONAL_REPRESENTATION('',(#10141),#10145);
#10141 = LINE('',#10142,#10143);
#10142 = CARTESIAN_POINT('',(0.,-7.5));
#10143 = VECTOR('',#10144,1.);
#10144 = DIRECTION('',(1.,0.));
#10145 = ( GEOMETRIC_REPRESENTATION_CONTEXT(2) 
PARAMETRIC_REPRESENTATION_CONTEXT() REPRESENTATION_CONTEXT('2D SPACE',''
  ) );
#10146 = PCURVE('',#9031,#10147);
#10147 = DEFINITIONAL_REPRESENTATION('',(#10148),#10152);
#10148 = LINE('',#10149,#10150);
#10149 = CARTESIAN_POINT('',(-1.2125,2.100111604177));
#10150 = VECTOR('',#10151,1.);
#10151 = DIRECTION('',(-0.805021311639,0.593245891522));
#10152 = ( GEOMETRIC_REPRESENTATION_CONTEXT(2) 
PARAMETRIC_REPRESENTATION_CONTEXT() REPRESENTATION_CONTEXT('2D SPACE',''
  ) );
#10153 = ORIENTED_EDGE('',*,*,#10061,.F.);
#10154 = ORIENTED_EDGE('',*,*,#3588,.F.);
#10155 = ADVANCED_FACE('',(#10156),#3632,.F.);
#10156 = FACE_BOUND('',#10157,.F.);
#10157 = EDGE_LOOP('',(#10158,#10181,#10202,#10203,#10204));
#10158 = ORIENTED_EDGE('',*,*,#10159,.T.);
#10159 = EDGE_CURVE('',#8517,#10160,#10162,.T.);
#10160 = VERTEX_POINT('',#10161);
#10161 = CARTESIAN_POINT('',(-0.928007323485,2.24040786634,3.));
#10162 = SURFACE_CURVE('',#10163,(#10167,#10174),.PCURVE_S1.);
#10163 = LINE('',#10164,#10165);
#10164 = CARTESIAN_POINT('',(-0.928007323485,2.24040786634,-4.5));
#10165 = VECTOR('',#10166,1.);
#10166 = DIRECTION('',(0.,0.,1.));
#10167 = PCURVE('',#3632,#10168);
#10168 = DEFINITIONAL_REPRESENTATION('',(#10169),#10173);
#10169 = LINE('',#10170,#10171);
#10170 = CARTESIAN_POINT('',(0.,0.));
#10171 = VECTOR('',#10172,1.);
#10172 = DIRECTION('',(0.,-1.));
#10173 = ( GEOMETRIC_REPRESENTATION_CONTEXT(2) 
PARAMETRIC_REPRESENTATION_CONTEXT() REPRESENTATION_CONTEXT('2D SPACE',''
  ) );
#10174 = PCURVE('',#4088,#10175);
#10175 = DEFINITIONAL_REPRESENTATION('',(#10176),#10180);
#10176 = LINE('',#10177,#10178);
#10177 = CARTESIAN_POINT('',(1.140547446702,0.));
#10178 = VECTOR('',#10179,1.);
#10179 = DIRECTION('',(0.,-1.));
#10180 = ( GEOMETRIC_REPRESENTATION_CONTEXT(2) 
PARAMETRIC_REPRESENTATION_CONTEXT() REPRESENTATION_CONTEXT('2D SPACE',''
  ) );
#10181 = ORIENTED_EDGE('',*,*,#10182,.T.);
#10182 = EDGE_CURVE('',#10160,#10111,#10183,.T.);
#10183 = SURFACE_CURVE('',#10184,(#10188,#10195),.PCURVE_S1.);
#10184 = LINE('',#10185,#10186);
#10185 = CARTESIAN_POINT('',(-0.928007323485,2.24040786634,3.));
#10186 = VECTOR('',#10187,1.);
#10187 = DIRECTION('',(-0.896872741533,-0.442288690219,0.));
#10188 = PCURVE('',#3632,#10189);
#10189 = DEFINITIONAL_REPRESENTATION('',(#10190),#10194);
#10190 = LINE('',#10191,#10192);
#10191 = CARTESIAN_POINT('',(0.,-7.5));
#10192 = VECTOR('',#10193,1.);
#10193 = DIRECTION('',(1.,0.));
#10194 = ( GEOMETRIC_REPRESENTATION_CONTEXT(2) 
PARAMETRIC_REPRESENTATION_CONTEXT() REPRESENTATION_CONTEXT('2D SPACE',''
  ) );
#10195 = PCURVE('',#9031,#10196);
#10196 = DEFINITIONAL_REPRESENTATION('',(#10197),#10201);
#10197 = LINE('',#10198,#10199);
#10198 = CARTESIAN_POINT('',(-0.928007323485,2.24040786634));
#10199 = VECTOR('',#10200,1.);
#10200 = DIRECTION('',(-0.896872741533,-0.442288690219));
#10201 = ( GEOMETRIC_REPRESENTATION_CONTEXT(2) 
PARAMETRIC_REPRESENTATION_CONTEXT() REPRESENTATION_CONTEXT('2D SPACE',''
  ) );
#10202 = ORIENTED_EDGE('',*,*,#10110,.F.);
#10203 = ORIENTED_EDGE('',*,*,#3616,.F.);
#10204 = ORIENTED_EDGE('',*,*,#8516,.F.);
#10205 = ADVANCED_FACE('',(#10206),#4088,.F.);
#10206 = FACE_BOUND('',#10207,.F.);
#10207 = EDGE_LOOP('',(#10208,#10231,#10252,#10253,#10254));
#10208 = ORIENTED_EDGE('',*,*,#10209,.T.);
#10209 = EDGE_CURVE('',#4073,#10210,#10212,.T.);
#10210 = VERTEX_POINT('',#10211);
#10211 = CARTESIAN_POINT('',(-0.905866657859,3.380740392012,3.));
#10212 = SURFACE_CURVE('',#10213,(#10217,#10224),.PCURVE_S1.);
#10213 = LINE('',#10214,#10215);
#10214 = CARTESIAN_POINT('',(-0.905866657859,3.380740392012,-4.5));
#10215 = VECTOR('',#10216,1.);
#10216 = DIRECTION('',(0.,0.,1.));
#10217 = PCURVE('',#4088,#10218);
#10218 = DEFINITIONAL_REPRESENTATION('',(#10219),#10223);
#10219 = LINE('',#10220,#10221);
#10220 = CARTESIAN_POINT('',(0.,0.));
#10221 = VECTOR('',#10222,1.);
#10222 = DIRECTION('',(0.,-1.));
#10223 = ( GEOMETRIC_REPRESENTATION_CONTEXT(2) 
PARAMETRIC_REPRESENTATION_CONTEXT() REPRESENTATION_CONTEXT('2D SPACE',''
  ) );
#10224 = PCURVE('',#4116,#10225);
#10225 = DEFINITIONAL_REPRESENTATION('',(#10226),#10230);
#10226 = LINE('',#10227,#10228);
#10227 = CARTESIAN_POINT('',(0.457821904611,0.));
#10228 = VECTOR('',#10229,1.);
#10229 = DIRECTION('',(0.,-1.));
#10230 = ( GEOMETRIC_REPRESENTATION_CONTEXT(2) 
PARAMETRIC_REPRESENTATION_CONTEXT() REPRESENTATION_CONTEXT('2D SPACE',''
  ) );
#10231 = ORIENTED_EDGE('',*,*,#10232,.T.);
#10232 = EDGE_CURVE('',#10210,#10160,#10233,.T.);
#10233 = SURFACE_CURVE('',#10234,(#10238,#10245),.PCURVE_S1.);
#10234 = LINE('',#10235,#10236);
#10235 = CARTESIAN_POINT('',(-0.905866657859,3.380740392012,3.));
#10236 = VECTOR('',#10237,1.);
#10237 = DIRECTION('',(-1.941231440264E-02,-0.999811563271,0.));
#10238 = PCURVE('',#4088,#10239);
#10239 = DEFINITIONAL_REPRESENTATION('',(#10240),#10244);
#10240 = LINE('',#10241,#10242);
#10241 = CARTESIAN_POINT('',(0.,-7.5));
#10242 = VECTOR('',#10243,1.);
#10243 = DIRECTION('',(1.,0.));
#10244 = ( GEOMETRIC_REPRESENTATION_CONTEXT(2) 
PARAMETRIC_REPRESENTATION_CONTEXT() REPRESENTATION_CONTEXT('2D SPACE',''
  ) );
#10245 = PCURVE('',#9031,#10246);
#10246 = DEFINITIONAL_REPRESENTATION('',(#10247),#10251);
#10247 = LINE('',#10248,#10249);
#10248 = CARTESIAN_POINT('',(-0.905866657859,3.380740392012));
#10249 = VECTOR('',#10250,1.);
#10250 = DIRECTION('',(-1.941231440264E-02,-0.999811563271));
#10251 = ( GEOMETRIC_REPRESENTATION_CONTEXT(2) 
PARAMETRIC_REPRESENTATION_CONTEXT() REPRESENTATION_CONTEXT('2D SPACE',''
  ) );
#10252 = ORIENTED_EDGE('',*,*,#10159,.F.);
#10253 = ORIENTED_EDGE('',*,*,#8539,.F.);
#10254 = ORIENTED_EDGE('',*,*,#4072,.F.);
#10255 = ADVANCED_FACE('',(#10256),#4116,.F.);
#10256 = FACE_BOUND('',#10257,.F.);
#10257 = EDGE_LOOP('',(#10258,#10281,#10302,#10303));
#10258 = ORIENTED_EDGE('',*,*,#10259,.T.);
#10259 = EDGE_CURVE('',#4101,#10260,#10262,.T.);
#10260 = VERTEX_POINT('',#10261);
#10261 = CARTESIAN_POINT('',(-0.45684167277,3.470057014808,3.));
#10262 = SURFACE_CURVE('',#10263,(#10267,#10274),.PCURVE_S1.);
#10263 = LINE('',#10264,#10265);
#10264 = CARTESIAN_POINT('',(-0.45684167277,3.470057014808,-4.5));
#10265 = VECTOR('',#10266,1.);
#10266 = DIRECTION('',(0.,0.,1.));
#10267 = PCURVE('',#4116,#10268);
#10268 = DEFINITIONAL_REPRESENTATION('',(#10269),#10273);
#10269 = LINE('',#10270,#10271);
#10270 = CARTESIAN_POINT('',(0.,0.));
#10271 = VECTOR('',#10272,1.);
#10272 = DIRECTION('',(0.,-1.));
#10273 = ( GEOMETRIC_REPRESENTATION_CONTEXT(2) 
PARAMETRIC_REPRESENTATION_CONTEXT() REPRESENTATION_CONTEXT('2D SPACE',''
  ) );
#10274 = PCURVE('',#4144,#10275);
#10275 = DEFINITIONAL_REPRESENTATION('',(#10276),#10280);
#10276 = LINE('',#10277,#10278);
#10277 = CARTESIAN_POINT('',(1.140547446702,0.));
#10278 = VECTOR('',#10279,1.);
#10279 = DIRECTION('',(0.,-1.));
#10280 = ( GEOMETRIC_REPRESENTATION_CONTEXT(2) 
PARAMETRIC_REPRESENTATION_CONTEXT() REPRESENTATION_CONTEXT('2D SPACE',''
  ) );
#10281 = ORIENTED_EDGE('',*,*,#10282,.T.);
#10282 = EDGE_CURVE('',#10260,#10210,#10283,.T.);
#10283 = SURFACE_CURVE('',#10284,(#10288,#10295),.PCURVE_S1.);
#10284 = LINE('',#10285,#10286);
#10285 = CARTESIAN_POINT('',(-0.45684167277,3.470057014808,3.));
#10286 = VECTOR('',#10287,1.);
#10287 = DIRECTION('',(-0.980785280403,-0.195090322016,0.));
#10288 = PCURVE('',#4116,#10289);
#10289 = DEFINITIONAL_REPRESENTATION('',(#10290),#10294);
#10290 = LINE('',#10291,#10292);
#10291 = CARTESIAN_POINT('',(0.,-7.5));
#10292 = VECTOR('',#10293,1.);
#10293 = DIRECTION('',(1.,0.));
#10294 = ( GEOMETRIC_REPRESENTATION_CONTEXT(2) 
PARAMETRIC_REPRESENTATION_CONTEXT() REPRESENTATION_CONTEXT('2D SPACE',''
  ) );
#10295 = PCURVE('',#9031,#10296);
#10296 = DEFINITIONAL_REPRESENTATION('',(#10297),#10301);
#10297 = LINE('',#10298,#10299);
#10298 = CARTESIAN_POINT('',(-0.45684167277,3.470057014808));
#10299 = VECTOR('',#10300,1.);
#10300 = DIRECTION('',(-0.980785280403,-0.195090322016));
#10301 = ( GEOMETRIC_REPRESENTATION_CONTEXT(2) 
PARAMETRIC_REPRESENTATION_CONTEXT() REPRESENTATION_CONTEXT('2D SPACE',''
  ) );
#10302 = ORIENTED_EDGE('',*,*,#10209,.F.);
#10303 = ORIENTED_EDGE('',*,*,#4100,.F.);
#10304 = ADVANCED_FACE('',(#10305),#4144,.F.);
#10305 = FACE_BOUND('',#10306,.F.);
#10306 = EDGE_LOOP('',(#10307,#10330,#10351,#10352,#10353));
#10307 = ORIENTED_EDGE('',*,*,#10308,.T.);
#10308 = EDGE_CURVE('',#8566,#10309,#10311,.T.);
#10309 = VERTEX_POINT('',#10310);
#10310 = CARTESIAN_POINT('',(1.484884243966E-16,2.425,3.));
#10311 = SURFACE_CURVE('',#10312,(#10316,#10323),.PCURVE_S1.);
#10312 = LINE('',#10313,#10314);
#10313 = CARTESIAN_POINT('',(1.484884243966E-16,2.425,-4.5));
#10314 = VECTOR('',#10315,1.);
#10315 = DIRECTION('',(0.,0.,1.));
#10316 = PCURVE('',#4144,#10317);
#10317 = DEFINITIONAL_REPRESENTATION('',(#10318),#10322);
#10318 = LINE('',#10319,#10320);
#10319 = CARTESIAN_POINT('',(0.,0.));
#10320 = VECTOR('',#10321,1.);
#10321 = DIRECTION('',(0.,-1.));
#10322 = ( GEOMETRIC_REPRESENTATION_CONTEXT(2) 
PARAMETRIC_REPRESENTATION_CONTEXT() REPRESENTATION_CONTEXT('2D SPACE',''
  ) );
#10323 = PCURVE('',#8604,#10324);
#10324 = DEFINITIONAL_REPRESENTATION('',(#10325),#10329);
#10325 = LINE('',#10326,#10327);
#10326 = CARTESIAN_POINT('',(0.317205176766,0.));
#10327 = VECTOR('',#10328,1.);
#10328 = DIRECTION('',(0.,-1.));
#10329 = ( GEOMETRIC_REPRESENTATION_CONTEXT(2) 
PARAMETRIC_REPRESENTATION_CONTEXT() REPRESENTATION_CONTEXT('2D SPACE',''
  ) );
#10330 = ORIENTED_EDGE('',*,*,#10331,.T.);
#10331 = EDGE_CURVE('',#10309,#10260,#10332,.T.);
#10332 = SURFACE_CURVE('',#10333,(#10337,#10344),.PCURVE_S1.);
#10333 = LINE('',#10334,#10335);
#10334 = CARTESIAN_POINT('',(1.484884243966E-16,2.425,3.));
#10335 = VECTOR('',#10336,1.);
#10336 = DIRECTION('',(-0.400545960706,0.916276668568,0.));
#10337 = PCURVE('',#4144,#10338);
#10338 = DEFINITIONAL_REPRESENTATION('',(#10339),#10343);
#10339 = LINE('',#10340,#10341);
#10340 = CARTESIAN_POINT('',(0.,-7.5));
#10341 = VECTOR('',#10342,1.);
#10342 = DIRECTION('',(1.,0.));
#10343 = ( GEOMETRIC_REPRESENTATION_CONTEXT(2) 
PARAMETRIC_REPRESENTATION_CONTEXT() REPRESENTATION_CONTEXT('2D SPACE',''
  ) );
#10344 = PCURVE('',#9031,#10345);
#10345 = DEFINITIONAL_REPRESENTATION('',(#10346),#10350);
#10346 = LINE('',#10347,#10348);
#10347 = CARTESIAN_POINT('',(-6.342396098655E-17,2.425));
#10348 = VECTOR('',#10349,1.);
#10349 = DIRECTION('',(-0.400545960706,0.916276668568));
#10350 = ( GEOMETRIC_REPRESENTATION_CONTEXT(2) 
PARAMETRIC_REPRESENTATION_CONTEXT() REPRESENTATION_CONTEXT('2D SPACE',''
  ) );
#10351 = ORIENTED_EDGE('',*,*,#10259,.F.);
#10352 = ORIENTED_EDGE('',*,*,#4128,.F.);
#10353 = ORIENTED_EDGE('',*,*,#8565,.F.);
#10354 = ADVANCED_FACE('',(#10355),#4600,.F.);
#10355 = FACE_BOUND('',#10356,.F.);
#10356 = EDGE_LOOP('',(#10357,#10380,#10403,#10424,#10425));
#10357 = ORIENTED_EDGE('',*,*,#10358,.T.);
#10358 = EDGE_CURVE('',#4585,#10359,#10361,.T.);
#10359 = VERTEX_POINT('',#10360);
#10360 = CARTESIAN_POINT('',(0.905866657859,3.380740392012,3.));
#10361 = SURFACE_CURVE('',#10362,(#10366,#10373),.PCURVE_S1.);
#10362 = LINE('',#10363,#10364);
#10363 = CARTESIAN_POINT('',(0.905866657859,3.380740392012,-4.5));
#10364 = VECTOR('',#10365,1.);
#10365 = DIRECTION('',(0.,0.,1.));
#10366 = PCURVE('',#4600,#10367);
#10367 = DEFINITIONAL_REPRESENTATION('',(#10368),#10372);
#10368 = LINE('',#10369,#10370);
#10369 = CARTESIAN_POINT('',(0.,0.));
#10370 = VECTOR('',#10371,1.);
#10371 = DIRECTION('',(0.,-1.));
#10372 = ( GEOMETRIC_REPRESENTATION_CONTEXT(2) 
PARAMETRIC_REPRESENTATION_CONTEXT() REPRESENTATION_CONTEXT('2D SPACE',''
  ) );
#10373 = PCURVE('',#4628,#10374);
#10374 = DEFINITIONAL_REPRESENTATION('',(#10375),#10379);
#10375 = LINE('',#10376,#10377);
#10376 = CARTESIAN_POINT('',(0.457821904611,0.));
#10377 = VECTOR('',#10378,1.);
#10378 = DIRECTION('',(0.,-1.));
#10379 = ( GEOMETRIC_REPRESENTATION_CONTEXT(2) 
PARAMETRIC_REPRESENTATION_CONTEXT() REPRESENTATION_CONTEXT('2D SPACE',''
  ) );
#10380 = ORIENTED_EDGE('',*,*,#10381,.T.);
#10381 = EDGE_CURVE('',#10359,#10382,#10384,.T.);
#10382 = VERTEX_POINT('',#10383);
#10383 = CARTESIAN_POINT('',(0.316526016134,2.404253788831,3.));
#10384 = SURFACE_CURVE('',#10385,(#10389,#10396),.PCURVE_S1.);
#10385 = LINE('',#10386,#10387);
#10386 = CARTESIAN_POINT('',(0.905866657859,3.380740392012,3.));
#10387 = VECTOR('',#10388,1.);
#10388 = DIRECTION('',(-0.516717339054,-0.856156055588,0.));
#10389 = PCURVE('',#4600,#10390);
#10390 = DEFINITIONAL_REPRESENTATION('',(#10391),#10395);
#10391 = LINE('',#10392,#10393);
#10392 = CARTESIAN_POINT('',(0.,-7.5));
#10393 = VECTOR('',#10394,1.);
#10394 = DIRECTION('',(1.,0.));
#10395 = ( GEOMETRIC_REPRESENTATION_CONTEXT(2) 
PARAMETRIC_REPRESENTATION_CONTEXT() REPRESENTATION_CONTEXT('2D SPACE',''
  ) );
#10396 = PCURVE('',#9031,#10397);
#10397 = DEFINITIONAL_REPRESENTATION('',(#10398),#10402);
#10398 = LINE('',#10399,#10400);
#10399 = CARTESIAN_POINT('',(0.905866657859,3.380740392012));
#10400 = VECTOR('',#10401,1.);
#10401 = DIRECTION('',(-0.516717339054,-0.856156055588));
#10402 = ( GEOMETRIC_REPRESENTATION_CONTEXT(2) 
PARAMETRIC_REPRESENTATION_CONTEXT() REPRESENTATION_CONTEXT('2D SPACE',''
  ) );
#10403 = ORIENTED_EDGE('',*,*,#10404,.F.);
#10404 = EDGE_CURVE('',#8589,#10382,#10405,.T.);
#10405 = SURFACE_CURVE('',#10406,(#10410,#10417),.PCURVE_S1.);
#10406 = LINE('',#10407,#10408);
#10407 = CARTESIAN_POINT('',(0.316526016134,2.404253788831,-4.5));
#10408 = VECTOR('',#10409,1.);
#10409 = DIRECTION('',(0.,0.,1.));
#10410 = PCURVE('',#4600,#10411);
#10411 = DEFINITIONAL_REPRESENTATION('',(#10412),#10416);
#10412 = LINE('',#10413,#10414);
#10413 = CARTESIAN_POINT('',(1.140547446702,0.));
#10414 = VECTOR('',#10415,1.);
#10415 = DIRECTION('',(0.,-1.));
#10416 = ( GEOMETRIC_REPRESENTATION_CONTEXT(2) 
PARAMETRIC_REPRESENTATION_CONTEXT() REPRESENTATION_CONTEXT('2D SPACE',''
  ) );
#10417 = PCURVE('',#8604,#10418);
#10418 = DEFINITIONAL_REPRESENTATION('',(#10419),#10423);
#10419 = LINE('',#10420,#10421);
#10420 = CARTESIAN_POINT('',(0.,0.));
#10421 = VECTOR('',#10422,1.);
#10422 = DIRECTION('',(0.,-1.));
#10423 = ( GEOMETRIC_REPRESENTATION_CONTEXT(2) 
PARAMETRIC_REPRESENTATION_CONTEXT() REPRESENTATION_CONTEXT('2D SPACE',''
  ) );
#10424 = ORIENTED_EDGE('',*,*,#8616,.F.);
#10425 = ORIENTED_EDGE('',*,*,#4584,.F.);
#10426 = ADVANCED_FACE('',(#10427),#8604,.F.);
#10427 = FACE_BOUND('',#10428,.F.);
#10428 = EDGE_LOOP('',(#10429,#10430,#10451,#10452));
#10429 = ORIENTED_EDGE('',*,*,#10404,.T.);
#10430 = ORIENTED_EDGE('',*,*,#10431,.T.);
#10431 = EDGE_CURVE('',#10382,#10309,#10432,.T.);
#10432 = SURFACE_CURVE('',#10433,(#10437,#10444),.PCURVE_S1.);
#10433 = LINE('',#10434,#10435);
#10434 = CARTESIAN_POINT('',(0.316526016134,2.404253788831,3.));
#10435 = VECTOR('',#10436,1.);
#10436 = DIRECTION('',(-0.997858923239,6.540312923014E-02,0.));
#10437 = PCURVE('',#8604,#10438);
#10438 = DEFINITIONAL_REPRESENTATION('',(#10439),#10443);
#10439 = LINE('',#10440,#10441);
#10440 = CARTESIAN_POINT('',(0.,-7.5));
#10441 = VECTOR('',#10442,1.);
#10442 = DIRECTION('',(1.,0.));
#10443 = ( GEOMETRIC_REPRESENTATION_CONTEXT(2) 
PARAMETRIC_REPRESENTATION_CONTEXT() REPRESENTATION_CONTEXT('2D SPACE',''
  ) );
#10444 = PCURVE('',#9031,#10445);
#10445 = DEFINITIONAL_REPRESENTATION('',(#10446),#10450);
#10446 = LINE('',#10447,#10448);
#10447 = CARTESIAN_POINT('',(0.316526016134,2.404253788831));
#10448 = VECTOR('',#10449,1.);
#10449 = DIRECTION('',(-0.997858923239,6.540312923014E-02));
#10450 = ( GEOMETRIC_REPRESENTATION_CONTEXT(2) 
PARAMETRIC_REPRESENTATION_CONTEXT() REPRESENTATION_CONTEXT('2D SPACE',''
  ) );
#10451 = ORIENTED_EDGE('',*,*,#10308,.F.);
#10452 = ORIENTED_EDGE('',*,*,#8588,.F.);
#10453 = ADVANCED_FACE('',(#10454),#4628,.F.);
#10454 = FACE_BOUND('',#10455,.F.);
#10455 = EDGE_LOOP('',(#10456,#10479,#10500,#10501));
#10456 = ORIENTED_EDGE('',*,*,#10457,.T.);
#10457 = EDGE_CURVE('',#4613,#10458,#10460,.T.);
#10458 = VERTEX_POINT('',#10459);
#10459 = CARTESIAN_POINT('',(1.339392013278,3.23357836379,3.));
#10460 = SURFACE_CURVE('',#10461,(#10465,#10472),.PCURVE_S1.);
#10461 = LINE('',#10462,#10463);
#10462 = CARTESIAN_POINT('',(1.339392013278,3.23357836379,-4.5));
#10463 = VECTOR('',#10464,1.);
#10464 = DIRECTION('',(0.,0.,1.));
#10465 = PCURVE('',#4628,#10466);
#10466 = DEFINITIONAL_REPRESENTATION('',(#10467),#10471);
#10467 = LINE('',#10468,#10469);
#10468 = CARTESIAN_POINT('',(0.,0.));
#10469 = VECTOR('',#10470,1.);
#10470 = DIRECTION('',(0.,-1.));
#10471 = ( GEOMETRIC_REPRESENTATION_CONTEXT(2) 
PARAMETRIC_REPRESENTATION_CONTEXT() REPRESENTATION_CONTEXT('2D SPACE',''
  ) );
#10472 = PCURVE('',#4656,#10473);
#10473 = DEFINITIONAL_REPRESENTATION('',(#10474),#10478);
#10474 = LINE('',#10475,#10476);
#10475 = CARTESIAN_POINT('',(1.140547446702,0.));
#10476 = VECTOR('',#10477,1.);
#10477 = DIRECTION('',(0.,-1.));
#10478 = ( GEOMETRIC_REPRESENTATION_CONTEXT(2) 
PARAMETRIC_REPRESENTATION_CONTEXT() REPRESENTATION_CONTEXT('2D SPACE',''
  ) );
#10479 = ORIENTED_EDGE('',*,*,#10480,.T.);
#10480 = EDGE_CURVE('',#10458,#10359,#10481,.T.);
#10481 = SURFACE_CURVE('',#10482,(#10486,#10493),.PCURVE_S1.);
#10482 = LINE('',#10483,#10484);
#10483 = CARTESIAN_POINT('',(1.339392013278,3.23357836379,3.));
#10484 = VECTOR('',#10485,1.);
#10485 = DIRECTION('',(-0.946930129495,0.321439465303,0.));
#10486 = PCURVE('',#4628,#10487);
#10487 = DEFINITIONAL_REPRESENTATION('',(#10488),#10492);
#10488 = LINE('',#10489,#10490);
#10489 = CARTESIAN_POINT('',(0.,-7.5));
#10490 = VECTOR('',#10491,1.);
#10491 = DIRECTION('',(1.,0.));
#10492 = ( GEOMETRIC_REPRESENTATION_CONTEXT(2) 
PARAMETRIC_REPRESENTATION_CONTEXT() REPRESENTATION_CONTEXT('2D SPACE',''
  ) );
#10493 = PCURVE('',#9031,#10494);
#10494 = DEFINITIONAL_REPRESENTATION('',(#10495),#10499);
#10495 = LINE('',#10496,#10497);
#10496 = CARTESIAN_POINT('',(1.339392013278,3.23357836379));
#10497 = VECTOR('',#10498,1.);
#10498 = DIRECTION('',(-0.946930129495,0.321439465303));
#10499 = ( GEOMETRIC_REPRESENTATION_CONTEXT(2) 
PARAMETRIC_REPRESENTATION_CONTEXT() REPRESENTATION_CONTEXT('2D SPACE',''
  ) );
#10500 = ORIENTED_EDGE('',*,*,#10358,.F.);
#10501 = ORIENTED_EDGE('',*,*,#4612,.F.);
#10502 = ADVANCED_FACE('',(#10503),#4656,.F.);
#10503 = FACE_BOUND('',#10504,.F.);
#10504 = EDGE_LOOP('',(#10505,#10528,#10549,#10550,#10551));
#10505 = ORIENTED_EDGE('',*,*,#10506,.T.);
#10506 = EDGE_CURVE('',#8643,#10507,#10509,.T.);
#10507 = VERTEX_POINT('',#10508);
#10508 = CARTESIAN_POINT('',(1.2125,2.100111604177,3.));
#10509 = SURFACE_CURVE('',#10510,(#10514,#10521),.PCURVE_S1.);
#10510 = LINE('',#10511,#10512);
#10511 = CARTESIAN_POINT('',(1.2125,2.100111604177,-4.5));
#10512 = VECTOR('',#10513,1.);
#10513 = DIRECTION('',(0.,0.,1.));
#10514 = PCURVE('',#4656,#10515);
#10515 = DEFINITIONAL_REPRESENTATION('',(#10516),#10520);
#10516 = LINE('',#10517,#10518);
#10517 = CARTESIAN_POINT('',(0.,0.));
#10518 = VECTOR('',#10519,1.);
#10519 = DIRECTION('',(0.,-1.));
#10520 = ( GEOMETRIC_REPRESENTATION_CONTEXT(2) 
PARAMETRIC_REPRESENTATION_CONTEXT() REPRESENTATION_CONTEXT('2D SPACE',''
  ) );
#10521 = PCURVE('',#8681,#10522);
#10522 = DEFINITIONAL_REPRESENTATION('',(#10523),#10527);
#10523 = LINE('',#10524,#10525);
#10524 = CARTESIAN_POINT('',(0.317205176766,0.));
#10525 = VECTOR('',#10526,1.);
#10526 = DIRECTION('',(0.,-1.));
#10527 = ( GEOMETRIC_REPRESENTATION_CONTEXT(2) 
PARAMETRIC_REPRESENTATION_CONTEXT() REPRESENTATION_CONTEXT('2D SPACE',''
  ) );
#10528 = ORIENTED_EDGE('',*,*,#10529,.T.);
#10529 = EDGE_CURVE('',#10507,#10458,#10530,.T.);
#10530 = SURFACE_CURVE('',#10531,(#10535,#10542),.PCURVE_S1.);
#10531 = LINE('',#10532,#10533);
#10532 = CARTESIAN_POINT('',(1.2125,2.100111604177,3.));
#10533 = VECTOR('',#10534,1.);
#10534 = DIRECTION('',(0.111255356929,0.993791852228,0.));
#10535 = PCURVE('',#4656,#10536);
#10536 = DEFINITIONAL_REPRESENTATION('',(#10537),#10541);
#10537 = LINE('',#10538,#10539);
#10538 = CARTESIAN_POINT('',(0.,-7.5));
#10539 = VECTOR('',#10540,1.);
#10540 = DIRECTION('',(1.,0.));
#10541 = ( GEOMETRIC_REPRESENTATION_CONTEXT(2) 
PARAMETRIC_REPRESENTATION_CONTEXT() REPRESENTATION_CONTEXT('2D SPACE',''
  ) );
#10542 = PCURVE('',#9031,#10543);
#10543 = DEFINITIONAL_REPRESENTATION('',(#10544),#10548);
#10544 = LINE('',#10545,#10546);
#10545 = CARTESIAN_POINT('',(1.2125,2.100111604177));
#10546 = VECTOR('',#10547,1.);
#10547 = DIRECTION('',(0.111255356929,0.993791852228));
#10548 = ( GEOMETRIC_REPRESENTATION_CONTEXT(2) 
PARAMETRIC_REPRESENTATION_CONTEXT() REPRESENTATION_CONTEXT('2D SPACE',''
  ) );
#10549 = ORIENTED_EDGE('',*,*,#10457,.F.);
#10550 = ORIENTED_EDGE('',*,*,#4640,.F.);
#10551 = ORIENTED_EDGE('',*,*,#8642,.F.);
#10552 = ADVANCED_FACE('',(#10553),#5507,.F.);
#10553 = FACE_BOUND('',#10554,.F.);
#10554 = EDGE_LOOP('',(#10555,#10578,#10601,#10622,#10623));
#10555 = ORIENTED_EDGE('',*,*,#10556,.T.);
#10556 = EDGE_CURVE('',#5492,#10557,#10559,.T.);
#10557 = VERTEX_POINT('',#10558);
#10558 = CARTESIAN_POINT('',(2.474873734153,2.474873734153,3.));
#10559 = SURFACE_CURVE('',#10560,(#10564,#10571),.PCURVE_S1.);
#10560 = LINE('',#10561,#10562);
#10561 = CARTESIAN_POINT('',(2.474873734153,2.474873734153,-4.5));
#10562 = VECTOR('',#10563,1.);
#10563 = DIRECTION('',(0.,0.,1.));
#10564 = PCURVE('',#5507,#10565);
#10565 = DEFINITIONAL_REPRESENTATION('',(#10566),#10570);
#10566 = LINE('',#10567,#10568);
#10567 = CARTESIAN_POINT('',(0.,0.));
#10568 = VECTOR('',#10569,1.);
#10569 = DIRECTION('',(0.,-1.));
#10570 = ( GEOMETRIC_REPRESENTATION_CONTEXT(2) 
PARAMETRIC_REPRESENTATION_CONTEXT() REPRESENTATION_CONTEXT('2D SPACE',''
  ) );
#10571 = PCURVE('',#5535,#10572);
#10572 = DEFINITIONAL_REPRESENTATION('',(#10573),#10577);
#10573 = LINE('',#10574,#10575);
#10574 = CARTESIAN_POINT('',(0.457821904611,0.));
#10575 = VECTOR('',#10576,1.);
#10576 = DIRECTION('',(0.,-1.));
#10577 = ( GEOMETRIC_REPRESENTATION_CONTEXT(2) 
PARAMETRIC_REPRESENTATION_CONTEXT() REPRESENTATION_CONTEXT('2D SPACE',''
  ) );
#10578 = ORIENTED_EDGE('',*,*,#10579,.T.);
#10579 = EDGE_CURVE('',#10557,#10580,#10582,.T.);
#10580 = VERTEX_POINT('',#10581);
#10581 = CARTESIAN_POINT('',(1.476246465346,1.923881850206,3.));
#10582 = SURFACE_CURVE('',#10583,(#10587,#10594),.PCURVE_S1.);
#10583 = LINE('',#10584,#10585);
#10584 = CARTESIAN_POINT('',(2.474873734153,2.474873734153,3.));
#10585 = VECTOR('',#10586,1.);
#10586 = DIRECTION('',(-0.875568369991,-0.483094224216,0.));
#10587 = PCURVE('',#5507,#10588);
#10588 = DEFINITIONAL_REPRESENTATION('',(#10589),#10593);
#10589 = LINE('',#10590,#10591);
#10590 = CARTESIAN_POINT('',(0.,-7.5));
#10591 = VECTOR('',#10592,1.);
#10592 = DIRECTION('',(1.,0.));
#10593 = ( GEOMETRIC_REPRESENTATION_CONTEXT(2) 
PARAMETRIC_REPRESENTATION_CONTEXT() REPRESENTATION_CONTEXT('2D SPACE',''
  ) );
#10594 = PCURVE('',#9031,#10595);
#10595 = DEFINITIONAL_REPRESENTATION('',(#10596),#10600);
#10596 = LINE('',#10597,#10598);
#10597 = CARTESIAN_POINT('',(2.474873734153,2.474873734153));
#10598 = VECTOR('',#10599,1.);
#10599 = DIRECTION('',(-0.875568369991,-0.483094224216));
#10600 = ( GEOMETRIC_REPRESENTATION_CONTEXT(2) 
PARAMETRIC_REPRESENTATION_CONTEXT() REPRESENTATION_CONTEXT('2D SPACE',''
  ) );
#10601 = ORIENTED_EDGE('',*,*,#10602,.F.);
#10602 = EDGE_CURVE('',#8666,#10580,#10603,.T.);
#10603 = SURFACE_CURVE('',#10604,(#10608,#10615),.PCURVE_S1.);
#10604 = LINE('',#10605,#10606);
#10605 = CARTESIAN_POINT('',(1.476246465346,1.923881850206,-4.5));
#10606 = VECTOR('',#10607,1.);
#10607 = DIRECTION('',(0.,0.,1.));
#10608 = PCURVE('',#5507,#10609);
#10609 = DEFINITIONAL_REPRESENTATION('',(#10610),#10614);
#10610 = LINE('',#10611,#10612);
#10611 = CARTESIAN_POINT('',(1.140547446702,0.));
#10612 = VECTOR('',#10613,1.);
#10613 = DIRECTION('',(0.,-1.));
#10614 = ( GEOMETRIC_REPRESENTATION_CONTEXT(2) 
PARAMETRIC_REPRESENTATION_CONTEXT() REPRESENTATION_CONTEXT('2D SPACE',''
  ) );
#10615 = PCURVE('',#8681,#10616);
#10616 = DEFINITIONAL_REPRESENTATION('',(#10617),#10621);
#10617 = LINE('',#10618,#10619);
#10618 = CARTESIAN_POINT('',(0.,0.));
#10619 = VECTOR('',#10620,1.);
#10620 = DIRECTION('',(0.,-1.));
#10621 = ( GEOMETRIC_REPRESENTATION_CONTEXT(2) 
PARAMETRIC_REPRESENTATION_CONTEXT() REPRESENTATION_CONTEXT('2D SPACE',''
  ) );
#10622 = ORIENTED_EDGE('',*,*,#8693,.F.);
#10623 = ORIENTED_EDGE('',*,*,#5491,.F.);
#10624 = ADVANCED_FACE('',(#10625),#8681,.F.);
#10625 = FACE_BOUND('',#10626,.F.);
#10626 = EDGE_LOOP('',(#10627,#10628,#10649,#10650));
#10627 = ORIENTED_EDGE('',*,*,#10602,.T.);
#10628 = ORIENTED_EDGE('',*,*,#10629,.T.);
#10629 = EDGE_CURVE('',#10580,#10507,#10630,.T.);
#10630 = SURFACE_CURVE('',#10631,(#10635,#10642),.PCURVE_S1.);
#10631 = LINE('',#10632,#10633);
#10632 = CARTESIAN_POINT('',(1.476246465346,1.923881850206,3.));
#10633 = VECTOR('',#10634,1.);
#10634 = DIRECTION('',(-0.831469612303,0.55557023302,0.));
#10635 = PCURVE('',#8681,#10636);
#10636 = DEFINITIONAL_REPRESENTATION('',(#10637),#10641);
#10637 = LINE('',#10638,#10639);
#10638 = CARTESIAN_POINT('',(0.,-7.5));
#10639 = VECTOR('',#10640,1.);
#10640 = DIRECTION('',(1.,0.));
#10641 = ( GEOMETRIC_REPRESENTATION_CONTEXT(2) 
PARAMETRIC_REPRESENTATION_CONTEXT() REPRESENTATION_CONTEXT('2D SPACE',''
  ) );
#10642 = PCURVE('',#9031,#10643);
#10643 = DEFINITIONAL_REPRESENTATION('',(#10644),#10648);
#10644 = LINE('',#10645,#10646);
#10645 = CARTESIAN_POINT('',(1.476246465346,1.923881850206));
#10646 = VECTOR('',#10647,1.);
#10647 = DIRECTION('',(-0.831469612303,0.55557023302));
#10648 = ( GEOMETRIC_REPRESENTATION_CONTEXT(2) 
PARAMETRIC_REPRESENTATION_CONTEXT() REPRESENTATION_CONTEXT('2D SPACE',''
  ) );
#10649 = ORIENTED_EDGE('',*,*,#10506,.F.);
#10650 = ORIENTED_EDGE('',*,*,#8665,.F.);
#10651 = ADVANCED_FACE('',(#10652),#5535,.F.);
#10652 = FACE_BOUND('',#10653,.F.);
#10653 = EDGE_LOOP('',(#10654,#10677,#10698,#10699));
#10654 = ORIENTED_EDGE('',*,*,#10655,.T.);
#10655 = EDGE_CURVE('',#5520,#10656,#10658,.T.);
#10656 = VERTEX_POINT('',#10657);
#10657 = CARTESIAN_POINT('',(2.776736691019,2.130665001531,3.));
#10658 = SURFACE_CURVE('',#10659,(#10663,#10670),.PCURVE_S1.);
#10659 = LINE('',#10660,#10661);
#10660 = CARTESIAN_POINT('',(2.776736691019,2.130665001531,-4.5));
#10661 = VECTOR('',#10662,1.);
#10662 = DIRECTION('',(0.,0.,1.));
#10663 = PCURVE('',#5535,#10664);
#10664 = DEFINITIONAL_REPRESENTATION('',(#10665),#10669);
#10665 = LINE('',#10666,#10667);
#10666 = CARTESIAN_POINT('',(0.,0.));
#10667 = VECTOR('',#10668,1.);
#10668 = DIRECTION('',(0.,-1.));
#10669 = ( GEOMETRIC_REPRESENTATION_CONTEXT(2) 
PARAMETRIC_REPRESENTATION_CONTEXT() REPRESENTATION_CONTEXT('2D SPACE',''
  ) );
#10670 = PCURVE('',#5563,#10671);
#10671 = DEFINITIONAL_REPRESENTATION('',(#10672),#10676);
#10672 = LINE('',#10673,#10674);
#10673 = CARTESIAN_POINT('',(1.140547446702,0.));
#10674 = VECTOR('',#10675,1.);
#10675 = DIRECTION('',(0.,-1.));
#10676 = ( GEOMETRIC_REPRESENTATION_CONTEXT(2) 
PARAMETRIC_REPRESENTATION_CONTEXT() REPRESENTATION_CONTEXT('2D SPACE',''
  ) );
#10677 = ORIENTED_EDGE('',*,*,#10678,.T.);
#10678 = EDGE_CURVE('',#10656,#10557,#10679,.T.);
#10679 = SURFACE_CURVE('',#10680,(#10684,#10691),.PCURVE_S1.);
#10680 = LINE('',#10681,#10682);
#10681 = CARTESIAN_POINT('',(2.776736691019,2.130665001531,3.));
#10682 = VECTOR('',#10683,1.);
#10683 = DIRECTION('',(-0.6593458151,0.751839807479,0.));
#10684 = PCURVE('',#5535,#10685);
#10685 = DEFINITIONAL_REPRESENTATION('',(#10686),#10690);
#10686 = LINE('',#10687,#10688);
#10687 = CARTESIAN_POINT('',(0.,-7.5));
#10688 = VECTOR('',#10689,1.);
#10689 = DIRECTION('',(1.,0.));
#10690 = ( GEOMETRIC_REPRESENTATION_CONTEXT(2) 
PARAMETRIC_REPRESENTATION_CONTEXT() REPRESENTATION_CONTEXT('2D SPACE',''
  ) );
#10691 = PCURVE('',#9031,#10692);
#10692 = DEFINITIONAL_REPRESENTATION('',(#10693),#10697);
#10693 = LINE('',#10694,#10695);
#10694 = CARTESIAN_POINT('',(2.776736691019,2.130665001531));
#10695 = VECTOR('',#10696,1.);
#10696 = DIRECTION('',(-0.6593458151,0.751839807479));
#10697 = ( GEOMETRIC_REPRESENTATION_CONTEXT(2) 
PARAMETRIC_REPRESENTATION_CONTEXT() REPRESENTATION_CONTEXT('2D SPACE',''
  ) );
#10698 = ORIENTED_EDGE('',*,*,#10556,.F.);
#10699 = ORIENTED_EDGE('',*,*,#5519,.F.);
#10700 = ADVANCED_FACE('',(#10701),#5563,.F.);
#10701 = FACE_BOUND('',#10702,.F.);
#10702 = EDGE_LOOP('',(#10703,#10726,#10747,#10748,#10749));
#10703 = ORIENTED_EDGE('',*,*,#10704,.T.);
#10704 = EDGE_CURVE('',#8745,#10705,#10707,.T.);
#10705 = VERTEX_POINT('',#10706);
#10706 = CARTESIAN_POINT('',(2.100111604177,1.2125,3.));
#10707 = SURFACE_CURVE('',#10708,(#10712,#10719),.PCURVE_S1.);
#10708 = LINE('',#10709,#10710);
#10709 = CARTESIAN_POINT('',(2.100111604177,1.2125,-4.5));
#10710 = VECTOR('',#10711,1.);
#10711 = DIRECTION('',(0.,0.,1.));
#10712 = PCURVE('',#5563,#10713);
#10713 = DEFINITIONAL_REPRESENTATION('',(#10714),#10718);
#10714 = LINE('',#10715,#10716);
#10715 = CARTESIAN_POINT('',(0.,0.));
#10716 = VECTOR('',#10717,1.);
#10717 = DIRECTION('',(0.,-1.));
#10718 = ( GEOMETRIC_REPRESENTATION_CONTEXT(2) 
PARAMETRIC_REPRESENTATION_CONTEXT() REPRESENTATION_CONTEXT('2D SPACE',''
  ) );
#10719 = PCURVE('',#8781,#10720);
#10720 = DEFINITIONAL_REPRESENTATION('',(#10721),#10725);
#10721 = LINE('',#10722,#10723);
#10722 = CARTESIAN_POINT('',(0.317205176766,0.));
#10723 = VECTOR('',#10724,1.);
#10724 = DIRECTION('',(0.,-1.));
#10725 = ( GEOMETRIC_REPRESENTATION_CONTEXT(2) 
PARAMETRIC_REPRESENTATION_CONTEXT() REPRESENTATION_CONTEXT('2D SPACE',''
  ) );
#10726 = ORIENTED_EDGE('',*,*,#10727,.T.);
#10727 = EDGE_CURVE('',#10705,#10656,#10728,.T.);
#10728 = SURFACE_CURVE('',#10729,(#10733,#10740),.PCURVE_S1.);
#10729 = LINE('',#10730,#10731);
#10730 = CARTESIAN_POINT('',(2.100111604177,1.2125,3.));
#10731 = VECTOR('',#10732,1.);
#10732 = DIRECTION('',(0.593245891522,0.805021311639,0.));
#10733 = PCURVE('',#5563,#10734);
#10734 = DEFINITIONAL_REPRESENTATION('',(#10735),#10739);
#10735 = LINE('',#10736,#10737);
#10736 = CARTESIAN_POINT('',(0.,-7.5));
#10737 = VECTOR('',#10738,1.);
#10738 = DIRECTION('',(1.,0.));
#10739 = ( GEOMETRIC_REPRESENTATION_CONTEXT(2) 
PARAMETRIC_REPRESENTATION_CONTEXT() REPRESENTATION_CONTEXT('2D SPACE',''
  ) );
#10740 = PCURVE('',#9031,#10741);
#10741 = DEFINITIONAL_REPRESENTATION('',(#10742),#10746);
#10742 = LINE('',#10743,#10744);
#10743 = CARTESIAN_POINT('',(2.100111604177,1.2125));
#10744 = VECTOR('',#10745,1.);
#10745 = DIRECTION('',(0.593245891522,0.805021311639));
#10746 = ( GEOMETRIC_REPRESENTATION_CONTEXT(2) 
PARAMETRIC_REPRESENTATION_CONTEXT() REPRESENTATION_CONTEXT('2D SPACE',''
  ) );
#10747 = ORIENTED_EDGE('',*,*,#10655,.F.);
#10748 = ORIENTED_EDGE('',*,*,#5547,.F.);
#10749 = ORIENTED_EDGE('',*,*,#8744,.F.);
#10750 = ADVANCED_FACE('',(#10751),#6019,.F.);
#10751 = FACE_BOUND('',#10752,.F.);
#10752 = EDGE_LOOP('',(#10753,#10776,#10799,#10820,#10821));
#10753 = ORIENTED_EDGE('',*,*,#10754,.T.);
#10754 = EDGE_CURVE('',#6004,#10755,#10757,.T.);
#10755 = VERTEX_POINT('',#10756);
#10756 = CARTESIAN_POINT('',(3.380740392012,0.905866657859,3.));
#10757 = SURFACE_CURVE('',#10758,(#10762,#10769),.PCURVE_S1.);
#10758 = LINE('',#10759,#10760);
#10759 = CARTESIAN_POINT('',(3.380740392012,0.905866657859,-4.5));
#10760 = VECTOR('',#10761,1.);
#10761 = DIRECTION('',(0.,0.,1.));
#10762 = PCURVE('',#6019,#10763);
#10763 = DEFINITIONAL_REPRESENTATION('',(#10764),#10768);
#10764 = LINE('',#10765,#10766);
#10765 = CARTESIAN_POINT('',(0.,0.));
#10766 = VECTOR('',#10767,1.);
#10767 = DIRECTION('',(0.,-1.));
#10768 = ( GEOMETRIC_REPRESENTATION_CONTEXT(2) 
PARAMETRIC_REPRESENTATION_CONTEXT() REPRESENTATION_CONTEXT('2D SPACE',''
  ) );
#10769 = PCURVE('',#6047,#10770);
#10770 = DEFINITIONAL_REPRESENTATION('',(#10771),#10775);
#10771 = LINE('',#10772,#10773);
#10772 = CARTESIAN_POINT('',(0.457821904611,0.));
#10773 = VECTOR('',#10774,1.);
#10774 = DIRECTION('',(0.,-1.));
#10775 = ( GEOMETRIC_REPRESENTATION_CONTEXT(2) 
PARAMETRIC_REPRESENTATION_CONTEXT() REPRESENTATION_CONTEXT('2D SPACE',''
  ) );
#10776 = ORIENTED_EDGE('',*,*,#10777,.T.);
#10777 = EDGE_CURVE('',#10755,#10778,#10780,.T.);
#10778 = VERTEX_POINT('',#10779);
#10779 = CARTESIAN_POINT('',(2.24040786634,0.928007323485,3.));
#10780 = SURFACE_CURVE('',#10781,(#10785,#10792),.PCURVE_S1.);
#10781 = LINE('',#10782,#10783);
#10782 = CARTESIAN_POINT('',(3.380740392012,0.905866657859,3.));
#10783 = VECTOR('',#10784,1.);
#10784 = DIRECTION('',(-0.999811563271,1.941231440264E-02,0.));
#10785 = PCURVE('',#6019,#10786);
#10786 = DEFINITIONAL_REPRESENTATION('',(#10787),#10791);
#10787 = LINE('',#10788,#10789);
#10788 = CARTESIAN_POINT('',(0.,-7.5));
#10789 = VECTOR('',#10790,1.);
#10790 = DIRECTION('',(1.,0.));
#10791 = ( GEOMETRIC_REPRESENTATION_CONTEXT(2) 
PARAMETRIC_REPRESENTATION_CONTEXT() REPRESENTATION_CONTEXT('2D SPACE',''
  ) );
#10792 = PCURVE('',#9031,#10793);
#10793 = DEFINITIONAL_REPRESENTATION('',(#10794),#10798);
#10794 = LINE('',#10795,#10796);
#10795 = CARTESIAN_POINT('',(3.380740392012,0.905866657859));
#10796 = VECTOR('',#10797,1.);
#10797 = DIRECTION('',(-0.999811563271,1.941231440264E-02));
#10798 = ( GEOMETRIC_REPRESENTATION_CONTEXT(2) 
PARAMETRIC_REPRESENTATION_CONTEXT() REPRESENTATION_CONTEXT('2D SPACE',''
  ) );
#10799 = ORIENTED_EDGE('',*,*,#10800,.F.);
#10800 = EDGE_CURVE('',#8720,#10778,#10801,.T.);
#10801 = SURFACE_CURVE('',#10802,(#10806,#10813),.PCURVE_S1.);
#10802 = LINE('',#10803,#10804);
#10803 = CARTESIAN_POINT('',(2.24040786634,0.928007323485,-4.5));
#10804 = VECTOR('',#10805,1.);
#10805 = DIRECTION('',(0.,0.,1.));
#10806 = PCURVE('',#6019,#10807);
#10807 = DEFINITIONAL_REPRESENTATION('',(#10808),#10812);
#10808 = LINE('',#10809,#10810);
#10809 = CARTESIAN_POINT('',(1.140547446702,0.));
#10810 = VECTOR('',#10811,1.);
#10811 = DIRECTION('',(0.,-1.));
#10812 = ( GEOMETRIC_REPRESENTATION_CONTEXT(2) 
PARAMETRIC_REPRESENTATION_CONTEXT() REPRESENTATION_CONTEXT('2D SPACE',''
  ) );
#10813 = PCURVE('',#8781,#10814);
#10814 = DEFINITIONAL_REPRESENTATION('',(#10815),#10819);
#10815 = LINE('',#10816,#10817);
#10816 = CARTESIAN_POINT('',(0.,0.));
#10817 = VECTOR('',#10818,1.);
#10818 = DIRECTION('',(0.,-1.));
#10819 = ( GEOMETRIC_REPRESENTATION_CONTEXT(2) 
PARAMETRIC_REPRESENTATION_CONTEXT() REPRESENTATION_CONTEXT('2D SPACE',''
  ) );
#10820 = ORIENTED_EDGE('',*,*,#8719,.F.);
#10821 = ORIENTED_EDGE('',*,*,#6003,.F.);
#10822 = ADVANCED_FACE('',(#10823),#8781,.F.);
#10823 = FACE_BOUND('',#10824,.F.);
#10824 = EDGE_LOOP('',(#10825,#10826,#10847,#10848));
#10825 = ORIENTED_EDGE('',*,*,#10800,.T.);
#10826 = ORIENTED_EDGE('',*,*,#10827,.T.);
#10827 = EDGE_CURVE('',#10778,#10705,#10828,.T.);
#10828 = SURFACE_CURVE('',#10829,(#10833,#10840),.PCURVE_S1.);
#10829 = LINE('',#10830,#10831);
#10830 = CARTESIAN_POINT('',(2.24040786634,0.928007323485,3.));
#10831 = VECTOR('',#10832,1.);
#10832 = DIRECTION('',(-0.442288690219,0.896872741533,0.));
#10833 = PCURVE('',#8781,#10834);
#10834 = DEFINITIONAL_REPRESENTATION('',(#10835),#10839);
#10835 = LINE('',#10836,#10837);
#10836 = CARTESIAN_POINT('',(0.,-7.5));
#10837 = VECTOR('',#10838,1.);
#10838 = DIRECTION('',(1.,0.));
#10839 = ( GEOMETRIC_REPRESENTATION_CONTEXT(2) 
PARAMETRIC_REPRESENTATION_CONTEXT() REPRESENTATION_CONTEXT('2D SPACE',''
  ) );
#10840 = PCURVE('',#9031,#10841);
#10841 = DEFINITIONAL_REPRESENTATION('',(#10842),#10846);
#10842 = LINE('',#10843,#10844);
#10843 = CARTESIAN_POINT('',(2.24040786634,0.928007323485));
#10844 = VECTOR('',#10845,1.);
#10845 = DIRECTION('',(-0.442288690219,0.896872741533));
#10846 = ( GEOMETRIC_REPRESENTATION_CONTEXT(2) 
PARAMETRIC_REPRESENTATION_CONTEXT() REPRESENTATION_CONTEXT('2D SPACE',''
  ) );
#10847 = ORIENTED_EDGE('',*,*,#10704,.F.);
#10848 = ORIENTED_EDGE('',*,*,#8767,.F.);
#10849 = ADVANCED_FACE('',(#10850),#6047,.F.);
#10850 = FACE_BOUND('',#10851,.F.);
#10851 = EDGE_LOOP('',(#10852,#10875,#10896,#10897));
#10852 = ORIENTED_EDGE('',*,*,#10853,.T.);
#10853 = EDGE_CURVE('',#6032,#10854,#10856,.T.);
#10854 = VERTEX_POINT('',#10855);
#10855 = CARTESIAN_POINT('',(3.470057014808,0.45684167277,3.));
#10856 = SURFACE_CURVE('',#10857,(#10861,#10868),.PCURVE_S1.);
#10857 = LINE('',#10858,#10859);
#10858 = CARTESIAN_POINT('',(3.470057014808,0.45684167277,-4.5));
#10859 = VECTOR('',#10860,1.);
#10860 = DIRECTION('',(0.,0.,1.));
#10861 = PCURVE('',#6047,#10862);
#10862 = DEFINITIONAL_REPRESENTATION('',(#10863),#10867);
#10863 = LINE('',#10864,#10865);
#10864 = CARTESIAN_POINT('',(0.,0.));
#10865 = VECTOR('',#10866,1.);
#10866 = DIRECTION('',(0.,-1.));
#10867 = ( GEOMETRIC_REPRESENTATION_CONTEXT(2) 
PARAMETRIC_REPRESENTATION_CONTEXT() REPRESENTATION_CONTEXT('2D SPACE',''
  ) );
#10868 = PCURVE('',#6075,#10869);
#10869 = DEFINITIONAL_REPRESENTATION('',(#10870),#10874);
#10870 = LINE('',#10871,#10872);
#10871 = CARTESIAN_POINT('',(1.140547446702,0.));
#10872 = VECTOR('',#10873,1.);
#10873 = DIRECTION('',(0.,-1.));
#10874 = ( GEOMETRIC_REPRESENTATION_CONTEXT(2) 
PARAMETRIC_REPRESENTATION_CONTEXT() REPRESENTATION_CONTEXT('2D SPACE',''
  ) );
#10875 = ORIENTED_EDGE('',*,*,#10876,.T.);
#10876 = EDGE_CURVE('',#10854,#10755,#10877,.T.);
#10877 = SURFACE_CURVE('',#10878,(#10882,#10889),.PCURVE_S1.);
#10878 = LINE('',#10879,#10880);
#10879 = CARTESIAN_POINT('',(3.470057014808,0.45684167277,3.));
#10880 = VECTOR('',#10881,1.);
#10881 = DIRECTION('',(-0.195090322016,0.980785280403,0.));
#10882 = PCURVE('',#6047,#10883);
#10883 = DEFINITIONAL_REPRESENTATION('',(#10884),#10888);
#10884 = LINE('',#10885,#10886);
#10885 = CARTESIAN_POINT('',(0.,-7.5));
#10886 = VECTOR('',#10887,1.);
#10887 = DIRECTION('',(1.,0.));
#10888 = ( GEOMETRIC_REPRESENTATION_CONTEXT(2) 
PARAMETRIC_REPRESENTATION_CONTEXT() REPRESENTATION_CONTEXT('2D SPACE',''
  ) );
#10889 = PCURVE('',#9031,#10890);
#10890 = DEFINITIONAL_REPRESENTATION('',(#10891),#10895);
#10891 = LINE('',#10892,#10893);
#10892 = CARTESIAN_POINT('',(3.470057014808,0.45684167277));
#10893 = VECTOR('',#10894,1.);
#10894 = DIRECTION('',(-0.195090322016,0.980785280403));
#10895 = ( GEOMETRIC_REPRESENTATION_CONTEXT(2) 
PARAMETRIC_REPRESENTATION_CONTEXT() REPRESENTATION_CONTEXT('2D SPACE',''
  ) );
#10896 = ORIENTED_EDGE('',*,*,#10754,.F.);
#10897 = ORIENTED_EDGE('',*,*,#6031,.F.);
#10898 = ADVANCED_FACE('',(#10899),#6075,.F.);
#10899 = FACE_BOUND('',#10900,.F.);
#10900 = EDGE_LOOP('',(#10901,#10924,#10945,#10946,#10947));
#10901 = ORIENTED_EDGE('',*,*,#10902,.T.);
#10902 = EDGE_CURVE('',#8797,#10903,#10905,.T.);
#10903 = VERTEX_POINT('',#10904);
#10904 = CARTESIAN_POINT('',(2.425,0.,3.));
#10905 = SURFACE_CURVE('',#10906,(#10910,#10917),.PCURVE_S1.);
#10906 = LINE('',#10907,#10908);
#10907 = CARTESIAN_POINT('',(2.425,0.,-4.5));
#10908 = VECTOR('',#10909,1.);
#10909 = DIRECTION('',(0.,0.,1.));
#10910 = PCURVE('',#6075,#10911);
#10911 = DEFINITIONAL_REPRESENTATION('',(#10912),#10916);
#10912 = LINE('',#10913,#10914);
#10913 = CARTESIAN_POINT('',(0.,0.));
#10914 = VECTOR('',#10915,1.);
#10915 = DIRECTION('',(0.,-1.));
#10916 = ( GEOMETRIC_REPRESENTATION_CONTEXT(2) 
PARAMETRIC_REPRESENTATION_CONTEXT() REPRESENTATION_CONTEXT('2D SPACE',''
  ) );
#10917 = PCURVE('',#6531,#10918);
#10918 = DEFINITIONAL_REPRESENTATION('',(#10919),#10923);
#10919 = LINE('',#10920,#10921);
#10920 = CARTESIAN_POINT('',(0.317205176766,0.));
#10921 = VECTOR('',#10922,1.);
#10922 = DIRECTION('',(0.,-1.));
#10923 = ( GEOMETRIC_REPRESENTATION_CONTEXT(2) 
PARAMETRIC_REPRESENTATION_CONTEXT() REPRESENTATION_CONTEXT('2D SPACE',''
  ) );
#10924 = ORIENTED_EDGE('',*,*,#10925,.T.);
#10925 = EDGE_CURVE('',#10903,#10854,#10926,.T.);
#10926 = SURFACE_CURVE('',#10927,(#10931,#10938),.PCURVE_S1.);
#10927 = LINE('',#10928,#10929);
#10928 = CARTESIAN_POINT('',(2.425,0.,3.));
#10929 = VECTOR('',#10930,1.);
#10930 = DIRECTION('',(0.916276668568,0.400545960706,0.));
#10931 = PCURVE('',#6075,#10932);
#10932 = DEFINITIONAL_REPRESENTATION('',(#10933),#10937);
#10933 = LINE('',#10934,#10935);
#10934 = CARTESIAN_POINT('',(0.,-7.5));
#10935 = VECTOR('',#10936,1.);
#10936 = DIRECTION('',(1.,0.));
#10937 = ( GEOMETRIC_REPRESENTATION_CONTEXT(2) 
PARAMETRIC_REPRESENTATION_CONTEXT() REPRESENTATION_CONTEXT('2D SPACE',''
  ) );
#10938 = PCURVE('',#9031,#10939);
#10939 = DEFINITIONAL_REPRESENTATION('',(#10940),#10944);
#10940 = LINE('',#10941,#10942);
#10941 = CARTESIAN_POINT('',(2.425,-4.200406210274E-17));
#10942 = VECTOR('',#10943,1.);
#10943 = DIRECTION('',(0.916276668568,0.400545960706));
#10944 = ( GEOMETRIC_REPRESENTATION_CONTEXT(2) 
PARAMETRIC_REPRESENTATION_CONTEXT() REPRESENTATION_CONTEXT('2D SPACE',''
  ) );
#10945 = ORIENTED_EDGE('',*,*,#10853,.F.);
#10946 = ORIENTED_EDGE('',*,*,#6059,.F.);
#10947 = ORIENTED_EDGE('',*,*,#8821,.F.);
#10948 = ADVANCED_FACE('',(#10949),#6531,.F.);
#10949 = FACE_BOUND('',#10950,.F.);
#10950 = EDGE_LOOP('',(#10951,#10974,#10995,#10996,#10997));
#10951 = ORIENTED_EDGE('',*,*,#10952,.T.);
#10952 = EDGE_CURVE('',#6516,#10953,#10955,.T.);
#10953 = VERTEX_POINT('',#10954);
#10954 = CARTESIAN_POINT('',(2.404253788831,-0.316526016134,3.));
#10955 = SURFACE_CURVE('',#10956,(#10960,#10967),.PCURVE_S1.);
#10956 = LINE('',#10957,#10958);
#10957 = CARTESIAN_POINT('',(2.404253788831,-0.316526016134,-4.5));
#10958 = VECTOR('',#10959,1.);
#10959 = DIRECTION('',(0.,0.,1.));
#10960 = PCURVE('',#6531,#10961);
#10961 = DEFINITIONAL_REPRESENTATION('',(#10962),#10966);
#10962 = LINE('',#10963,#10964);
#10963 = CARTESIAN_POINT('',(0.,0.));
#10964 = VECTOR('',#10965,1.);
#10965 = DIRECTION('',(0.,-1.));
#10966 = ( GEOMETRIC_REPRESENTATION_CONTEXT(2) 
PARAMETRIC_REPRESENTATION_CONTEXT() REPRESENTATION_CONTEXT('2D SPACE',''
  ) );
#10967 = PCURVE('',#6559,#10968);
#10968 = DEFINITIONAL_REPRESENTATION('',(#10969),#10973);
#10969 = LINE('',#10970,#10971);
#10970 = CARTESIAN_POINT('',(1.140547446702,0.));
#10971 = VECTOR('',#10972,1.);
#10972 = DIRECTION('',(0.,-1.));
#10973 = ( GEOMETRIC_REPRESENTATION_CONTEXT(2) 
PARAMETRIC_REPRESENTATION_CONTEXT() REPRESENTATION_CONTEXT('2D SPACE',''
  ) );
#10974 = ORIENTED_EDGE('',*,*,#10975,.T.);
#10975 = EDGE_CURVE('',#10953,#10903,#10976,.T.);
#10976 = SURFACE_CURVE('',#10977,(#10981,#10988),.PCURVE_S1.);
#10977 = LINE('',#10978,#10979);
#10978 = CARTESIAN_POINT('',(2.404253788831,-0.316526016134,3.));
#10979 = VECTOR('',#10980,1.);
#10980 = DIRECTION('',(6.540312923014E-02,0.997858923239,0.));
#10981 = PCURVE('',#6531,#10982);
#10982 = DEFINITIONAL_REPRESENTATION('',(#10983),#10987);
#10983 = LINE('',#10984,#10985);
#10984 = CARTESIAN_POINT('',(0.,-7.5));
#10985 = VECTOR('',#10986,1.);
#10986 = DIRECTION('',(1.,0.));
#10987 = ( GEOMETRIC_REPRESENTATION_CONTEXT(2) 
PARAMETRIC_REPRESENTATION_CONTEXT() REPRESENTATION_CONTEXT('2D SPACE',''
  ) );
#10988 = PCURVE('',#9031,#10989);
#10989 = DEFINITIONAL_REPRESENTATION('',(#10990),#10994);
#10990 = LINE('',#10991,#10992);
#10991 = CARTESIAN_POINT('',(2.404253788831,-0.316526016134));
#10992 = VECTOR('',#10993,1.);
#10993 = DIRECTION('',(6.540312923014E-02,0.997858923239));
#10994 = ( GEOMETRIC_REPRESENTATION_CONTEXT(2) 
PARAMETRIC_REPRESENTATION_CONTEXT() REPRESENTATION_CONTEXT('2D SPACE',''
  ) );
#10995 = ORIENTED_EDGE('',*,*,#10902,.F.);
#10996 = ORIENTED_EDGE('',*,*,#8796,.F.);
#10997 = ORIENTED_EDGE('',*,*,#6515,.F.);
#10998 = ADVANCED_FACE('',(#10999),#6559,.F.);
#10999 = FACE_BOUND('',#11000,.F.);
#11000 = EDGE_LOOP('',(#11001,#11024,#11045,#11046));
#11001 = ORIENTED_EDGE('',*,*,#11002,.T.);
#11002 = EDGE_CURVE('',#6544,#11003,#11005,.T.);
#11003 = VERTEX_POINT('',#11004);
#11004 = CARTESIAN_POINT('',(3.380740392012,-0.905866657859,3.));
#11005 = SURFACE_CURVE('',#11006,(#11010,#11017),.PCURVE_S1.);
#11006 = LINE('',#11007,#11008);
#11007 = CARTESIAN_POINT('',(3.380740392012,-0.905866657859,-4.5));
#11008 = VECTOR('',#11009,1.);
#11009 = DIRECTION('',(0.,0.,1.));
#11010 = PCURVE('',#6559,#11011);
#11011 = DEFINITIONAL_REPRESENTATION('',(#11012),#11016);
#11012 = LINE('',#11013,#11014);
#11013 = CARTESIAN_POINT('',(0.,0.));
#11014 = VECTOR('',#11015,1.);
#11015 = DIRECTION('',(0.,-1.));
#11016 = ( GEOMETRIC_REPRESENTATION_CONTEXT(2) 
PARAMETRIC_REPRESENTATION_CONTEXT() REPRESENTATION_CONTEXT('2D SPACE',''
  ) );
#11017 = PCURVE('',#6587,#11018);
#11018 = DEFINITIONAL_REPRESENTATION('',(#11019),#11023);
#11019 = LINE('',#11020,#11021);
#11020 = CARTESIAN_POINT('',(0.457821904611,0.));
#11021 = VECTOR('',#11022,1.);
#11022 = DIRECTION('',(0.,-1.));
#11023 = ( GEOMETRIC_REPRESENTATION_CONTEXT(2) 
PARAMETRIC_REPRESENTATION_CONTEXT() REPRESENTATION_CONTEXT('2D SPACE',''
  ) );
#11024 = ORIENTED_EDGE('',*,*,#11025,.T.);
#11025 = EDGE_CURVE('',#11003,#10953,#11026,.T.);
#11026 = SURFACE_CURVE('',#11027,(#11031,#11038),.PCURVE_S1.);
#11027 = LINE('',#11028,#11029);
#11028 = CARTESIAN_POINT('',(3.380740392012,-0.905866657859,3.));
#11029 = VECTOR('',#11030,1.);
#11030 = DIRECTION('',(-0.856156055588,0.516717339054,0.));
#11031 = PCURVE('',#6559,#11032);
#11032 = DEFINITIONAL_REPRESENTATION('',(#11033),#11037);
#11033 = LINE('',#11034,#11035);
#11034 = CARTESIAN_POINT('',(0.,-7.5));
#11035 = VECTOR('',#11036,1.);
#11036 = DIRECTION('',(1.,0.));
#11037 = ( GEOMETRIC_REPRESENTATION_CONTEXT(2) 
PARAMETRIC_REPRESENTATION_CONTEXT() REPRESENTATION_CONTEXT('2D SPACE',''
  ) );
#11038 = PCURVE('',#9031,#11039);
#11039 = DEFINITIONAL_REPRESENTATION('',(#11040),#11044);
#11040 = LINE('',#11041,#11042);
#11041 = CARTESIAN_POINT('',(3.380740392012,-0.905866657859));
#11042 = VECTOR('',#11043,1.);
#11043 = DIRECTION('',(-0.856156055588,0.516717339054));
#11044 = ( GEOMETRIC_REPRESENTATION_CONTEXT(2) 
PARAMETRIC_REPRESENTATION_CONTEXT() REPRESENTATION_CONTEXT('2D SPACE',''
  ) );
#11045 = ORIENTED_EDGE('',*,*,#10952,.F.);
#11046 = ORIENTED_EDGE('',*,*,#6543,.F.);
#11047 = ADVANCED_FACE('',(#11048),#6587,.F.);
#11048 = FACE_BOUND('',#11049,.F.);
#11049 = EDGE_LOOP('',(#11050,#11073,#11094,#11095));
#11050 = ORIENTED_EDGE('',*,*,#11051,.T.);
#11051 = EDGE_CURVE('',#6572,#11052,#11054,.T.);
#11052 = VERTEX_POINT('',#11053);
#11053 = CARTESIAN_POINT('',(3.23357836379,-1.339392013278,3.));
#11054 = SURFACE_CURVE('',#11055,(#11059,#11066),.PCURVE_S1.);
#11055 = LINE('',#11056,#11057);
#11056 = CARTESIAN_POINT('',(3.23357836379,-1.339392013278,-4.5));
#11057 = VECTOR('',#11058,1.);
#11058 = DIRECTION('',(0.,0.,1.));
#11059 = PCURVE('',#6587,#11060);
#11060 = DEFINITIONAL_REPRESENTATION('',(#11061),#11065);
#11061 = LINE('',#11062,#11063);
#11062 = CARTESIAN_POINT('',(0.,0.));
#11063 = VECTOR('',#11064,1.);
#11064 = DIRECTION('',(0.,-1.));
#11065 = ( GEOMETRIC_REPRESENTATION_CONTEXT(2) 
PARAMETRIC_REPRESENTATION_CONTEXT() REPRESENTATION_CONTEXT('2D SPACE',''
  ) );
#11066 = PCURVE('',#6615,#11067);
#11067 = DEFINITIONAL_REPRESENTATION('',(#11068),#11072);
#11068 = LINE('',#11069,#11070);
#11069 = CARTESIAN_POINT('',(1.140547446702,0.));
#11070 = VECTOR('',#11071,1.);
#11071 = DIRECTION('',(0.,-1.));
#11072 = ( GEOMETRIC_REPRESENTATION_CONTEXT(2) 
PARAMETRIC_REPRESENTATION_CONTEXT() REPRESENTATION_CONTEXT('2D SPACE',''
  ) );
#11073 = ORIENTED_EDGE('',*,*,#11074,.T.);
#11074 = EDGE_CURVE('',#11052,#11003,#11075,.T.);
#11075 = SURFACE_CURVE('',#11076,(#11080,#11087),.PCURVE_S1.);
#11076 = LINE('',#11077,#11078);
#11077 = CARTESIAN_POINT('',(3.23357836379,-1.339392013278,3.));
#11078 = VECTOR('',#11079,1.);
#11079 = DIRECTION('',(0.321439465303,0.946930129495,0.));
#11080 = PCURVE('',#6587,#11081);
#11081 = DEFINITIONAL_REPRESENTATION('',(#11082),#11086);
#11082 = LINE('',#11083,#11084);
#11083 = CARTESIAN_POINT('',(0.,-7.5));
#11084 = VECTOR('',#11085,1.);
#11085 = DIRECTION('',(1.,0.));
#11086 = ( GEOMETRIC_REPRESENTATION_CONTEXT(2) 
PARAMETRIC_REPRESENTATION_CONTEXT() REPRESENTATION_CONTEXT('2D SPACE',''
  ) );
#11087 = PCURVE('',#9031,#11088);
#11088 = DEFINITIONAL_REPRESENTATION('',(#11089),#11093);
#11089 = LINE('',#11090,#11091);
#11090 = CARTESIAN_POINT('',(3.23357836379,-1.339392013278));
#11091 = VECTOR('',#11092,1.);
#11092 = DIRECTION('',(0.321439465303,0.946930129495));
#11093 = ( GEOMETRIC_REPRESENTATION_CONTEXT(2) 
PARAMETRIC_REPRESENTATION_CONTEXT() REPRESENTATION_CONTEXT('2D SPACE',''
  ) );
#11094 = ORIENTED_EDGE('',*,*,#11002,.F.);
#11095 = ORIENTED_EDGE('',*,*,#6571,.F.);
#11096 = ADVANCED_FACE('',(#11097),#6615,.F.);
#11097 = FACE_BOUND('',#11098,.F.);
#11098 = EDGE_LOOP('',(#11099,#11122,#11143,#11144,#11145));
#11099 = ORIENTED_EDGE('',*,*,#11100,.T.);
#11100 = EDGE_CURVE('',#8846,#11101,#11103,.T.);
#11101 = VERTEX_POINT('',#11102);
#11102 = CARTESIAN_POINT('',(2.100111604177,-1.2125,3.));
#11103 = SURFACE_CURVE('',#11104,(#11108,#11115),.PCURVE_S1.);
#11104 = LINE('',#11105,#11106);
#11105 = CARTESIAN_POINT('',(2.100111604177,-1.2125,-4.5));
#11106 = VECTOR('',#11107,1.);
#11107 = DIRECTION('',(0.,0.,1.));
#11108 = PCURVE('',#6615,#11109);
#11109 = DEFINITIONAL_REPRESENTATION('',(#11110),#11114);
#11110 = LINE('',#11111,#11112);
#11111 = CARTESIAN_POINT('',(0.,0.));
#11112 = VECTOR('',#11113,1.);
#11113 = DIRECTION('',(0.,-1.));
#11114 = ( GEOMETRIC_REPRESENTATION_CONTEXT(2) 
PARAMETRIC_REPRESENTATION_CONTEXT() REPRESENTATION_CONTEXT('2D SPACE',''
  ) );
#11115 = PCURVE('',#7071,#11116);
#11116 = DEFINITIONAL_REPRESENTATION('',(#11117),#11121);
#11117 = LINE('',#11118,#11119);
#11118 = CARTESIAN_POINT('',(0.317205176766,0.));
#11119 = VECTOR('',#11120,1.);
#11120 = DIRECTION('',(0.,-1.));
#11121 = ( GEOMETRIC_REPRESENTATION_CONTEXT(2) 
PARAMETRIC_REPRESENTATION_CONTEXT() REPRESENTATION_CONTEXT('2D SPACE',''
  ) );
#11122 = ORIENTED_EDGE('',*,*,#11123,.T.);
#11123 = EDGE_CURVE('',#11101,#11052,#11124,.T.);
#11124 = SURFACE_CURVE('',#11125,(#11129,#11136),.PCURVE_S1.);
#11125 = LINE('',#11126,#11127);
#11126 = CARTESIAN_POINT('',(2.100111604177,-1.2125,3.));
#11127 = VECTOR('',#11128,1.);
#11128 = DIRECTION('',(0.993791852228,-0.111255356929,0.));
#11129 = PCURVE('',#6615,#11130);
#11130 = DEFINITIONAL_REPRESENTATION('',(#11131),#11135);
#11131 = LINE('',#11132,#11133);
#11132 = CARTESIAN_POINT('',(0.,-7.5));
#11133 = VECTOR('',#11134,1.);
#11134 = DIRECTION('',(1.,0.));
#11135 = ( GEOMETRIC_REPRESENTATION_CONTEXT(2) 
PARAMETRIC_REPRESENTATION_CONTEXT() REPRESENTATION_CONTEXT('2D SPACE',''
  ) );
#11136 = PCURVE('',#9031,#11137);
#11137 = DEFINITIONAL_REPRESENTATION('',(#11138),#11142);
#11138 = LINE('',#11139,#11140);
#11139 = CARTESIAN_POINT('',(2.100111604177,-1.2125));
#11140 = VECTOR('',#11141,1.);
#11141 = DIRECTION('',(0.993791852228,-0.111255356929));
#11142 = ( GEOMETRIC_REPRESENTATION_CONTEXT(2) 
PARAMETRIC_REPRESENTATION_CONTEXT() REPRESENTATION_CONTEXT('2D SPACE',''
  ) );
#11143 = ORIENTED_EDGE('',*,*,#11051,.F.);
#11144 = ORIENTED_EDGE('',*,*,#6599,.F.);
#11145 = ORIENTED_EDGE('',*,*,#8870,.F.);
#11146 = ADVANCED_FACE('',(#11147),#7071,.F.);
#11147 = FACE_BOUND('',#11148,.F.);
#11148 = EDGE_LOOP('',(#11149,#11172,#11193,#11194,#11195,#11196));
#11149 = ORIENTED_EDGE('',*,*,#11150,.T.);
#11150 = EDGE_CURVE('',#8895,#11151,#11153,.T.);
#11151 = VERTEX_POINT('',#11152);
#11152 = CARTESIAN_POINT('',(1.923881850206,-1.476246465346,3.));
#11153 = SURFACE_CURVE('',#11154,(#11158,#11165),.PCURVE_S1.);
#11154 = LINE('',#11155,#11156);
#11155 = CARTESIAN_POINT('',(1.923881850206,-1.476246465346,-4.5));
#11156 = VECTOR('',#11157,1.);
#11157 = DIRECTION('',(0.,0.,1.));
#11158 = PCURVE('',#7071,#11159);
#11159 = DEFINITIONAL_REPRESENTATION('',(#11160),#11164);
#11160 = LINE('',#11161,#11162);
#11161 = CARTESIAN_POINT('',(0.,0.));
#11162 = VECTOR('',#11163,1.);
#11163 = DIRECTION('',(0.,-1.));
#11164 = ( GEOMETRIC_REPRESENTATION_CONTEXT(2) 
PARAMETRIC_REPRESENTATION_CONTEXT() REPRESENTATION_CONTEXT('2D SPACE',''
  ) );
#11165 = PCURVE('',#7527,#11166);
#11166 = DEFINITIONAL_REPRESENTATION('',(#11167),#11171);
#11167 = LINE('',#11168,#11169);
#11168 = CARTESIAN_POINT('',(1.140547446702,0.));
#11169 = VECTOR('',#11170,1.);
#11170 = DIRECTION('',(0.,-1.));
#11171 = ( GEOMETRIC_REPRESENTATION_CONTEXT(2) 
PARAMETRIC_REPRESENTATION_CONTEXT() REPRESENTATION_CONTEXT('2D SPACE',''
  ) );
#11172 = ORIENTED_EDGE('',*,*,#11173,.T.);
#11173 = EDGE_CURVE('',#11151,#11101,#11174,.T.);
#11174 = SURFACE_CURVE('',#11175,(#11179,#11186),.PCURVE_S1.);
#11175 = LINE('',#11176,#11177);
#11176 = CARTESIAN_POINT('',(1.923881850206,-1.476246465346,3.));
#11177 = VECTOR('',#11178,1.);
#11178 = DIRECTION('',(0.55557023302,0.831469612303,0.));
#11179 = PCURVE('',#7071,#11180);
#11180 = DEFINITIONAL_REPRESENTATION('',(#11181),#11185);
#11181 = LINE('',#11182,#11183);
#11182 = CARTESIAN_POINT('',(0.,-7.5));
#11183 = VECTOR('',#11184,1.);
#11184 = DIRECTION('',(1.,0.));
#11185 = ( GEOMETRIC_REPRESENTATION_CONTEXT(2) 
PARAMETRIC_REPRESENTATION_CONTEXT() REPRESENTATION_CONTEXT('2D SPACE',''
  ) );
#11186 = PCURVE('',#9031,#11187);
#11187 = DEFINITIONAL_REPRESENTATION('',(#11188),#11192);
#11188 = LINE('',#11189,#11190);
#11189 = CARTESIAN_POINT('',(1.923881850206,-1.476246465346));
#11190 = VECTOR('',#11191,1.);
#11191 = DIRECTION('',(0.55557023302,0.831469612303));
#11192 = ( GEOMETRIC_REPRESENTATION_CONTEXT(2) 
PARAMETRIC_REPRESENTATION_CONTEXT() REPRESENTATION_CONTEXT('2D SPACE',''
  ) );
#11193 = ORIENTED_EDGE('',*,*,#11100,.F.);
#11194 = ORIENTED_EDGE('',*,*,#8845,.F.);
#11195 = ORIENTED_EDGE('',*,*,#7055,.F.);
#11196 = ORIENTED_EDGE('',*,*,#8919,.F.);
#11197 = ADVANCED_FACE('',(#11198),#7527,.F.);
#11198 = FACE_BOUND('',#11199,.F.);
#11199 = EDGE_LOOP('',(#11200,#11223,#11244,#11245,#11246));
#11200 = ORIENTED_EDGE('',*,*,#11201,.T.);
#11201 = EDGE_CURVE('',#7512,#11202,#11204,.T.);
#11202 = VERTEX_POINT('',#11203);
#11203 = CARTESIAN_POINT('',(2.474873734153,-2.474873734153,3.));
#11204 = SURFACE_CURVE('',#11205,(#11209,#11216),.PCURVE_S1.);
#11205 = LINE('',#11206,#11207);
#11206 = CARTESIAN_POINT('',(2.474873734153,-2.474873734153,-4.5));
#11207 = VECTOR('',#11208,1.);
#11208 = DIRECTION('',(0.,0.,1.));
#11209 = PCURVE('',#7527,#11210);
#11210 = DEFINITIONAL_REPRESENTATION('',(#11211),#11215);
#11211 = LINE('',#11212,#11213);
#11212 = CARTESIAN_POINT('',(0.,0.));
#11213 = VECTOR('',#11214,1.);
#11214 = DIRECTION('',(0.,-1.));
#11215 = ( GEOMETRIC_REPRESENTATION_CONTEXT(2) 
PARAMETRIC_REPRESENTATION_CONTEXT() REPRESENTATION_CONTEXT('2D SPACE',''
  ) );
#11216 = PCURVE('',#7555,#11217);
#11217 = DEFINITIONAL_REPRESENTATION('',(#11218),#11222);
#11218 = LINE('',#11219,#11220);
#11219 = CARTESIAN_POINT('',(0.457821904611,0.));
#11220 = VECTOR('',#11221,1.);
#11221 = DIRECTION('',(0.,-1.));
#11222 = ( GEOMETRIC_REPRESENTATION_CONTEXT(2) 
PARAMETRIC_REPRESENTATION_CONTEXT() REPRESENTATION_CONTEXT('2D SPACE',''
  ) );
#11223 = ORIENTED_EDGE('',*,*,#11224,.T.);
#11224 = EDGE_CURVE('',#11202,#11151,#11225,.T.);
#11225 = SURFACE_CURVE('',#11226,(#11230,#11237),.PCURVE_S1.);
#11226 = LINE('',#11227,#11228);
#11227 = CARTESIAN_POINT('',(2.474873734153,-2.474873734153,3.));
#11228 = VECTOR('',#11229,1.);
#11229 = DIRECTION('',(-0.483094224216,0.875568369991,0.));
#11230 = PCURVE('',#7527,#11231);
#11231 = DEFINITIONAL_REPRESENTATION('',(#11232),#11236);
#11232 = LINE('',#11233,#11234);
#11233 = CARTESIAN_POINT('',(0.,-7.5));
#11234 = VECTOR('',#11235,1.);
#11235 = DIRECTION('',(1.,0.));
#11236 = ( GEOMETRIC_REPRESENTATION_CONTEXT(2) 
PARAMETRIC_REPRESENTATION_CONTEXT() REPRESENTATION_CONTEXT('2D SPACE',''
  ) );
#11237 = PCURVE('',#9031,#11238);
#11238 = DEFINITIONAL_REPRESENTATION('',(#11239),#11243);
#11239 = LINE('',#11240,#11241);
#11240 = CARTESIAN_POINT('',(2.474873734153,-2.474873734153));
#11241 = VECTOR('',#11242,1.);
#11242 = DIRECTION('',(-0.483094224216,0.875568369991));
#11243 = ( GEOMETRIC_REPRESENTATION_CONTEXT(2) 
PARAMETRIC_REPRESENTATION_CONTEXT() REPRESENTATION_CONTEXT('2D SPACE',''
  ) );
#11244 = ORIENTED_EDGE('',*,*,#11150,.F.);
#11245 = ORIENTED_EDGE('',*,*,#8894,.F.);
#11246 = ORIENTED_EDGE('',*,*,#7511,.F.);
#11247 = ADVANCED_FACE('',(#11248),#7555,.F.);
#11248 = FACE_BOUND('',#11249,.F.);
#11249 = EDGE_LOOP('',(#11250,#11273,#11294,#11295));
#11250 = ORIENTED_EDGE('',*,*,#11251,.T.);
#11251 = EDGE_CURVE('',#7540,#11252,#11254,.T.);
#11252 = VERTEX_POINT('',#11253);
#11253 = CARTESIAN_POINT('',(2.130665001531,-2.776736691019,3.));
#11254 = SURFACE_CURVE('',#11255,(#11259,#11266),.PCURVE_S1.);
#11255 = LINE('',#11256,#11257);
#11256 = CARTESIAN_POINT('',(2.130665001531,-2.776736691019,-4.5));
#11257 = VECTOR('',#11258,1.);
#11258 = DIRECTION('',(0.,0.,1.));
#11259 = PCURVE('',#7555,#11260);
#11260 = DEFINITIONAL_REPRESENTATION('',(#11261),#11265);
#11261 = LINE('',#11262,#11263);
#11262 = CARTESIAN_POINT('',(0.,0.));
#11263 = VECTOR('',#11264,1.);
#11264 = DIRECTION('',(0.,-1.));
#11265 = ( GEOMETRIC_REPRESENTATION_CONTEXT(2) 
PARAMETRIC_REPRESENTATION_CONTEXT() REPRESENTATION_CONTEXT('2D SPACE',''
  ) );
#11266 = PCURVE('',#7583,#11267);
#11267 = DEFINITIONAL_REPRESENTATION('',(#11268),#11272);
#11268 = LINE('',#11269,#11270);
#11269 = CARTESIAN_POINT('',(1.140547446702,0.));
#11270 = VECTOR('',#11271,1.);
#11271 = DIRECTION('',(0.,-1.));
#11272 = ( GEOMETRIC_REPRESENTATION_CONTEXT(2) 
PARAMETRIC_REPRESENTATION_CONTEXT() REPRESENTATION_CONTEXT('2D SPACE',''
  ) );
#11273 = ORIENTED_EDGE('',*,*,#11274,.T.);
#11274 = EDGE_CURVE('',#11252,#11202,#11275,.T.);
#11275 = SURFACE_CURVE('',#11276,(#11280,#11287),.PCURVE_S1.);
#11276 = LINE('',#11277,#11278);
#11277 = CARTESIAN_POINT('',(2.130665001531,-2.776736691019,3.));
#11278 = VECTOR('',#11279,1.);
#11279 = DIRECTION('',(0.751839807479,0.6593458151,0.));
#11280 = PCURVE('',#7555,#11281);
#11281 = DEFINITIONAL_REPRESENTATION('',(#11282),#11286);
#11282 = LINE('',#11283,#11284);
#11283 = CARTESIAN_POINT('',(0.,-7.5));
#11284 = VECTOR('',#11285,1.);
#11285 = DIRECTION('',(1.,0.));
#11286 = ( GEOMETRIC_REPRESENTATION_CONTEXT(2) 
PARAMETRIC_REPRESENTATION_CONTEXT() REPRESENTATION_CONTEXT('2D SPACE',''
  ) );
#11287 = PCURVE('',#9031,#11288);
#11288 = DEFINITIONAL_REPRESENTATION('',(#11289),#11293);
#11289 = LINE('',#11290,#11291);
#11290 = CARTESIAN_POINT('',(2.130665001531,-2.776736691019));
#11291 = VECTOR('',#11292,1.);
#11292 = DIRECTION('',(0.751839807479,0.6593458151));
#11293 = ( GEOMETRIC_REPRESENTATION_CONTEXT(2) 
PARAMETRIC_REPRESENTATION_CONTEXT() REPRESENTATION_CONTEXT('2D SPACE',''
  ) );
#11294 = ORIENTED_EDGE('',*,*,#11201,.F.);
#11295 = ORIENTED_EDGE('',*,*,#7539,.F.);
#11296 = ADVANCED_FACE('',(#11297),#7583,.F.);
#11297 = FACE_BOUND('',#11298,.F.);
#11298 = EDGE_LOOP('',(#11299,#11322,#11343,#11344));
#11299 = ORIENTED_EDGE('',*,*,#11300,.T.);
#11300 = EDGE_CURVE('',#7568,#11301,#11303,.T.);
#11301 = VERTEX_POINT('',#11302);
#11302 = CARTESIAN_POINT('',(1.2125,-2.100111604177,3.));
#11303 = SURFACE_CURVE('',#11304,(#11308,#11315),.PCURVE_S1.);
#11304 = LINE('',#11305,#11306);
#11305 = CARTESIAN_POINT('',(1.2125,-2.100111604177,-4.5));
#11306 = VECTOR('',#11307,1.);
#11307 = DIRECTION('',(0.,0.,1.));
#11308 = PCURVE('',#7583,#11309);
#11309 = DEFINITIONAL_REPRESENTATION('',(#11310),#11314);
#11310 = LINE('',#11311,#11312);
#11311 = CARTESIAN_POINT('',(0.,0.));
#11312 = VECTOR('',#11313,1.);
#11313 = DIRECTION('',(0.,-1.));
#11314 = ( GEOMETRIC_REPRESENTATION_CONTEXT(2) 
PARAMETRIC_REPRESENTATION_CONTEXT() REPRESENTATION_CONTEXT('2D SPACE',''
  ) );
#11315 = PCURVE('',#7611,#11316);
#11316 = DEFINITIONAL_REPRESENTATION('',(#11317),#11321);
#11317 = LINE('',#11318,#11319);
#11318 = CARTESIAN_POINT('',(0.317205176766,0.));
#11319 = VECTOR('',#11320,1.);
#11320 = DIRECTION('',(0.,-1.));
#11321 = ( GEOMETRIC_REPRESENTATION_CONTEXT(2) 
PARAMETRIC_REPRESENTATION_CONTEXT() REPRESENTATION_CONTEXT('2D SPACE',''
  ) );
#11322 = ORIENTED_EDGE('',*,*,#11323,.T.);
#11323 = EDGE_CURVE('',#11301,#11252,#11324,.T.);
#11324 = SURFACE_CURVE('',#11325,(#11329,#11336),.PCURVE_S1.);
#11325 = LINE('',#11326,#11327);
#11326 = CARTESIAN_POINT('',(1.2125,-2.100111604177,3.));
#11327 = VECTOR('',#11328,1.);
#11328 = DIRECTION('',(0.805021311639,-0.593245891522,0.));
#11329 = PCURVE('',#7583,#11330);
#11330 = DEFINITIONAL_REPRESENTATION('',(#11331),#11335);
#11331 = LINE('',#11332,#11333);
#11332 = CARTESIAN_POINT('',(0.,-7.5));
#11333 = VECTOR('',#11334,1.);
#11334 = DIRECTION('',(1.,0.));
#11335 = ( GEOMETRIC_REPRESENTATION_CONTEXT(2) 
PARAMETRIC_REPRESENTATION_CONTEXT() REPRESENTATION_CONTEXT('2D SPACE',''
  ) );
#11336 = PCURVE('',#9031,#11337);
#11337 = DEFINITIONAL_REPRESENTATION('',(#11338),#11342);
#11338 = LINE('',#11339,#11340);
#11339 = CARTESIAN_POINT('',(1.2125,-2.100111604177));
#11340 = VECTOR('',#11341,1.);
#11341 = DIRECTION('',(0.805021311639,-0.593245891522));
#11342 = ( GEOMETRIC_REPRESENTATION_CONTEXT(2) 
PARAMETRIC_REPRESENTATION_CONTEXT() REPRESENTATION_CONTEXT('2D SPACE',''
  ) );
#11343 = ORIENTED_EDGE('',*,*,#11251,.F.);
#11344 = ORIENTED_EDGE('',*,*,#7567,.F.);
#11345 = ADVANCED_FACE('',(#11346),#7611,.F.);
#11346 = FACE_BOUND('',#11347,.F.);
#11347 = EDGE_LOOP('',(#11348,#11349,#11370,#11371,#11372));
#11348 = ORIENTED_EDGE('',*,*,#9043,.T.);
#11349 = ORIENTED_EDGE('',*,*,#11350,.T.);
#11350 = EDGE_CURVE('',#9016,#11301,#11351,.T.);
#11351 = SURFACE_CURVE('',#11352,(#11356,#11363),.PCURVE_S1.);
#11352 = LINE('',#11353,#11354);
#11353 = CARTESIAN_POINT('',(0.928007323485,-2.24040786634,3.));
#11354 = VECTOR('',#11355,1.);
#11355 = DIRECTION('',(0.896872741533,0.442288690219,0.));
#11356 = PCURVE('',#7611,#11357);
#11357 = DEFINITIONAL_REPRESENTATION('',(#11358),#11362);
#11358 = LINE('',#11359,#11360);
#11359 = CARTESIAN_POINT('',(0.,-7.5));
#11360 = VECTOR('',#11361,1.);
#11361 = DIRECTION('',(1.,0.));
#11362 = ( GEOMETRIC_REPRESENTATION_CONTEXT(2) 
PARAMETRIC_REPRESENTATION_CONTEXT() REPRESENTATION_CONTEXT('2D SPACE',''
  ) );
#11363 = PCURVE('',#9031,#11364);
#11364 = DEFINITIONAL_REPRESENTATION('',(#11365),#11369);
#11365 = LINE('',#11366,#11367);
#11366 = CARTESIAN_POINT('',(0.928007323485,-2.24040786634));
#11367 = VECTOR('',#11368,1.);
#11368 = DIRECTION('',(0.896872741533,0.442288690219));
#11369 = ( GEOMETRIC_REPRESENTATION_CONTEXT(2) 
PARAMETRIC_REPRESENTATION_CONTEXT() REPRESENTATION_CONTEXT('2D SPACE',''
  ) );
#11370 = ORIENTED_EDGE('',*,*,#11300,.F.);
#11371 = ORIENTED_EDGE('',*,*,#7595,.F.);
#11372 = ORIENTED_EDGE('',*,*,#8968,.F.);
#11373 = ADVANCED_FACE('',(#11374,#11424),#9031,.T.);
#11374 = FACE_BOUND('',#11375,.T.);
#11375 = EDGE_LOOP('',(#11376,#11377,#11378,#11379,#11380,#11381,#11382,
    #11383,#11384,#11385,#11386,#11387,#11388,#11389,#11390,#11391,
    #11392,#11393,#11394,#11395,#11396,#11397,#11398,#11399,#11400,
    #11401,#11402,#11403,#11404,#11405,#11406,#11407,#11408,#11409,
    #11410,#11411,#11412,#11413,#11414,#11415,#11416,#11417,#11418,
    #11419,#11420,#11421,#11422,#11423));
#11376 = ORIENTED_EDGE('',*,*,#10925,.T.);
#11377 = ORIENTED_EDGE('',*,*,#10876,.T.);
#11378 = ORIENTED_EDGE('',*,*,#10777,.T.);
#11379 = ORIENTED_EDGE('',*,*,#10827,.T.);
#11380 = ORIENTED_EDGE('',*,*,#10727,.T.);
#11381 = ORIENTED_EDGE('',*,*,#10678,.T.);
#11382 = ORIENTED_EDGE('',*,*,#10579,.T.);
#11383 = ORIENTED_EDGE('',*,*,#10629,.T.);
#11384 = ORIENTED_EDGE('',*,*,#10529,.T.);
#11385 = ORIENTED_EDGE('',*,*,#10480,.T.);
#11386 = ORIENTED_EDGE('',*,*,#10381,.T.);
#11387 = ORIENTED_EDGE('',*,*,#10431,.T.);
#11388 = ORIENTED_EDGE('',*,*,#10331,.T.);
#11389 = ORIENTED_EDGE('',*,*,#10282,.T.);
#11390 = ORIENTED_EDGE('',*,*,#10232,.T.);
#11391 = ORIENTED_EDGE('',*,*,#10182,.T.);
#11392 = ORIENTED_EDGE('',*,*,#10133,.T.);
#11393 = ORIENTED_EDGE('',*,*,#10084,.T.);
#11394 = ORIENTED_EDGE('',*,*,#10034,.T.);
#11395 = ORIENTED_EDGE('',*,*,#9983,.T.);
#11396 = ORIENTED_EDGE('',*,*,#9933,.T.);
#11397 = ORIENTED_EDGE('',*,*,#9884,.T.);
#11398 = ORIENTED_EDGE('',*,*,#9835,.T.);
#11399 = ORIENTED_EDGE('',*,*,#9785,.T.);
#11400 = ORIENTED_EDGE('',*,*,#9735,.T.);
#11401 = ORIENTED_EDGE('',*,*,#9686,.T.);
#11402 = ORIENTED_EDGE('',*,*,#9587,.T.);
#11403 = ORIENTED_EDGE('',*,*,#9637,.T.);
#11404 = ORIENTED_EDGE('',*,*,#9537,.T.);
#11405 = ORIENTED_EDGE('',*,*,#9488,.T.);
#11406 = ORIENTED_EDGE('',*,*,#9389,.T.);
#11407 = ORIENTED_EDGE('',*,*,#9439,.T.);
#11408 = ORIENTED_EDGE('',*,*,#9339,.T.);
#11409 = ORIENTED_EDGE('',*,*,#9290,.T.);
#11410 = ORIENTED_EDGE('',*,*,#9191,.T.);
#11411 = ORIENTED_EDGE('',*,*,#9241,.T.);
#11412 = ORIENTED_EDGE('',*,*,#9141,.T.);
#11413 = ORIENTED_EDGE('',*,*,#9092,.T.);
#11414 = ORIENTED_EDGE('',*,*,#9015,.T.);
#11415 = ORIENTED_EDGE('',*,*,#11350,.T.);
#11416 = ORIENTED_EDGE('',*,*,#11323,.T.);
#11417 = ORIENTED_EDGE('',*,*,#11274,.T.);
#11418 = ORIENTED_EDGE('',*,*,#11224,.T.);
#11419 = ORIENTED_EDGE('',*,*,#11173,.T.);
#11420 = ORIENTED_EDGE('',*,*,#11123,.T.);
#11421 = ORIENTED_EDGE('',*,*,#11074,.T.);
#11422 = ORIENTED_EDGE('',*,*,#11025,.T.);
#11423 = ORIENTED_EDGE('',*,*,#10975,.T.);
#11424 = FACE_BOUND('',#11425,.T.);
#11425 = EDGE_LOOP('',(#11426));
#11426 = ORIENTED_EDGE('',*,*,#11427,.T.);
#11427 = EDGE_CURVE('',#11428,#11428,#11430,.T.);
#11428 = VERTEX_POINT('',#11429);
#11429 = CARTESIAN_POINT('',(-2.4,4.999990793619E-08,2.9999996486));
#11430 = SURFACE_CURVE('',#11431,(#11436,#11447),.PCURVE_S1.);
#11431 = CIRCLE('',#11432,2.4);
#11432 = AXIS2_PLACEMENT_3D('',#11433,#11434,#11435);
#11433 = CARTESIAN_POINT('',(6.539213615042E-14,4.999990899091E-08,
    2.9999996486));
#11434 = DIRECTION('',(3.700743415417E-15,7.401486830834E-16,-1.));
#11435 = DIRECTION('',(-1.,-2.081668171172E-16,-3.700743415417E-15));
#11436 = PCURVE('',#9031,#11437);
#11437 = DEFINITIONAL_REPRESENTATION('',(#11438),#11446);
#11438 = ( BOUNDED_CURVE() B_SPLINE_CURVE(2,(#11439,#11440,#11441,#11442
    ,#11443,#11444,#11445),.UNSPECIFIED.,.T.,.F.) 
B_SPLINE_CURVE_WITH_KNOTS((1,2,2,2,2,1),(-2.094395102393,0.,
    2.094395102393,4.188790204786,6.28318530718,8.377580409573),
.UNSPECIFIED.) CURVE() GEOMETRIC_REPRESENTATION_ITEM() 
RATIONAL_B_SPLINE_CURVE((1.,0.5,1.,0.5,1.,0.5,1.)) REPRESENTATION_ITEM(
  '') );
#11439 = CARTESIAN_POINT('',(-2.4,4.99999084493E-08));
#11440 = CARTESIAN_POINT('',(-2.4,4.156921988165));
#11441 = CARTESIAN_POINT('',(1.2,2.078461019083));
#11442 = CARTESIAN_POINT('',(4.8,4.999991053593E-08));
#11443 = CARTESIAN_POINT('',(1.2,-2.078460919083));
#11444 = CARTESIAN_POINT('',(-2.4,-4.156921888165));
#11445 = CARTESIAN_POINT('',(-2.4,4.99999084493E-08));
#11446 = ( GEOMETRIC_REPRESENTATION_CONTEXT(2) 
PARAMETRIC_REPRESENTATION_CONTEXT() REPRESENTATION_CONTEXT('2D SPACE',''
  ) );
#11447 = PCURVE('',#11448,#11453);
#11448 = CYLINDRICAL_SURFACE('',#11449,2.4);
#11449 = AXIS2_PLACEMENT_3D('',#11450,#11451,#11452);
#11450 = CARTESIAN_POINT('',(4.574118861456E-14,4.999990960153E-08,
    8.4999996486));
#11451 = DIRECTION('',(-3.549597826206E-15,9.104279154523E-17,1.));
#11452 = DIRECTION('',(-1.,-4.996003610813E-16,-3.549597826206E-15));
#11453 = DEFINITIONAL_REPRESENTATION('',(#11454),#11458);
#11454 = LINE('',#11455,#11456);
#11455 = CARTESIAN_POINT('',(6.28318530718,-5.5));
#11456 = VECTOR('',#11457,1.);
#11457 = DIRECTION('',(-1.,-0.));
#11458 = ( GEOMETRIC_REPRESENTATION_CONTEXT(2) 
PARAMETRIC_REPRESENTATION_CONTEXT() REPRESENTATION_CONTEXT('2D SPACE',''
  ) );
#11459 = ADVANCED_FACE('',(#11460),#11448,.T.);
#11460 = FACE_BOUND('',#11461,.T.);
#11461 = EDGE_LOOP('',(#11462,#11463,#11486,#11517));
#11462 = ORIENTED_EDGE('',*,*,#11427,.F.);
#11463 = ORIENTED_EDGE('',*,*,#11464,.T.);
#11464 = EDGE_CURVE('',#11428,#11465,#11467,.T.);
#11465 = VERTEX_POINT('',#11466);
#11466 = CARTESIAN_POINT('',(-2.4,4.999990793619E-08,3.4999996486));
#11467 = SEAM_CURVE('',#11468,(#11472,#11479),.PCURVE_S1.);
#11468 = LINE('',#11469,#11470);
#11469 = CARTESIAN_POINT('',(-2.4,4.999990843579E-08,8.4999996486));
#11470 = VECTOR('',#11471,1.);
#11471 = DIRECTION('',(-3.549597826206E-15,9.104279154523E-17,1.));
#11472 = PCURVE('',#11448,#11473);
#11473 = DEFINITIONAL_REPRESENTATION('',(#11474),#11478);
#11474 = LINE('',#11475,#11476);
#11475 = CARTESIAN_POINT('',(6.28318530718,0.));
#11476 = VECTOR('',#11477,1.);
#11477 = DIRECTION('',(0.,1.));
#11478 = ( GEOMETRIC_REPRESENTATION_CONTEXT(2) 
PARAMETRIC_REPRESENTATION_CONTEXT() REPRESENTATION_CONTEXT('2D SPACE',''
  ) );
#11479 = PCURVE('',#11448,#11480);
#11480 = DEFINITIONAL_REPRESENTATION('',(#11481),#11485);
#11481 = LINE('',#11482,#11483);
#11482 = CARTESIAN_POINT('',(0.,0.));
#11483 = VECTOR('',#11484,1.);
#11484 = DIRECTION('',(0.,1.));
#11485 = ( GEOMETRIC_REPRESENTATION_CONTEXT(2) 
PARAMETRIC_REPRESENTATION_CONTEXT() REPRESENTATION_CONTEXT('2D SPACE',''
  ) );
#11486 = ORIENTED_EDGE('',*,*,#11487,.T.);
#11487 = EDGE_CURVE('',#11465,#11465,#11488,.T.);
#11488 = SURFACE_CURVE('',#11489,(#11494,#11501),.PCURVE_S1.);
#11489 = CIRCLE('',#11490,2.4);
#11490 = AXIS2_PLACEMENT_3D('',#11491,#11492,#11493);
#11491 = CARTESIAN_POINT('',(6.317169010117E-14,4.999990899091E-08,
    3.4999996486));
#11492 = DIRECTION('',(3.700743415417E-15,7.401486830834E-16,-1.));
#11493 = DIRECTION('',(-1.,-1.850371707709E-16,-3.700743415417E-15));
#11494 = PCURVE('',#11448,#11495);
#11495 = DEFINITIONAL_REPRESENTATION('',(#11496),#11500);
#11496 = LINE('',#11497,#11498);
#11497 = CARTESIAN_POINT('',(6.28318530718,-5.));
#11498 = VECTOR('',#11499,1.);
#11499 = DIRECTION('',(-1.,-0.));
#11500 = ( GEOMETRIC_REPRESENTATION_CONTEXT(2) 
PARAMETRIC_REPRESENTATION_CONTEXT() REPRESENTATION_CONTEXT('2D SPACE',''
  ) );
#11501 = PCURVE('',#11502,#11507);
#11502 = PLANE('',#11503);
#11503 = AXIS2_PLACEMENT_3D('',#11504,#11505,#11506);
#11504 = CARTESIAN_POINT('',(-2.5,4.999990793619E-08,3.4999996486));
#11505 = DIRECTION('',(-3.549597826206E-15,9.104279154523E-17,1.));
#11506 = DIRECTION('',(-1.,-4.996003610813E-16,-3.549597826206E-15));
#11507 = DEFINITIONAL_REPRESENTATION('',(#11508),#11516);
#11508 = ( BOUNDED_CURVE() B_SPLINE_CURVE(2,(#11509,#11510,#11511,#11512
    ,#11513,#11514,#11515),.UNSPECIFIED.,.T.,.F.) 
B_SPLINE_CURVE_WITH_KNOTS((1,2,2,2,2,1),(-2.094395102393,0.,
    2.094395102393,4.188790204786,6.28318530718,8.377580409573),
.UNSPECIFIED.) CURVE() GEOMETRIC_REPRESENTATION_ITEM() 
RATIONAL_B_SPLINE_CURVE((1.,0.5,1.,0.5,1.,0.5,1.)) REPRESENTATION_ITEM(
  '') );
#11509 = CARTESIAN_POINT('',(-1.E-01,-5.329070518201E-16));
#11510 = CARTESIAN_POINT('',(-0.1,-4.156921938165));
#11511 = CARTESIAN_POINT('',(-3.7,-2.078460969083));
#11512 = CARTESIAN_POINT('',(-7.3,1.144117454825E-15));
#11513 = CARTESIAN_POINT('',(-3.7,2.078460969083));
#11514 = CARTESIAN_POINT('',(-0.1,4.156921938165));
#11515 = CARTESIAN_POINT('',(-1.E-01,-5.329070518201E-16));
#11516 = ( GEOMETRIC_REPRESENTATION_CONTEXT(2) 
PARAMETRIC_REPRESENTATION_CONTEXT() REPRESENTATION_CONTEXT('2D SPACE',''
  ) );
#11517 = ORIENTED_EDGE('',*,*,#11464,.F.);
#11518 = ADVANCED_FACE('',(#11519,#11554),#11502,.F.);
#11519 = FACE_BOUND('',#11520,.T.);
#11520 = EDGE_LOOP('',(#11521));
#11521 = ORIENTED_EDGE('',*,*,#11522,.T.);
#11522 = EDGE_CURVE('',#11523,#11523,#11525,.T.);
#11523 = VERTEX_POINT('',#11524);
#11524 = CARTESIAN_POINT('',(6.417089082333E-14,-2.49999995,3.4999996486
    ));
#11525 = SURFACE_CURVE('',#11526,(#11531,#11542),.PCURVE_S1.);
#11526 = CIRCLE('',#11527,2.5);
#11527 = AXIS2_PLACEMENT_3D('',#11528,#11529,#11530);
#11528 = CARTESIAN_POINT('',(6.372680161348E-14,4.999990943499E-08,
    3.4999996486));
#11529 = DIRECTION('',(4.263256414561E-15,8.924942327916E-31,-1.));
#11530 = DIRECTION('',(8.881784197001E-17,-1.,-5.138409982855E-31));
#11531 = PCURVE('',#11502,#11532);
#11532 = DEFINITIONAL_REPRESENTATION('',(#11533),#11541);
#11533 = ( BOUNDED_CURVE() B_SPLINE_CURVE(2,(#11534,#11535,#11536,#11537
    ,#11538,#11539,#11540),.UNSPECIFIED.,.T.,.F.) 
B_SPLINE_CURVE_WITH_KNOTS((1,2,2,2,2,1),(-2.094395102393,0.,
    2.094395102393,4.188790204786,6.28318530718,8.377580409573),
.UNSPECIFIED.) CURVE() GEOMETRIC_REPRESENTATION_ITEM() 
RATIONAL_B_SPLINE_CURVE((1.,0.5,1.,0.5,1.,0.5,1.)) REPRESENTATION_ITEM(
  '') );
#11534 = CARTESIAN_POINT('',(-2.5,2.5));
#11535 = CARTESIAN_POINT('',(1.830127018922,2.5));
#11536 = CARTESIAN_POINT('',(-0.334936490539,-1.25));
#11537 = CARTESIAN_POINT('',(-2.5,-5.));
#11538 = CARTESIAN_POINT('',(-4.665063509461,-1.25));
#11539 = CARTESIAN_POINT('',(-6.830127018922,2.5));
#11540 = CARTESIAN_POINT('',(-2.5,2.5));
#11541 = ( GEOMETRIC_REPRESENTATION_CONTEXT(2) 
PARAMETRIC_REPRESENTATION_CONTEXT() REPRESENTATION_CONTEXT('2D SPACE',''
  ) );
#11542 = PCURVE('',#11543,#11548);
#11543 = CYLINDRICAL_SURFACE('',#11544,2.5);
#11544 = AXIS2_PLACEMENT_3D('',#11545,#11546,#11547);
#11545 = CARTESIAN_POINT('',(4.574118861456E-14,4.999990960153E-08,
    8.4999996486));
#11546 = DIRECTION('',(3.431321225571E-15,-9.104279154523E-17,-1.));
#11547 = DIRECTION('',(4.996003610813E-16,-1.,9.104279154523E-17));
#11548 = DEFINITIONAL_REPRESENTATION('',(#11549),#11553);
#11549 = LINE('',#11550,#11551);
#11550 = CARTESIAN_POINT('',(0.,5.));
#11551 = VECTOR('',#11552,1.);
#11552 = DIRECTION('',(1.,-0.));
#11553 = ( GEOMETRIC_REPRESENTATION_CONTEXT(2) 
PARAMETRIC_REPRESENTATION_CONTEXT() REPRESENTATION_CONTEXT('2D SPACE',''
  ) );
#11554 = FACE_BOUND('',#11555,.T.);
#11555 = EDGE_LOOP('',(#11556));
#11556 = ORIENTED_EDGE('',*,*,#11487,.F.);
#11557 = ADVANCED_FACE('',(#11558),#11543,.T.);
#11558 = FACE_BOUND('',#11559,.T.);
#11559 = EDGE_LOOP('',(#11560,#11583,#11584,#11585));
#11560 = ORIENTED_EDGE('',*,*,#11561,.T.);
#11561 = EDGE_CURVE('',#11562,#11523,#11564,.T.);
#11562 = VERTEX_POINT('',#11563);
#11563 = CARTESIAN_POINT('',(4.801714581504E-14,-2.49999995,8.1999996486
    ));
#11564 = SEAM_CURVE('',#11565,(#11569,#11576),.PCURVE_S1.);
#11565 = LINE('',#11566,#11567);
#11566 = CARTESIAN_POINT('',(4.696243394164E-14,-2.49999995,8.4999996486
    ));
#11567 = VECTOR('',#11568,1.);
#11568 = DIRECTION('',(3.431321225571E-15,-9.104279154523E-17,-1.));
#11569 = PCURVE('',#11543,#11570);
#11570 = DEFINITIONAL_REPRESENTATION('',(#11571),#11575);
#11571 = LINE('',#11572,#11573);
#11572 = CARTESIAN_POINT('',(6.28318530718,0.));
#11573 = VECTOR('',#11574,1.);
#11574 = DIRECTION('',(0.,1.));
#11575 = ( GEOMETRIC_REPRESENTATION_CONTEXT(2) 
PARAMETRIC_REPRESENTATION_CONTEXT() REPRESENTATION_CONTEXT('2D SPACE',''
  ) );
#11576 = PCURVE('',#11543,#11577);
#11577 = DEFINITIONAL_REPRESENTATION('',(#11578),#11582);
#11578 = LINE('',#11579,#11580);
#11579 = CARTESIAN_POINT('',(0.,0.));
#11580 = VECTOR('',#11581,1.);
#11581 = DIRECTION('',(0.,1.));
#11582 = ( GEOMETRIC_REPRESENTATION_CONTEXT(2) 
PARAMETRIC_REPRESENTATION_CONTEXT() REPRESENTATION_CONTEXT('2D SPACE',''
  ) );
#11583 = ORIENTED_EDGE('',*,*,#11522,.F.);
#11584 = ORIENTED_EDGE('',*,*,#11561,.F.);
#11585 = ORIENTED_EDGE('',*,*,#11586,.T.);
#11586 = EDGE_CURVE('',#11562,#11562,#11587,.T.);
#11587 = SURFACE_CURVE('',#11588,(#11593,#11600),.PCURVE_S1.);
#11588 = CIRCLE('',#11589,2.5);
#11589 = AXIS2_PLACEMENT_3D('',#11590,#11591,#11592);
#11590 = CARTESIAN_POINT('',(4.607425552194E-14,4.999990965704E-08,
    8.1999996486));
#11591 = DIRECTION('',(4.263256414561E-15,3.123729814771E-30,-1.));
#11592 = DIRECTION('',(9.103828801926E-16,-1.,7.574658389169E-31));
#11593 = PCURVE('',#11543,#11594);
#11594 = DEFINITIONAL_REPRESENTATION('',(#11595),#11599);
#11595 = LINE('',#11596,#11597);
#11596 = CARTESIAN_POINT('',(0.,0.3));
#11597 = VECTOR('',#11598,1.);
#11598 = DIRECTION('',(1.,0.));
#11599 = ( GEOMETRIC_REPRESENTATION_CONTEXT(2) 
PARAMETRIC_REPRESENTATION_CONTEXT() REPRESENTATION_CONTEXT('2D SPACE',''
  ) );
#11600 = PCURVE('',#11601,#11606);
#11601 = CONICAL_SURFACE('',#11602,2.2,0.785398163397);
#11602 = AXIS2_PLACEMENT_3D('',#11603,#11604,#11605);
#11603 = CARTESIAN_POINT('',(4.574118861456E-14,4.999990960153E-08,
    8.4999996486));
#11604 = DIRECTION('',(3.431321225571E-15,-9.104279154523E-17,-1.));
#11605 = DIRECTION('',(4.996003610813E-16,-1.,9.104279154523E-17));
#11606 = DEFINITIONAL_REPRESENTATION('',(#11607),#11611);
#11607 = LINE('',#11608,#11609);
#11608 = CARTESIAN_POINT('',(0.,0.3));
#11609 = VECTOR('',#11610,1.);
#11610 = DIRECTION('',(1.,0.));
#11611 = ( GEOMETRIC_REPRESENTATION_CONTEXT(2) 
PARAMETRIC_REPRESENTATION_CONTEXT() REPRESENTATION_CONTEXT('2D SPACE',''
  ) );
#11612 = ADVANCED_FACE('',(#11613),#11601,.T.);
#11613 = FACE_BOUND('',#11614,.T.);
#11614 = EDGE_LOOP('',(#11615,#11638,#11639,#11640));
#11615 = ORIENTED_EDGE('',*,*,#11616,.T.);
#11616 = EDGE_CURVE('',#11617,#11562,#11619,.T.);
#11617 = VERTEX_POINT('',#11618);
#11618 = CARTESIAN_POINT('',(4.685141163918E-14,-2.19999995,8.4999996486
    ));
#11619 = SEAM_CURVE('',#11620,(#11624,#11631),.PCURVE_S1.);
#11620 = LINE('',#11621,#11622);
#11621 = CARTESIAN_POINT('',(4.679590048795E-14,-2.19999995,8.4999996486
    ));
#11622 = VECTOR('',#11623,1.);
#11623 = DIRECTION('',(2.779581310235E-15,-0.707106781187,
    -0.707106781187));
#11624 = PCURVE('',#11601,#11625);
#11625 = DEFINITIONAL_REPRESENTATION('',(#11626),#11630);
#11626 = LINE('',#11627,#11628);
#11627 = CARTESIAN_POINT('',(6.28318530718,0.));
#11628 = VECTOR('',#11629,1.);
#11629 = DIRECTION('',(0.,1.));
#11630 = ( GEOMETRIC_REPRESENTATION_CONTEXT(2) 
PARAMETRIC_REPRESENTATION_CONTEXT() REPRESENTATION_CONTEXT('2D SPACE',''
  ) );
#11631 = PCURVE('',#11601,#11632);
#11632 = DEFINITIONAL_REPRESENTATION('',(#11633),#11637);
#11633 = LINE('',#11634,#11635);
#11634 = CARTESIAN_POINT('',(0.,0.));
#11635 = VECTOR('',#11636,1.);
#11636 = DIRECTION('',(0.,1.));
#11637 = ( GEOMETRIC_REPRESENTATION_CONTEXT(2) 
PARAMETRIC_REPRESENTATION_CONTEXT() REPRESENTATION_CONTEXT('2D SPACE',''
  ) );
#11638 = ORIENTED_EDGE('',*,*,#11586,.F.);
#11639 = ORIENTED_EDGE('',*,*,#11616,.F.);
#11640 = ORIENTED_EDGE('',*,*,#11641,.T.);
#11641 = EDGE_CURVE('',#11617,#11617,#11642,.T.);
#11642 = SURFACE_CURVE('',#11643,(#11648,#11655),.PCURVE_S1.);
#11643 = CIRCLE('',#11644,2.2);
#11644 = AXIS2_PLACEMENT_3D('',#11645,#11646,#11647);
#11645 = CARTESIAN_POINT('',(4.507505479978E-14,4.999990954602E-08,
    8.4999996486));
#11646 = DIRECTION('',(3.229739708E-15,1.267747489761E-30,-1.));
#11647 = DIRECTION('',(6.560408781876E-16,-1.,8.510937845932E-31));
#11648 = PCURVE('',#11601,#11649);
#11649 = DEFINITIONAL_REPRESENTATION('',(#11650),#11654);
#11650 = LINE('',#11651,#11652);
#11651 = CARTESIAN_POINT('',(0.,0.));
#11652 = VECTOR('',#11653,1.);
#11653 = DIRECTION('',(1.,-0.));
#11654 = ( GEOMETRIC_REPRESENTATION_CONTEXT(2) 
PARAMETRIC_REPRESENTATION_CONTEXT() REPRESENTATION_CONTEXT('2D SPACE',''
  ) );
#11655 = PCURVE('',#11656,#11661);
#11656 = PLANE('',#11657);
#11657 = AXIS2_PLACEMENT_3D('',#11658,#11659,#11660);
#11658 = CARTESIAN_POINT('',(4.574118861456E-14,4.999990965704E-08,
    8.4999996486));
#11659 = DIRECTION('',(-3.431321225571E-15,9.104279154523E-17,1.));
#11660 = DIRECTION('',(-4.996003610813E-16,1.,-9.104279154523E-17));
#11661 = DEFINITIONAL_REPRESENTATION('',(#11662),#11670);
#11662 = ( BOUNDED_CURVE() B_SPLINE_CURVE(2,(#11663,#11664,#11665,#11666
    ,#11667,#11668,#11669),.UNSPECIFIED.,.T.,.F.) 
B_SPLINE_CURVE_WITH_KNOTS((1,2,2,2,2,1),(-2.094395102393,0.,
    2.094395102393,4.188790204786,6.28318530718,8.377580409573),
.UNSPECIFIED.) CURVE() GEOMETRIC_REPRESENTATION_ITEM() 
RATIONAL_B_SPLINE_CURVE((1.,0.5,1.,0.5,1.,0.5,1.)) REPRESENTATION_ITEM(
  '') );
#11663 = CARTESIAN_POINT('',(-2.2,3.774758283726E-16));
#11664 = CARTESIAN_POINT('',(-2.2,3.810511776652));
#11665 = CARTESIAN_POINT('',(1.1,1.905255888326));
#11666 = CARTESIAN_POINT('',(4.4,1.948827832899E-15));
#11667 = CARTESIAN_POINT('',(1.1,-1.905255888326));
#11668 = CARTESIAN_POINT('',(-2.2,-3.810511776652));
#11669 = CARTESIAN_POINT('',(-2.2,3.774758283726E-16));
#11670 = ( GEOMETRIC_REPRESENTATION_CONTEXT(2) 
PARAMETRIC_REPRESENTATION_CONTEXT() REPRESENTATION_CONTEXT('2D SPACE',''
  ) );
#11671 = ADVANCED_FACE('',(#11672),#11656,.T.);
#11672 = FACE_BOUND('',#11673,.T.);
#11673 = EDGE_LOOP('',(#11674));
#11674 = ORIENTED_EDGE('',*,*,#11641,.F.);
#11675 = ( GEOMETRIC_REPRESENTATION_CONTEXT(3) 
GLOBAL_UNCERTAINTY_ASSIGNED_CONTEXT((#11679)) 
GLOBAL_UNIT_ASSIGNED_CONTEXT((#11676,#11677,#11678)) 
REPRESENTATION_CONTEXT('Context #1',
  '3D Context with UNIT and UNCERTAINTY') );
#11676 = ( LENGTH_UNIT() NAMED_UNIT(*) SI_UNIT(.MILLI.,.METRE.) );
#11677 = ( NAMED_UNIT(*) PLANE_ANGLE_UNIT() SI_UNIT($,.RADIAN.) );
#11678 = ( NAMED_UNIT(*) SI_UNIT($,.STERADIAN.) SOLID_ANGLE_UNIT() );
#11679 = UNCERTAINTY_MEASURE_WITH_UNIT(LENGTH_MEASURE(2.E-07),#11676,
  'distance_accuracy_value','confusion accuracy');
#11680 = PRODUCT_RELATED_PRODUCT_CATEGORY('part',$,(#7));
ENDSEC;
END-ISO-10303-21;
